9.999934118241071701e-04 9.999932954087853432e-04
1.999939326196908951e-03 1.999941654503345490e-03
2.999818418174982071e-03 2.999827032908797264e-03
3.999589011073112488e-03 3.999609500169754028e-03
4.999228753149509430e-03 4.999268334358930588e-03
5.998711567372083664e-03 5.998779553920030594e-03
6.998002529144287109e-03 6.998109165579080582e-03
7.997076958417892456e-03 7.997234351933002472e-03
8.995905518531799316e-03 8.996127173304557800e-03
9.994463063776493073e-03 9.994763880968093872e-03
1.099272072315216064e-02 1.099311746656894684e-02
1.199065241962671280e-02 1.199116185307502747e-02
1.298823300749063492e-02 1.298887562006711960e-02
1.398543640971183777e-02 1.398623269051313400e-02
1.498223934322595596e-02 1.498321164399385452e-02
1.597861759364604950e-02 1.597978919744491577e-02
1.697454974055290222e-02 1.697594486176967621e-02
1.797001063823699951e-02 1.797165721654891968e-02
1.896497979760169983e-02 1.896690391004085541e-02
1.995943486690521240e-02 1.996166631579399109e-02
2.095335908234119415e-02 2.095592580735683441e-02
2.194673009216785431e-02 2.194966375827789307e-02
2.293953113257884979e-02 2.294286340475082397e-02
2.393174357712268829e-02 2.393550798296928406e-02
2.492335066199302673e-02 2.492758259177207947e-02
2.591433748602867126e-02 2.591907046735286713e-02
2.690468728542327881e-02 2.690995857119560242e-02
2.789438515901565552e-02 2.790023013949394226e-02
2.888341806828975677e-02 2.888987585902214050e-02
2.987177297472953796e-02 2.987888082861900330e-02
3.085943683981895447e-02 3.086723387241363525e-02
3.184639662504196167e-02 3.185492381453514099e-02
3.283264115452766418e-02 3.284193947911262512e-02
3.381815925240516663e-02 3.382826969027519226e-02
3.480294346809387207e-02 3.481390699744224548e-02
3.578698262572288513e-02 3.579884022474288940e-02
3.677026554942131042e-02 3.678306192159652710e-02
3.775278478860855103e-02 3.776656463742256165e-02
3.873453661799430847e-02 3.874934092164039612e-02
3.971550986170768738e-02 3.973138332366943359e-02
4.069569706916809082e-02 4.071268811821937561e-02
4.167509078979492188e-02 4.169324412941932678e-02
4.265368729829788208e-02 4.267305135726928711e-02
4.363147914409637451e-02 4.365209862589836121e-02
4.460846260190010071e-02 4.463038593530654907e-02
4.558463022112846375e-02 4.560790583491325378e-02
4.655997827649116516e-02 4.658465087413787842e-02
4.753450304269790649e-02 4.756062105298042297e-02
4.850820079445838928e-02 4.853581264615058899e-02
4.948106408119201660e-02 4.951021820306777954e-02
5.045309290289878845e-02 5.048383772373199463e-02
5.142428353428840637e-02 5.145666748285293579e-02
5.239463225007057190e-02 5.242870375514030457e-02
5.336413532495498657e-02 5.339994654059410095e-02
5.433278903365135193e-02 5.437038838863372803e-02
5.530058965086936951e-02 5.534002929925918579e-02
5.626753717660903931e-02 5.630886927247047424e-02
5.723363161087036133e-02 5.727690458297729492e-02
5.819886550307273865e-02 5.824413150548934937e-02
5.916323885321617126e-02 5.921055004000663757e-02
6.012675166130065918e-02 6.017615646123886108e-02
6.108940020203590393e-02 6.114095076918601990e-02
6.205118075013160706e-02 6.210492923855781555e-02
6.301209330558776855e-02 6.306809186935424805e-02
6.397213786840438843e-02 6.403043866157531738e-02
6.493131071329116821e-02 6.499196588993072510e-02
6.588961184024810791e-02 6.595267355442047119e-02
6.684704124927520752e-02 6.691256165504455566e-02
6.780359894037246704e-02 6.787163019180297852e-02
6.875927746295928955e-02 6.882987171411514282e-02
6.971407681703567505e-02 6.978729367256164551e-02
7.066800445318222046e-02 7.074388861656188965e-02
7.162105292081832886e-02 7.169965654611587524e-02
7.257322221994400024e-02 7.265459746122360229e-02
7.352450489997863770e-02 7.360871136188507080e-02
7.447490841150283813e-02 7.456199824810028076e-02
7.542443275451660156e-02 7.551445811986923218e-02
7.637307047843933105e-02 7.646609097719192505e-02
7.732082903385162354e-02 7.741689682006835938e-02
7.826770097017288208e-02 7.836686819791793823e-02
7.921368628740310669e-02 7.931601256132125854e-02
8.015878498554229736e-02 8.026432245969772339e-02
8.110299706459045410e-02 8.121179789304733276e-02
8.204632252454757690e-02 8.215844631195068359e-02
8.298876136541366577e-02 8.310426026582717896e-02
8.393030613660812378e-02 8.404923975467681885e-02
8.487096428871154785e-02 8.499338477849960327e-02
8.581072837114334106e-02 8.593669533729553223e-02
8.674960583448410034e-02 8.687917143106460571e-02
8.768758922815322876e-02 8.782081305980682373e-02
8.862467855215072632e-02 8.876161277294158936e-02
8.956088125705718994e-02 8.970157802104949951e-02
9.049618989229202271e-02 9.064070880413055420e-02
9.143060445785522461e-02 9.157899767160415649e-02
9.236412495374679565e-02 9.251645207405090332e-02
9.329675137996673584e-02 9.345306456089019775e-02
9.422848373651504517e-02 9.438884258270263672e-02
9.515931457281112671e-02 9.532377868890762329e-02
9.608925133943557739e-02 9.625788033008575439e-02
9.701829403638839722e-02 9.719114005565643311e-02
9.794643521308898926e-02 9.812355786561965942e-02
9.887368232011795044e-02 9.905513375997543335e-02
9.980002790689468384e-02 9.998586773872375488e-02
1.007254719734191895e-01 1.009157598018646240e-01
1.016500219702720642e-01 1.018448173999786377e-01
1.025736704468727112e-01 1.027730330824851990e-01
1.034964174032211304e-01 1.037003993988037109e-01
1.044182628393173218e-01 1.046269237995147705e-01
1.053392067551612854e-01 1.055526062846183777e-01
1.062592491507530212e-01 1.064774468541145325e-01
1.071783900260925293e-01 1.074014455080032349e-01
1.080966293811798096e-01 1.083245947957038879e-01
1.090139672160148621e-01 1.092469021677970886e-01
1.099303960800170898e-01 1.101683676242828369e-01
1.108459234237670898e-01 1.110889837145805359e-01
1.117605492472648621e-01 1.120087578892707825e-01
1.126742660999298096e-01 1.129276826977729797e-01
1.135870739817619324e-01 1.138457655906677246e-01
1.144989803433418274e-01 1.147629991173744202e-01
1.154099777340888977e-01 1.156793832778930664e-01
1.163200661540031433e-01 1.165949255228042603e-01
1.172292530536651611e-01 1.175096184015274048e-01
1.181375309824943542e-01 1.184234619140625000e-01
1.190448999404907227e-01 1.193364560604095459e-01
1.199513599276542664e-01 1.202486008405685425e-01
1.208569109439849854e-01 1.211598962545394897e-01
1.217615455389022827e-01 1.220703423023223877e-01
1.226652711629867554e-01 1.229799389839172363e-01
1.235680878162384033e-01 1.238886862993240356e-01
1.244699954986572266e-01 1.247965842485427856e-01
1.253709942102432251e-01 1.257036328315734863e-01
1.262710690498352051e-01 1.266098320484161377e-01
1.271702349185943604e-01 1.275151818990707397e-01
1.280684918165206909e-01 1.284196674823760986e-01
1.289658397436141968e-01 1.293233036994934082e-01
1.298622637987136841e-01 1.302260905504226685e-01
1.307577788829803467e-01 1.311280280351638794e-01
1.316523700952529907e-01 1.320291161537170410e-01
1.325460523366928101e-01 1.329293400049209595e-01
1.334388107061386108e-01 1.338287144899368286e-01
1.343306601047515869e-01 1.347272396087646484e-01
1.352215856313705444e-01 1.356249004602432251e-01
1.361116021871566772e-01 1.365217119455337524e-01
1.370006948709487915e-01 1.374176740646362305e-01
1.378888785839080811e-01 1.383127719163894653e-01
1.387761384248733521e-01 1.392070204019546509e-01
1.396624743938446045e-01 1.401004046201705933e-01
1.405479013919830322e-01 1.409929394721984863e-01
1.414324045181274414e-01 1.418846249580383301e-01
1.423159837722778320e-01 1.427754461765289307e-01
1.431986391544342041e-01 1.436654180288314819e-01
1.440803706645965576e-01 1.445545256137847900e-01
1.449611783027648926e-01 1.454427689313888550e-01
1.458410769701004028e-01 1.463301628828048706e-01
1.467200517654418945e-01 1.472166925668716431e-01
1.475981026887893677e-01 1.481023728847503662e-01
1.484752297401428223e-01 1.489871889352798462e-01
1.493514329195022583e-01 1.498711407184600830e-01
1.502267122268676758e-01 1.507542431354522705e-01
1.511010527610778809e-01 1.516364812850952148e-01
1.519744694232940674e-01 1.525178551673889160e-01
1.528469622135162354e-01 1.533983647823333740e-01
1.537185311317443848e-01 1.542780250310897827e-01
1.545891761779785156e-01 1.551568210124969482e-01
1.554588973522186279e-01 1.560347527265548706e-01
1.563276797533035278e-01 1.569118201732635498e-01
1.571955382823944092e-01 1.577880233526229858e-01
1.580624729394912720e-01 1.586633622646331787e-01
1.589284688234329224e-01 1.595378369092941284e-01
1.597935408353805542e-01 1.604114621877670288e-01
1.606576740741729736e-01 1.612842231988906860e-01
1.615208834409713745e-01 1.621561199426651001e-01
1.623831689357757568e-01 1.630271524190902710e-01
1.632445156574249268e-01 1.638973206281661987e-01
1.641049385070800781e-01 1.647666245698928833e-01
1.649644225835800171e-01 1.656350642442703247e-01
1.658229678869247437e-01 1.665026247501373291e-01
1.666805893182754517e-01 1.673693209886550903e-01
1.675372719764709473e-01 1.682351529598236084e-01
1.683930158615112305e-01 1.691001206636428833e-01
1.692478358745574951e-01 1.699642241001129150e-01
1.701017171144485474e-01 1.708274632692337036e-01
1.709546595811843872e-01 1.716898381710052490e-01
1.718066632747650146e-01 1.725513339042663574e-01
1.726577281951904297e-01 1.734119653701782227e-01
1.735078692436218262e-01 1.742717325687408447e-01
1.743570715188980103e-01 1.751306354999542236e-01
1.752053350210189819e-01 1.759886592626571655e-01
1.760526597499847412e-01 1.768458187580108643e-01
1.768990457057952881e-01 1.777021139860153198e-01
1.777444928884506226e-01 1.785575449466705322e-01
1.785890012979507446e-01 1.794120967388153076e-01
1.794325709342956543e-01 1.802657842636108398e-01
1.802752017974853516e-01 1.811185926198959351e-01
1.811168938875198364e-01 1.819705367088317871e-01
1.819576323032379150e-01 1.828216165304183960e-01
1.827974319458007812e-01 1.836718171834945679e-01
1.836362928152084351e-01 1.845211535692214966e-01
1.844742149114608765e-01 1.853696107864379883e-01
1.853111833333969116e-01 1.862172037363052368e-01
1.861472129821777344e-01 1.870639175176620483e-01
1.869823038578033447e-01 1.879097670316696167e-01
1.878164410591125488e-01 1.887547373771667480e-01
1.886496394872665405e-01 1.895988285541534424e-01
1.894818991422653198e-01 1.904420554637908936e-01
1.903132051229476929e-01 1.912844032049179077e-01
1.911435723304748535e-01 1.921258717775344849e-01
1.919729858636856079e-01 1.929664760828018188e-01
1.928014606237411499e-01 1.938062012195587158e-01
1.936289817094802856e-01 1.946450471878051758e-01
1.944555640220642090e-01 1.954830288887023926e-01
1.952811926603317261e-01 1.963201314210891724e-01
1.961058676242828369e-01 1.971563547849655151e-01
1.969296038150787354e-01 1.979917138814926147e-01
1.977523863315582275e-01 1.988261938095092773e-01
1.985742151737213135e-01 1.996597945690155029e-01
1.993951052427291870e-01 2.004925161600112915e-01
2.002150416374206543e-01 2.013243585824966431e-01
2.010340243577957153e-01 2.021553218364715576e-01
2.018520534038543701e-01 2.029854208230972290e-01
2.026691287755966187e-01 2.038146406412124634e-01
2.034852504730224609e-01 2.046429812908172607e-01
2.043004333972930908e-01 2.054704427719116211e-01
2.051146626472473145e-01 2.062970250844955444e-01
2.059279382228851318e-01 2.071227282285690308e-01
2.067402601242065430e-01 2.079475522041320801e-01
2.075516283512115479e-01 2.087714970111846924e-01
2.083620429039001465e-01 2.095945626497268677e-01
2.091714888811111450e-01 2.104167491197586060e-01
2.099799811840057373e-01 2.112380564212799072e-01
2.107875198125839233e-01 2.120584845542907715e-01
2.115941047668457031e-01 2.128780335187911987e-01
2.123997360467910767e-01 2.136967033147811890e-01
2.132044136524200439e-01 2.145144939422607422e-01
2.140081375837326050e-01 2.153313905000686646e-01
2.148108929395675659e-01 2.161474078893661499e-01
2.156126946210861206e-01 2.169625461101531982e-01
2.164135426282882690e-01 2.177768051624298096e-01
2.172134220600128174e-01 2.185901850461959839e-01
2.180123478174209595e-01 2.194026857614517212e-01
2.188103199005126953e-01 2.202142924070358276e-01
2.196073234081268311e-01 2.210250198841094971e-01
2.204033732414245605e-01 2.218348681926727295e-01
2.211984544992446899e-01 2.226438373327255249e-01
2.219925820827484131e-01 2.234519124031066895e-01
2.227857410907745361e-01 2.242591083049774170e-01
2.235779464244842529e-01 2.250654250383377075e-01
2.243691831827163696e-01 2.258708477020263672e-01
2.251594662666320801e-01 2.266753911972045898e-01
2.259487807750701904e-01 2.274790555238723755e-01
2.267371267080307007e-01 2.282818257808685303e-01
2.275245189666748047e-01 2.290837168693542480e-01
2.283109426498413086e-01 2.298847287893295288e-01
2.290963977575302124e-01 2.306848466396331787e-01
2.298808842897415161e-01 2.314840853214263916e-01
2.306644171476364136e-01 2.322824299335479736e-01
2.314469814300537109e-01 2.330798953771591187e-01
2.322285771369934082e-01 2.338764667510986328e-01
2.330092042684555054e-01 2.346721589565277100e-01
2.337888628244400024e-01 2.354669570922851562e-01
2.345675677061080933e-01 2.362608760595321655e-01
2.353453040122985840e-01 2.370539009571075439e-01
2.361220717430114746e-01 2.378460466861724854e-01
2.368978708982467651e-01 2.386372983455657959e-01
2.376727014780044556e-01 2.394276708364486694e-01
2.384465634822845459e-01 2.402171492576599121e-01
2.392194569110870361e-01 2.410057336091995239e-01
2.399913817644119263e-01 2.417934387922286987e-01
2.407623380422592163e-01 2.425802499055862427e-01
2.415323108434677124e-01 2.433661818504333496e-01
2.423013150691986084e-01 2.441512197256088257e-01
2.430693507194519043e-01 2.449353635311126709e-01
2.438364177942276001e-01 2.457186281681060791e-01
2.446025162935256958e-01 2.465009987354278564e-01
2.453676462173461914e-01 2.472824752330780029e-01
2.461317926645278931e-01 2.480630576610565186e-01
2.468949705362319946e-01 2.488427609205245972e-01
2.476571798324584961e-01 2.496215701103210449e-01
2.484184056520462036e-01 2.503995001316070557e-01
2.491786628961563110e-01 2.511765360832214355e-01
2.499379515647888184e-01 2.519526779651641846e-01
2.506962716579437256e-01 2.527279257774353027e-01
2.514536082744598389e-01 2.535022795200347900e-01
2.522099614143371582e-01 2.542757391929626465e-01
2.529653608798980713e-01 2.550483047962188721e-01
2.537197768688201904e-01 2.558199763298034668e-01
2.544732093811035156e-01 2.565907537937164307e-01
2.552256584167480469e-01 2.573606371879577637e-01
2.559771537780761719e-01 2.581296265125274658e-01
2.567276656627655029e-01 2.588977217674255371e-01
2.574771940708160400e-01 2.596649527549743652e-01
2.582257390022277832e-01 2.604312896728515625e-01
2.589733004570007324e-01 2.611967325210571289e-01
2.597198784351348877e-01 2.619612812995910645e-01
2.604655027389526367e-01 2.627249360084533691e-01
2.612101435661315918e-01 2.634876966476440430e-01
2.619538009166717529e-01 2.642495632171630859e-01
2.626964747905731201e-01 2.650105357170104980e-01
2.634381651878356934e-01 2.657706141471862793e-01
2.641788721084594727e-01 2.665297985076904297e-01
2.649185955524444580e-01 2.672880887985229492e-01
2.656573653221130371e-01 2.680454850196838379e-01
2.663951516151428223e-01 2.688019871711730957e-01
2.671319544315338135e-01 2.695575952529907227e-01
2.678677737712860107e-01 2.703123092651367188e-01
2.686026096343994141e-01 2.710661292076110840e-01
2.693364620208740234e-01 2.718190550804138184e-01
2.700693309307098389e-01 2.725710868835449219e-01
2.708012163639068604e-01 2.733222246170043945e-01
2.715321183204650879e-01 2.740724384784698486e-01
2.722620368003845215e-01 2.748217582702636719e-01
2.729909718036651611e-01 2.755701839923858643e-01
2.737189233303070068e-01 2.763177156448364258e-01
2.744458913803100586e-01 2.770643532276153564e-01
2.751718759536743164e-01 2.778100967407226562e-01
2.758968770503997803e-01 2.785549461841583252e-01
2.766208946704864502e-01 2.792989015579223633e-01
2.773439288139343262e-01 2.800419628620147705e-01
2.780659794807434082e-01 2.807841300964355469e-01
2.787870168685913086e-01 2.815254032611846924e-01
2.795070707798004150e-01 2.822657823562622070e-01
2.802261412143707275e-01 2.830052673816680908e-01
2.809442281723022461e-01 2.837438285350799561e-01
2.816613316535949707e-01 2.844814956188201904e-01
2.823774516582489014e-01 2.852182686328887939e-01
2.830925881862640381e-01 2.859541475772857666e-01
2.838067412376403809e-01 2.866891324520111084e-01
2.845198810100555420e-01 2.874232232570648193e-01
2.852320373058319092e-01 2.881564199924468994e-01
2.859432101249694824e-01 2.888887226581573486e-01
2.866533994674682617e-01 2.896201014518737793e-01
2.873626053333282471e-01 2.903505861759185791e-01
2.880707979202270508e-01 2.910801768302917480e-01
2.887780070304870605e-01 2.918088734149932861e-01
2.894842326641082764e-01 2.925366759300231934e-01
2.901894748210906982e-01 2.932635843753814697e-01
2.908937335014343262e-01 2.939895987510681152e-01
2.915969789028167725e-01 2.947146892547607422e-01
2.922992408275604248e-01 2.954388856887817383e-01
2.930005192756652832e-01 2.961621880531311035e-01
2.937008142471313477e-01 2.968845963478088379e-01
2.944000959396362305e-01 2.976061105728149414e-01
2.950983941555023193e-01 2.983267009258270264e-01
2.957957088947296143e-01 2.990463972091674805e-01
2.964920103549957275e-01 2.997651994228363037e-01
2.971873283386230469e-01 3.004831075668334961e-01
2.978816628456115723e-01 3.012001216411590576e-01
2.985749840736389160e-01 3.019162416458129883e-01
2.992673218250274658e-01 3.026314377784729004e-01
2.999586760997772217e-01 3.033457398414611816e-01
3.006490170955657959e-01 3.040591478347778320e-01
3.013383746147155762e-01 3.047716617584228516e-01
3.020267486572265625e-01 3.054832816123962402e-01
3.027141094207763672e-01 3.061939775943756104e-01
3.034004867076873779e-01 3.069037795066833496e-01
3.040858507156372070e-01 3.076126873493194580e-01
3.047702312469482422e-01 3.083207011222839355e-01
3.054536283016204834e-01 3.090278208255767822e-01
3.061360120773315430e-01 3.097340166568756104e-01
3.068174123764038086e-01 3.104393184185028076e-01
3.074977993965148926e-01 3.111437261104583740e-01
3.081772029399871826e-01 3.118472397327423096e-01
3.088556230068206787e-01 3.125498294830322266e-01
3.095330297946929932e-01 3.132515251636505127e-01
3.102094531059265137e-01 3.139523267745971680e-01
3.108848631381988525e-01 3.146522343158721924e-01
3.115592896938323975e-01 3.153512477874755859e-01
3.122327029705047607e-01 3.160493373870849609e-01
3.129051327705383301e-01 3.167465329170227051e-01
3.135765492916107178e-01 3.174428343772888184e-01
3.142469823360443115e-01 3.181382417678833008e-01
3.149164021015167236e-01 3.188327252864837646e-01
3.155848383903503418e-01 3.195263147354125977e-01
3.162522614002227783e-01 3.202190101146697998e-01
3.169187009334564209e-01 3.209108114242553711e-01
3.175841271877288818e-01 3.216016888618469238e-01
3.182485699653625488e-01 3.222916722297668457e-01
3.189119994640350342e-01 3.229807615280151367e-01
3.195744454860687256e-01 3.236689567565917969e-01
3.202358782291412354e-01 3.243562281131744385e-01
3.208962976932525635e-01 3.250426054000854492e-01
3.215557336807250977e-01 3.257280886173248291e-01
3.222141563892364502e-01 3.264126777648925781e-01
3.228715956211090088e-01 3.270963430404663086e-01
3.235280215740203857e-01 3.277791142463684082e-01
3.241834640502929688e-01 3.284609913825988770e-01
3.248378932476043701e-01 3.291419744491577148e-01
3.254913091659545898e-01 3.298220336437225342e-01
3.261437416076660156e-01 3.305011987686157227e-01
3.267951607704162598e-01 3.311794698238372803e-01
3.274455964565277100e-01 3.318568468093872070e-01
3.280950188636779785e-01 3.325332999229431152e-01
3.287434279918670654e-01 3.332088589668273926e-01
3.293908536434173584e-01 3.338835239410400391e-01
3.300372660160064697e-01 3.345572948455810547e-01
3.306826651096343994e-01 3.352301418781280518e-01
3.313270807266235352e-01 3.359020948410034180e-01
3.319704830646514893e-01 3.365731537342071533e-01
3.326129019260406494e-01 3.372433185577392578e-01
3.332543075084686279e-01 3.379125893115997314e-01
3.338946998119354248e-01 3.385809361934661865e-01
3.345341086387634277e-01 3.392483890056610107e-01
3.351725041866302490e-01 3.399149477481842041e-01
3.358098864555358887e-01 3.405806124210357666e-01
3.364462852478027344e-01 3.412453532218933105e-01
3.370816707611083984e-01 3.419091999530792236e-01
3.377160429954528809e-01 3.425721526145935059e-01
3.383494019508361816e-01 3.432342112064361572e-01
3.389817774295806885e-01 3.438953459262847900e-01
3.396131396293640137e-01 3.445555865764617920e-01
3.402434885501861572e-01 3.452149331569671631e-01
3.408728539943695068e-01 3.458733856678009033e-01
3.415012061595916748e-01 3.465309143066406250e-01
3.421285450458526611e-01 3.471875488758087158e-01
3.427549004554748535e-01 3.478432893753051758e-01
3.433802425861358643e-01 3.484981358051300049e-01
3.440045714378356934e-01 3.491520881652832031e-01
3.446278870105743408e-01 3.498051166534423828e-01
3.452502191066741943e-01 3.504572510719299316e-01
3.458715379238128662e-01 3.511084914207458496e-01
3.464918434619903564e-01 3.517588376998901367e-01
3.471111357212066650e-01 3.524082601070404053e-01
3.477294445037841797e-01 3.530567884445190430e-01
3.483467400074005127e-01 3.537044227123260498e-01
3.489630222320556641e-01 3.543511629104614258e-01
3.495783209800720215e-01 3.549970090389251709e-01
3.501926064491271973e-01 3.556419312953948975e-01
3.508058786392211914e-01 3.562859594821929932e-01
3.514181375503540039e-01 3.569290935993194580e-01
3.520294129848480225e-01 3.575713336467742920e-01
3.526396751403808594e-01 3.582126796245574951e-01
3.532489240169525146e-01 3.588531017303466797e-01
3.538571596145629883e-01 3.594926297664642334e-01
3.544643819332122803e-01 3.601312637329101562e-01
3.550706207752227783e-01 3.607690036296844482e-01
3.556758463382720947e-01 3.614058494567871094e-01
3.562800586223602295e-01 3.620418012142181396e-01
3.568832576274871826e-01 3.626768290996551514e-01
3.574854731559753418e-01 3.633109629154205322e-01
3.580866754055023193e-01 3.639442026615142822e-01
3.586868643760681152e-01 3.645765483379364014e-01
3.592860400676727295e-01 3.652079999446868896e-01
3.598842322826385498e-01 3.658385574817657471e-01
3.604814112186431885e-01 3.664681911468505859e-01
3.610775768756866455e-01 3.670969307422637939e-01
3.616727292537689209e-01 3.677247762680053711e-01
3.622668683528900146e-01 3.683517277240753174e-01
3.628600239753723145e-01 3.689777851104736328e-01
3.634521663188934326e-01 3.696029484272003174e-01
3.640432953834533691e-01 3.702272176742553711e-01
3.646334111690521240e-01 3.708505630493164062e-01
3.652225136756896973e-01 3.714730143547058105e-01
3.658106327056884766e-01 3.720945715904235840e-01
3.663977384567260742e-01 3.727152347564697266e-01
3.669838309288024902e-01 3.733350038528442383e-01
3.675689101219177246e-01 3.739538788795471191e-01
3.681530058383941650e-01 3.745718598365783691e-01
3.687360882759094238e-01 3.751889467239379883e-01
3.693181574344635010e-01 3.758051395416259766e-01
3.698992133140563965e-01 3.764204382896423340e-01
3.704792559146881104e-01 3.770348429679870605e-01
3.710583150386810303e-01 3.776483237743377686e-01
3.716363608837127686e-01 3.782609105110168457e-01
3.722133934497833252e-01 3.788726031780242920e-01
3.727894127368927002e-01 3.794834017753601074e-01
3.733644187450408936e-01 3.800933063030242920e-01
3.739384412765502930e-01 3.807023167610168457e-01
3.745114505290985107e-01 3.813104331493377686e-01
3.750834465026855469e-01 3.819176554679870605e-01
3.756544291973114014e-01 3.825239837169647217e-01
3.762244284152984619e-01 3.831294178962707520e-01
3.767934143543243408e-01 3.837339580059051514e-01
3.773613870143890381e-01 3.843376040458679199e-01
3.779283463954925537e-01 3.849403560161590576e-01
3.784942924976348877e-01 3.855422139167785645e-01
3.790592551231384277e-01 3.861431777477264404e-01
3.796232044696807861e-01 3.867432475090026855e-01
3.801861405372619629e-01 3.873424232006072998e-01
3.807480633258819580e-01 3.879407048225402832e-01
3.813090026378631592e-01 3.885380923748016357e-01
3.818689286708831787e-01 3.891345858573913574e-01
3.824278414249420166e-01 3.897301852703094482e-01
3.829857409000396729e-01 3.903248906135559082e-01
3.835426568984985352e-01 3.909187018871307373e-01
3.840985596179962158e-01 3.915116190910339355e-01
3.846534490585327148e-01 3.921036422252655029e-01
3.852073252201080322e-01 3.926948010921478271e-01
3.857602179050445557e-01 3.932850658893585205e-01
3.863120973110198975e-01 3.938744366168975830e-01
3.868629634380340576e-01 3.944629132747650146e-01
3.874128162860870361e-01 3.950504958629608154e-01
3.879616856575012207e-01 3.956371843814849854e-01
3.885095417499542236e-01 3.962229788303375244e-01
3.890563845634460449e-01 3.968078792095184326e-01
3.896022140979766846e-01 3.973918855190277100e-01
3.901470601558685303e-01 3.979750275611877441e-01
3.906908929347991943e-01 3.985572755336761475e-01
3.912337124347686768e-01 3.991386294364929199e-01
3.917755186557769775e-01 3.997190892696380615e-01
3.923163414001464844e-01 4.002986550331115723e-01
3.928561508655548096e-01 4.008773267269134521e-01
3.933949470520019531e-01 4.014551341533660889e-01
3.939327597618103027e-01 4.020320475101470947e-01
3.944695591926574707e-01 4.026080667972564697e-01
3.950053453445434570e-01 4.031831920146942139e-01
3.955401480197906494e-01 4.037574529647827148e-01
3.960739374160766602e-01 4.043308198451995850e-01
3.966067135334014893e-01 4.049032926559448242e-01
3.971384763717651367e-01 4.054748713970184326e-01
3.976692557334899902e-01 4.060455858707427979e-01
3.981990218162536621e-01 4.066154062747955322e-01
3.987277746200561523e-01 4.071843326091766357e-01
3.992555439472198486e-01 4.077523648738861084e-01
3.997822999954223633e-01 4.083195328712463379e-01
4.003080427646636963e-01 4.088858067989349365e-01
4.008328020572662354e-01 4.094511866569519043e-01
4.013565480709075928e-01 4.100157022476196289e-01
4.018793106079101562e-01 4.105793237686157227e-01
4.024010598659515381e-01 4.111420512199401855e-01
4.029217958450317383e-01 4.117039144039154053e-01
4.034415483474731445e-01 4.122648835182189941e-01
4.039602875709533691e-01 4.128249585628509521e-01
4.044780135154724121e-01 4.133841693401336670e-01
4.049947559833526611e-01 4.139424860477447510e-01
4.055104851722717285e-01 4.144999384880065918e-01
4.060252308845520020e-01 4.150564968585968018e-01
4.065389633178710938e-01 4.156121611595153809e-01
4.070517122745513916e-01 4.161669611930847168e-01
4.075634479522705078e-01 4.167208671569824219e-01
4.080741703510284424e-01 4.172739088535308838e-01
4.085839092731475830e-01 4.178260564804077148e-01
4.090926349163055420e-01 4.183773398399353027e-01
4.096003770828247070e-01 4.189277291297912598e-01
4.101071059703826904e-01 4.194772541522979736e-01
4.106128513813018799e-01 4.200258851051330566e-01
4.111175835132598877e-01 4.205736517906188965e-01
4.116213321685791016e-01 4.211205244064331055e-01
4.121240675449371338e-01 4.216665327548980713e-01
4.126258194446563721e-01 4.222116470336914062e-01
4.131265580654144287e-01 4.227558970451354980e-01
4.136263132095336914e-01 4.232992529869079590e-01
4.141250550746917725e-01 4.238417446613311768e-01
4.146228134632110596e-01 4.243833720684051514e-01
4.151195585727691650e-01 4.249241054058074951e-01
4.156153202056884766e-01 4.254639744758605957e-01
4.161100685596466064e-01 4.260029792785644531e-01
4.166038334369659424e-01 4.265410900115966797e-01
4.170965850353240967e-01 4.270783364772796631e-01
4.175883531570434570e-01 4.276146888732910156e-01
4.180791079998016357e-01 4.281501770019531250e-01
4.185688793659210205e-01 4.286848008632659912e-01
4.190576672554016113e-01 4.292185604572296143e-01
4.195454418659210205e-01 4.297514259815216064e-01
4.200322329998016357e-01 4.302834272384643555e-01
4.205180406570434570e-01 4.308145642280578613e-01
4.210028350353240967e-01 4.313448071479797363e-01
4.214866459369659424e-01 4.318741858005523682e-01
4.219694435596466064e-01 4.324027001857757568e-01
4.224512577056884766e-01 4.329303503036499023e-01
4.229320883750915527e-01 4.334571361541748047e-01
4.234119057655334473e-01 4.339830279350280762e-01
4.238907396793365479e-01 4.345080554485321045e-01
4.243685901165008545e-01 4.350322186946868896e-01
4.248454570770263672e-01 4.355555176734924316e-01
4.253213107585906982e-01 4.360779523849487305e-01
4.257961809635162354e-01 4.365995228290557861e-01
4.262700676918029785e-01 4.371202290058135986e-01
4.267429411411285400e-01 4.376400709152221680e-01
4.272148311138153076e-01 4.381590187549591064e-01
4.276857376098632812e-01 4.386771023273468018e-01
4.281556606292724609e-01 4.391943216323852539e-01
4.286245703697204590e-01 4.397106766700744629e-01
4.290924966335296631e-01 4.402261674404144287e-01
4.295594394207000732e-01 4.407407939434051514e-01
4.300253987312316895e-01 4.412545561790466309e-01
4.304903745651245117e-01 4.417674541473388672e-01
4.309543669223785400e-01 4.422794878482818604e-01
4.314173460006713867e-01 4.427906572818756104e-01
4.318793416023254395e-01 4.433009624481201172e-01
4.323403537273406982e-01 4.438104331493377686e-01
4.328003823757171631e-01 4.443190395832061768e-01
4.332594275474548340e-01 4.448267817497253418e-01
4.337174892425537109e-01 4.453336596488952637e-01
4.341745674610137939e-01 4.458396732807159424e-01
4.346306622028350830e-01 4.463448226451873779e-01
4.350857734680175781e-01 4.468491077423095703e-01
4.355399012565612793e-01 4.473525583744049072e-01
4.359930157661437988e-01 4.478551447391510010e-01
4.364451467990875244e-01 4.483568668365478516e-01
4.368962943553924561e-01 4.488577246665954590e-01
4.373464584350585938e-01 4.493577182292938232e-01
4.377956390380859375e-01 4.498568773269653320e-01
4.382438361644744873e-01 4.503551721572875977e-01
4.386910498142242432e-01 4.508526027202606201e-01
4.391373097896575928e-01 4.513491988182067871e-01
4.395825862884521484e-01 4.518449306488037109e-01
4.400268793106079102e-01 4.523397982120513916e-01
4.404701888561248779e-01 4.528338313102722168e-01
4.409125149250030518e-01 4.533270001411437988e-01
4.413538575172424316e-01 4.538193047046661377e-01
4.417942166328430176e-01 4.543107748031616211e-01
4.422335922718048096e-01 4.548013806343078613e-01
4.426719844341278076e-01 4.552911520004272461e-01
4.431093931198120117e-01 4.557800590991973877e-01
4.435458481311798096e-01 4.562681317329406738e-01
4.439813196659088135e-01 4.567553400993347168e-01
4.444158077239990234e-01 4.572417140007019043e-01
4.448493123054504395e-01 4.577272236347198486e-01
4.452818632125854492e-01 4.582118988037109375e-01
4.457134306430816650e-01 4.586957097053527832e-01
4.461440145969390869e-01 4.591786861419677734e-01
4.465736150741577148e-01 4.596607983112335205e-01
4.470022618770599365e-01 4.601420760154724121e-01
4.474299252033233643e-01 4.606225192546844482e-01
4.478566050529479980e-01 4.611020982265472412e-01
4.482823312282562256e-01 4.615808427333831787e-01
4.487070739269256592e-01 4.620587527751922607e-01
4.491308331489562988e-01 4.625357985496520996e-01
4.495536386966705322e-01 4.630120098590850830e-01
4.499754607677459717e-01 4.634873867034912109e-01
4.503962993621826172e-01 4.639618992805480957e-01
4.508161842823028564e-01 4.644355773925781250e-01
4.512350857257843018e-01 4.649084210395812988e-01
4.516530334949493408e-01 4.653804302215576172e-01
4.520699977874755859e-01 4.658516049385070801e-01
4.524860084056854248e-01 4.663219153881072998e-01
4.529010355472564697e-01 4.667913913726806641e-01
4.533151090145111084e-01 4.672600328922271729e-01
4.537281990051269531e-01 4.677278399467468262e-01
4.541403353214263916e-01 4.681948125362396240e-01
4.545514881610870361e-01 4.686609506607055664e-01
4.549616873264312744e-01 4.691262543201446533e-01
4.553709030151367188e-01 4.695907235145568848e-01
4.557791650295257568e-01 4.700543582439422607e-01
4.561864733695983887e-01 4.705171585083007812e-01
4.565927982330322266e-01 4.709791243076324463e-01
4.569981694221496582e-01 4.714402556419372559e-01
4.574025869369506836e-01 4.719005525112152100e-01
4.578060209751129150e-01 4.723600149154663086e-01
4.582085013389587402e-01 4.728186428546905518e-01
4.586100280284881592e-01 4.732764363288879395e-01
4.590106010437011719e-01 4.737333953380584717e-01
4.594101905822753906e-01 4.741895496845245361e-01
4.598088264465332031e-01 4.746448695659637451e-01
4.602065086364746094e-01 4.750993549823760986e-01
4.606032371520996094e-01 4.755530059337615967e-01
4.609990119934082031e-01 4.760058224201202393e-01
4.613938033580780029e-01 4.764578342437744141e-01
4.617876410484313965e-01 4.769090116024017334e-01
4.621805250644683838e-01 4.773593544960021973e-01
4.625724554061889648e-01 4.778088927268981934e-01
4.629634320735931396e-01 4.782575964927673340e-01
4.633534550666809082e-01 4.787054657936096191e-01
4.637425243854522705e-01 4.791525304317474365e-01
4.641306400299072266e-01 4.795987606048583984e-01
4.645178020000457764e-01 4.800441563129425049e-01
4.649040102958679199e-01 4.804887473583221436e-01
4.652892649173736572e-01 4.809325039386749268e-01
4.656735658645629883e-01 4.813754558563232422e-01
4.660569131374359131e-01 4.818175733089447021e-01
4.664393067359924316e-01 4.822588860988616943e-01
4.668207466602325439e-01 4.826993644237518311e-01
4.672012329101562500e-01 4.831390380859375000e-01
4.675807654857635498e-01 4.835779070854187012e-01
4.679593741893768311e-01 4.840159416198730469e-01
4.683370292186737061e-01 4.844531714916229248e-01
4.687137305736541748e-01 4.848895967006683350e-01
4.690894782543182373e-01 4.853251874446868896e-01
4.694642722606658936e-01 4.857599735260009766e-01
4.698381423950195312e-01 4.861939549446105957e-01
4.702110588550567627e-01 4.866271018981933594e-01
4.705830216407775879e-01 4.870594441890716553e-01
4.709540605545043945e-01 4.874909818172454834e-01
4.713241457939147949e-01 4.879217147827148438e-01
4.716932773590087891e-01 4.883516430854797363e-01
4.720614850521087646e-01 4.887807369232177734e-01
4.724287390708923340e-01 4.892090260982513428e-01
4.727950692176818848e-01 4.896365106105804443e-01
4.731604456901550293e-01 4.900631904602050781e-01
4.735248684883117676e-01 4.904890656471252441e-01
4.738883674144744873e-01 4.909141361713409424e-01
4.742509126663208008e-01 4.913384020328521729e-01
4.746125340461730957e-01 4.917618632316589355e-01
4.749732315540313721e-01 4.921845197677612305e-01
4.753329753875732422e-01 4.926063716411590576e-01
4.756917953491210938e-01 4.930274188518524170e-01
4.760496616363525391e-01 4.934476613998413086e-01
4.764066040515899658e-01 4.938671290874481201e-01
4.767626225948333740e-01 4.942857921123504639e-01
4.771176874637603760e-01 4.947036504745483398e-01
4.774718284606933594e-01 4.951207041740417480e-01
4.778250455856323242e-01 4.955369532108306885e-01
4.781773388385772705e-01 4.959524273872375488e-01
4.785286784172058105e-01 4.963670969009399414e-01
4.788790941238403320e-01 4.967809617519378662e-01
4.792285859584808350e-01 4.971940219402313232e-01
4.795771539211273193e-01 4.976063072681427002e-01
4.799247980117797852e-01 4.980177879333496094e-01
4.802714884281158447e-01 4.984284937381744385e-01
4.806172549724578857e-01 4.988383948802947998e-01
4.809620976448059082e-01 4.992474913597106934e-01
4.813060164451599121e-01 4.996558129787445068e-01
4.816490113735198975e-01 5.000633597373962402e-01
4.819910824298858643e-01 5.004701018333435059e-01
4.823322296142578125e-01 5.008760690689086914e-01
4.826724529266357422e-01 5.012812018394470215e-01
4.830117523670196533e-01 5.016855597496032715e-01
4.833501279354095459e-01 5.020891427993774414e-01
4.836876094341278076e-01 5.024919509887695312e-01
4.840241670608520508e-01 5.028939843177795410e-01
4.843598008155822754e-01 5.032952427864074707e-01
4.846945106983184814e-01 5.036956667900085449e-01
4.850282967090606689e-01 5.040953159332275391e-01
4.853611588478088379e-01 5.044941902160644531e-01
4.856931269168853760e-01 5.048922896385192871e-01
4.860241711139678955e-01 5.052896142005920410e-01
4.863542914390563965e-01 5.056861639022827148e-01
4.866835176944732666e-01 5.060819387435913086e-01
4.870118200778961182e-01 5.064769387245178223e-01
4.873391985893249512e-01 5.068711638450622559e-01
4.876656830310821533e-01 5.072646141052246094e-01
4.879912436008453369e-01 5.076572895050048828e-01
4.883159101009368896e-01 5.080491900444030762e-01
4.886396527290344238e-01 5.084403157234191895e-01
4.889625012874603271e-01 5.088306665420532227e-01
4.892844259738922119e-01 5.092202425003051758e-01
4.896054565906524658e-01 5.096090435981750488e-01
4.899255633354187012e-01 5.099970698356628418e-01
4.902447760105133057e-01 5.103843212127685547e-01
4.905630946159362793e-01 5.107707977294921875e-01
4.908804893493652344e-01 5.111564993858337402e-01
4.911969900131225586e-01 5.115414261817932129e-01
4.915125966072082520e-01 5.119255781173706055e-01
4.918272793292999268e-01 5.123090147972106934e-01
4.921410679817199707e-01 5.126916766166687012e-01
4.924539625644683838e-01 5.130735635757446289e-01
4.927659630775451660e-01 5.134546756744384766e-01
4.930770695209503174e-01 5.138350129127502441e-01
4.933872520923614502e-01 5.142145752906799316e-01
4.936965405941009521e-01 5.145934224128723145e-01
4.940049350261688232e-01 5.149714946746826172e-01
4.943124353885650635e-01 5.153487920761108398e-01
4.946190416812896729e-01 5.157253146171569824e-01
4.949247539043426514e-01 5.161011219024658203e-01
4.952295720577239990e-01 5.164761543273925781e-01
4.955334961414337158e-01 5.168504118919372559e-01
4.958365261554718018e-01 5.172239542007446289e-01
4.961386620998382568e-01 5.175967216491699219e-01
4.964399039745330811e-01 5.179687142372131348e-01
4.967402815818786621e-01 5.183399915695190430e-01
4.970397651195526123e-01 5.187104940414428711e-01
4.973383545875549316e-01 5.190802216529846191e-01
4.976360499858856201e-01 5.194492340087890625e-01
4.979328811168670654e-01 5.198174715042114258e-01
4.982288181781768799e-01 5.201849937438964844e-01
4.985238611698150635e-01 5.205517411231994629e-01
4.988180398941040039e-01 5.209177732467651367e-01
4.991113245487213135e-01 5.212830305099487305e-01
4.994037151336669922e-01 5.216475129127502441e-01
4.996952414512634277e-01 5.220112800598144531e-01
4.999858736991882324e-01 5.223742723464965820e-01
5.002756118774414062e-01 5.227365493774414062e-01
5.005645155906677246e-01 5.230981111526489258e-01
5.008525252342224121e-01 5.234588980674743652e-01
5.011396408081054688e-01 5.238189697265625000e-01
5.014258623123168945e-01 5.241782665252685547e-01
5.017112493515014648e-01 5.245368480682373047e-01
5.019957423210144043e-01 5.248946547508239746e-01
5.022793412208557129e-01 5.252517461776733398e-01
5.025621056556701660e-01 5.256081223487854004e-01
5.028439760208129883e-01 5.259637236595153809e-01
5.031250119209289551e-01 5.263186097145080566e-01
5.034051537513732910e-01 5.266727805137634277e-01
5.036844015121459961e-01 5.270261764526367188e-01
5.039628148078918457e-01 5.273788571357727051e-01
5.042403340339660645e-01 5.277308225631713867e-01
5.045170187950134277e-01 5.280820727348327637e-01
5.047928094863891602e-01 5.284325480461120605e-01
5.050677657127380371e-01 5.287823081016540527e-01
5.053418278694152832e-01 5.291313529014587402e-01
5.056150555610656738e-01 5.294796824455261230e-01
5.058873891830444336e-01 5.298272967338562012e-01
5.061588883399963379e-01 5.301741361618041992e-01
5.064294934272766113e-01 5.305202603340148926e-01
5.066992640495300293e-01 5.308656692504882812e-01
5.069682002067565918e-01 5.312103629112243652e-01
5.072362422943115234e-01 5.315543413162231445e-01
5.075034499168395996e-01 5.318976044654846191e-01
5.077698230743408203e-01 5.322401523590087891e-01
5.080353021621704102e-01 5.325819849967956543e-01
5.082999467849731445e-01 5.329231023788452148e-01
5.085637569427490234e-01 5.332635045051574707e-01
5.088266730308532715e-01 5.336031913757324219e-01
5.090887546539306641e-01 5.339421629905700684e-01
5.093500018119812012e-01 5.342804193496704102e-01
5.096103549003601074e-01 5.346179604530334473e-01
5.098698735237121582e-01 5.349547863006591797e-01
5.101285576820373535e-01 5.352908968925476074e-01
5.103864073753356934e-01 5.356262922286987305e-01
5.106434226036071777e-01 5.359609723091125488e-01
5.108995437622070312e-01 5.362949371337890625e-01
5.111548304557800293e-01 5.366281867027282715e-01
5.114092826843261719e-01 5.369607210159301758e-01
5.116629004478454590e-01 5.372925400733947754e-01
5.119156837463378906e-01 5.376237034797668457e-01
5.121676325798034668e-01 5.379541516304016113e-01
5.124187469482421875e-01 5.382838845252990723e-01
5.126690268516540527e-01 5.386129021644592285e-01
5.129184722900390625e-01 5.389412045478820801e-01
5.131670832633972168e-01 5.392688512802124023e-01
5.134148597717285156e-01 5.395957827568054199e-01
5.136618018150329590e-01 5.399219989776611328e-01
5.139079093933105469e-01 5.402474999427795410e-01
5.141531825065612793e-01 5.405723452568054199e-01
5.143976211547851562e-01 5.408964753150939941e-01
5.146412253379821777e-01 5.412198901176452637e-01
5.148839950561523438e-01 5.415426492691040039e-01
5.151259303092956543e-01 5.418646931648254395e-01
5.153670310974121094e-01 5.421860814094543457e-01
5.156072974205017090e-01 5.425067543983459473e-01
5.158467292785644531e-01 5.428267121315002441e-01
5.160853862762451172e-01 5.431460142135620117e-01
5.163232088088989258e-01 5.434646010398864746e-01
5.165601968765258789e-01 5.437825322151184082e-01
5.167963504791259766e-01 5.440997481346130371e-01
5.170316696166992188e-01 5.444163084030151367e-01
5.172662138938903809e-01 5.447321534156799316e-01
5.174999237060546875e-01 5.450473427772521973e-01
5.177327990531921387e-01 5.453618168830871582e-01
5.179648399353027344e-01 5.456756353378295898e-01
5.181961059570312500e-01 5.459887385368347168e-01
5.184265375137329102e-01 5.463011860847473145e-01
5.186561346054077148e-01 5.466129779815673828e-01
5.188849568367004395e-01 5.469240546226501465e-01
5.191129446029663086e-01 5.472344756126403809e-01
5.193401575088500977e-01 5.475442409515380859e-01
5.195665359497070312e-01 5.478532910346984863e-01
5.197920799255371094e-01 5.481616854667663574e-01
5.200168490409851074e-01 5.484694242477416992e-01
5.202407836914062500e-01 5.487764477729797363e-01
5.204639434814453125e-01 5.490828156471252441e-01
5.206862688064575195e-01 5.493885278701782227e-01
5.209078192710876465e-01 5.496935844421386719e-01
5.211285352706909180e-01 5.499979257583618164e-01
5.213484764099121094e-01 5.503016114234924316e-01
5.215676426887512207e-01 5.506046414375305176e-01
5.217859745025634766e-01 5.509070158004760742e-01
5.220035314559936523e-01 5.512087345123291016e-01
5.222202539443969727e-01 5.515097975730895996e-01
5.224362015724182129e-01 5.518102049827575684e-01
5.226513743400573730e-01 5.521098971366882324e-01
5.228657126426696777e-01 5.524089336395263672e-01
5.230792760848999023e-01 5.527073144912719727e-01
5.232920646667480469e-01 5.530050396919250488e-01
5.235040187835693359e-01 5.533021092414855957e-01
5.237151980400085449e-01 5.535985231399536133e-01
5.239256024360656738e-01 5.538942813873291016e-01
5.241352319717407227e-01 5.541893839836120605e-01
5.243440866470336914e-01 5.544838309288024902e-01
5.245521068572998047e-01 5.547776222229003906e-01
5.247593522071838379e-01 5.550707578659057617e-01
5.249658226966857910e-01 5.553632974624633789e-01
5.251715183258056641e-01 5.556551814079284668e-01
5.253764390945434570e-01 5.559464097023010254e-01
5.255805850028991699e-01 5.562369823455810547e-01
5.257839560508728027e-01 5.565268993377685547e-01
5.259865522384643555e-01 5.568161606788635254e-01
5.261883139610290527e-01 5.571047663688659668e-01
5.263893008232116699e-01 5.573927760124206543e-01
5.265895128250122070e-01 5.576801300048828125e-01
5.267889499664306641e-01 5.579668283462524414e-01
5.269876122474670410e-01 5.582528710365295410e-01
5.271855592727661133e-01 5.585383176803588867e-01
5.273827314376831055e-01 5.588231086730957031e-01
5.275791287422180176e-01 5.591072440147399902e-01
5.277747511863708496e-01 5.593907833099365234e-01
5.279695987701416016e-01 5.596736669540405273e-01
5.281636714935302734e-01 5.599558949470520020e-01
5.283569693565368652e-01 5.602375268936157227e-01
5.285494923591613770e-01 5.605185031890869141e-01
5.287413001060485840e-01 5.607988834381103516e-01
5.289323329925537109e-01 5.610786080360412598e-01
5.291225910186767578e-01 5.613576769828796387e-01
5.293120741844177246e-01 5.616361498832702637e-01
5.295008420944213867e-01 5.619139671325683594e-01
5.296888351440429688e-01 5.621911883354187012e-01
5.298760533332824707e-01 5.624677538871765137e-01
5.300624966621398926e-01 5.627437233924865723e-01
5.302482247352600098e-01 5.630190372467041016e-01
5.304331779479980469e-01 5.632937550544738770e-01
5.306173563003540039e-01 5.635678768157958984e-01
5.308008193969726562e-01 5.638413429260253906e-01
5.309835076332092285e-01 5.641142129898071289e-01
5.311654806137084961e-01 5.643864274024963379e-01
5.313466787338256836e-01 5.646580457687377930e-01
5.315271615982055664e-01 5.649290680885314941e-01
5.317068696022033691e-01 5.651994943618774414e-01
5.318858623504638672e-01 5.654692649841308594e-01
5.320640802383422852e-01 5.657384395599365234e-01
5.322415828704833984e-01 5.660070180892944336e-01
5.324183106422424316e-01 5.662749409675598145e-01
5.325943231582641602e-01 5.665422677993774414e-01
5.327695608139038086e-01 5.668089985847473145e-01
5.329440832138061523e-01 5.670751333236694336e-01
5.331178903579711914e-01 5.673406720161437988e-01
5.332909226417541504e-01 5.676056146621704102e-01
5.334632396697998047e-01 5.678699016571044922e-01
5.336348414421081543e-01 5.681335926055908203e-01
5.338056683540344238e-01 5.683966875076293945e-01
5.339757800102233887e-01 5.686591863632202148e-01
5.341451764106750488e-01 5.689210891723632812e-01
5.343138575553894043e-01 5.691823959350585938e-01
5.344817638397216797e-01 5.694431066513061523e-01
5.346489548683166504e-01 5.697032213211059570e-01
5.348154306411743164e-01 5.699627399444580078e-01
5.349811911582946777e-01 5.702216625213623047e-01
5.351462364196777344e-01 5.704799890518188477e-01
5.353105664253234863e-01 5.707377195358276367e-01
5.354741811752319336e-01 5.709948539733886719e-01
5.356370210647583008e-01 5.712513923645019531e-01
5.357991456985473633e-01 5.715073347091674805e-01
5.359605550765991211e-01 5.717626810073852539e-01
5.361212491989135742e-01 5.720174908638000488e-01
5.362812280654907227e-01 5.722717046737670898e-01
5.364404916763305664e-01 5.725253224372863770e-01
5.365990400314331055e-01 5.727783441543579102e-01
5.367568731307983398e-01 5.730307698249816895e-01
5.369139909744262695e-01 5.732826590538024902e-01
5.370704531669616699e-01 5.735339522361755371e-01
5.372262001037597656e-01 5.737846493721008301e-01
5.373812317848205566e-01 5.740347504615783691e-01
5.375355482101440430e-01 5.742843151092529297e-01
5.376891493797302246e-01 5.745332837104797363e-01
5.378420352935791016e-01 5.747816562652587891e-01
5.379942655563354492e-01 5.750294923782348633e-01
5.381457805633544922e-01 5.752767324447631836e-01
5.382965803146362305e-01 5.755234360694885254e-01
5.384466648101806641e-01 5.757695436477661133e-01
5.385960936546325684e-01 5.760150551795959473e-01
5.387448072433471680e-01 5.762600302696228027e-01
5.388928055763244629e-01 5.765044093132019043e-01
5.390401482582092285e-01 5.767482519149780273e-01
5.391867756843566895e-01 5.769914984703063965e-01
5.393326878547668457e-01 5.772342085838317871e-01
5.394779443740844727e-01 5.774763226509094238e-01
5.396224856376647949e-01 5.777179002761840820e-01
5.397663712501525879e-01 5.779589414596557617e-01
5.399095416069030762e-01 5.781993865966796875e-01
5.400519967079162598e-01 5.784392952919006348e-01
5.401937961578369141e-01 5.786786079406738281e-01
5.403348803520202637e-01 5.789173841476440430e-01
5.404753088951110840e-01 5.791556239128112793e-01
5.406150817871093750e-01 5.793932676315307617e-01
5.407541394233703613e-01 5.796303749084472656e-01
5.408925414085388184e-01 5.798669457435607910e-01
5.410302281379699707e-01 5.801029801368713379e-01
5.411672592163085938e-01 5.803384184837341309e-01
5.413036346435546875e-01 5.805733203887939453e-01
5.414392948150634766e-01 5.808076858520507812e-01
5.415742993354797363e-01 5.810415148735046387e-01
5.417086482048034668e-01 5.812747478485107422e-01
5.418422818183898926e-01 5.815074443817138672e-01
5.419752597808837891e-01 5.817396044731140137e-01
5.421075820922851562e-01 5.819712281227111816e-01
5.422392487525939941e-01 5.822023153305053711e-01
5.423702597618103027e-01 5.824328660964965820e-01
5.425005555152893066e-01 5.826628804206848145e-01
5.426301956176757812e-01 5.828923583030700684e-01
5.427591800689697266e-01 5.831212997436523438e-01
5.428875088691711426e-01 5.833497047424316406e-01
5.430151820182800293e-01 5.835775732994079590e-01
5.431421995162963867e-01 5.838049054145812988e-01
5.432685613632202148e-01 5.840317010879516602e-01
5.433942675590515137e-01 5.842579603195190430e-01
5.435193181037902832e-01 5.844836831092834473e-01
5.436437129974365234e-01 5.847088694572448730e-01
5.437674522399902344e-01 5.849335193634033203e-01
5.438905358314514160e-01 5.851576328277587891e-01
5.440129637718200684e-01 5.853812098503112793e-01
5.441347360610961914e-01 5.856043100357055664e-01
5.442558526992797852e-01 5.858268737792968750e-01
5.443763136863708496e-01 5.860489010810852051e-01
5.444961190223693848e-01 5.862703919410705566e-01
5.446153283119201660e-01 5.864914059638977051e-01
5.447338819503784180e-01 5.867118835449218750e-01
5.448517799377441406e-01 5.869318246841430664e-01
5.449690222740173340e-01 5.871512293815612793e-01
5.450856089591979980e-01 5.873701572418212891e-01
5.452015995979309082e-01 5.875885486602783203e-01
5.453169345855712891e-01 5.878064036369323730e-01
5.454316139221191406e-01 5.880237817764282227e-01
5.455456972122192383e-01 5.882406234741210938e-01
5.456591248512268066e-01 5.884569287300109863e-01
5.457718968391418457e-01 5.886727571487426758e-01
5.458840727806091309e-01 5.888880491256713867e-01
5.459955930709838867e-01 5.891028642654418945e-01
5.461064577102661133e-01 5.893171429634094238e-01
5.462167263031005859e-01 5.895309448242187500e-01
5.463263392448425293e-01 5.897442102432250977e-01
5.464353561401367188e-01 5.899569988250732422e-01
5.465437173843383789e-01 5.901692509651184082e-01
5.466514825820922852e-01 5.903810262680053711e-01
5.467585921287536621e-01 5.905923247337341309e-01
5.468651056289672852e-01 5.908030867576599121e-01
5.469710230827331543e-01 5.910133719444274902e-01
5.470762848854064941e-01 5.912231206893920898e-01
5.471809506416320801e-01 5.914323925971984863e-01
5.472849607467651367e-01 5.916411876678466797e-01
5.473883748054504395e-01 5.918494462966918945e-01
5.474911928176879883e-01 5.920572280883789062e-01
5.475934147834777832e-01 5.922645330429077148e-01
5.476949810981750488e-01 5.924713611602783203e-01
5.477959513664245605e-01 5.926776528358459473e-01
5.478963255882263184e-01 5.928834676742553711e-01
5.479961037635803223e-01 5.930888056755065918e-01
5.480952262878417969e-01 5.932936668395996094e-01
5.481937527656555176e-01 5.934980511665344238e-01
5.482916831970214844e-01 5.937018990516662598e-01
5.483890175819396973e-01 5.939052700996398926e-01
5.484857559204101562e-01 5.941081643104553223e-01
5.485818982124328613e-01 5.943105816841125488e-01
5.486774444580078125e-01 5.945125222206115723e-01
5.487723946571350098e-01 5.947139859199523926e-01
5.488666892051696777e-01 5.949149727821350098e-01
5.489603877067565918e-01 5.951154828071594238e-01
5.490534901618957520e-01 5.953155159950256348e-01
5.491460561752319336e-01 5.955150723457336426e-01
5.492380261421203613e-01 5.957141518592834473e-01
5.493294000625610352e-01 5.959127545356750488e-01
5.494201779365539551e-01 5.961108803749084473e-01
5.495103597640991211e-01 5.963085293769836426e-01
5.495999455451965332e-01 5.965057015419006348e-01
5.496889352798461914e-01 5.967024564743041992e-01
5.497773289680480957e-01 5.968987345695495605e-01
5.498651266098022461e-01 5.970945358276367188e-01
5.499523878097534180e-01 5.972898602485656738e-01
5.500390529632568359e-01 5.974847078323364258e-01
5.501251220703125000e-01 5.976790785789489746e-01
5.502105951309204102e-01 5.978730320930480957e-01
5.502955317497253418e-01 5.980665087699890137e-01
5.503798723220825195e-01 5.982595086097717285e-01
5.504636168479919434e-01 5.984520316123962402e-01
5.505468249320983887e-01 5.986441373825073242e-01
5.506294369697570801e-01 5.988357663154602051e-01
5.507114529609680176e-01 5.990269184112548828e-01
5.507929325103759766e-01 5.992176532745361328e-01
5.508738160133361816e-01 5.994079113006591797e-01
5.509541630744934082e-01 5.995977520942687988e-01
5.510339140892028809e-01 5.997871160507202148e-01
5.511131286621093750e-01 5.999760031700134277e-01
5.511917471885681152e-01 6.001644730567932129e-01
5.512698292732238770e-01 6.003524661064147949e-01
5.513473153114318848e-01 6.005400419235229492e-01
5.514242649078369141e-01 6.007271409034729004e-01
5.515006184577941895e-01 6.009138226509094238e-01
5.515764355659484863e-01 6.011000275611877441e-01
5.516517162322998047e-01 6.012858152389526367e-01
5.517264008522033691e-01 6.014711260795593262e-01
5.518005490303039551e-01 6.016560196876525879e-01
5.518741607666015625e-01 6.018404960632324219e-01
5.519471764564514160e-01 6.020244956016540527e-01
5.520196557044982910e-01 6.022080779075622559e-01
5.520915985107421875e-01 6.023912429809570312e-01
5.521629452705383301e-01 6.025739312171936035e-01
5.522337555885314941e-01 6.027562022209167480e-01
5.523040294647216797e-01 6.029380559921264648e-01
5.523737668991088867e-01 6.031194329261779785e-01
5.524429678916931152e-01 6.033003926277160645e-01
5.525116324424743652e-01 6.034809350967407227e-01
5.525797009468078613e-01 6.036610603332519531e-01
5.526472330093383789e-01 6.038407683372497559e-01
5.527142286300659180e-01 6.040199995040893555e-01
5.527806878089904785e-01 6.041988134384155273e-01
5.528466105461120605e-01 6.043772101402282715e-01
5.529119968414306641e-01 6.045551896095275879e-01
5.529768466949462891e-01 6.047327518463134766e-01
5.530411601066589355e-01 6.049098968505859375e-01
5.531049370765686035e-01 6.050866246223449707e-01
5.531681776046752930e-01 6.052629351615905762e-01
5.532308816909790039e-01 6.054388284683227539e-01
5.532930493354797363e-01 6.056143045425415039e-01
5.533547401428222656e-01 6.057893633842468262e-01
5.534158945083618164e-01 6.059640049934387207e-01
5.534765124320983887e-01 6.061382293701171875e-01
5.535365939140319824e-01 6.063120365142822266e-01
5.535961389541625977e-01 6.064854264259338379e-01
5.536551475524902344e-01 6.066583991050720215e-01
5.537136793136596680e-01 6.068309545516967773e-01
5.537716746330261230e-01 6.070030927658081055e-01
5.538291335105895996e-01 6.071748137474060059e-01
5.538861155509948730e-01 6.073461174964904785e-01
5.539425611495971680e-01 6.075170040130615234e-01
5.539984703063964844e-01 6.076875329017639160e-01
5.540539026260375977e-01 6.078576445579528809e-01
5.541087985038757324e-01 6.080273389816284180e-01
5.541631579399108887e-01 6.081966161727905273e-01
5.542170405387878418e-01 6.083655357360839844e-01
5.542703866958618164e-01 6.085340380668640137e-01
5.543232560157775879e-01 6.087021231651306152e-01
5.543755888938903809e-01 6.088697910308837891e-01
5.544274449348449707e-01 6.090371012687683105e-01
5.544787645339965820e-01 6.092039942741394043e-01
5.545296072959899902e-01 6.093704700469970703e-01
5.545799136161804199e-01 6.095365881919860840e-01
5.546297430992126465e-01 6.097022891044616699e-01
5.546790361404418945e-01 6.098676323890686035e-01
5.547278523445129395e-01 6.100325584411621094e-01
5.547761917114257812e-01 6.101971268653869629e-01
5.548239946365356445e-01 6.103612780570983887e-01
5.548713207244873047e-01 6.105250120162963867e-01
5.549181699752807617e-01 6.106883883476257324e-01
5.549644827842712402e-01 6.108514070510864258e-01
5.550103187561035156e-01 6.110140085220336914e-01
5.550556778907775879e-01 6.111762523651123047e-01
5.551005005836486816e-01 6.113380789756774902e-01
5.551448464393615723e-01 6.114995479583740234e-01
5.551887154579162598e-01 6.116605997085571289e-01
5.552321076393127441e-01 6.118212938308715820e-01
5.552750229835510254e-01 6.119816303253173828e-01
5.553174614906311035e-01 6.121415495872497559e-01
5.553593635559082031e-01 6.123011112213134766e-01
5.554007887840270996e-01 6.124603152275085449e-01
5.554417371749877930e-01 6.126191020011901855e-01
5.554822087287902832e-01 6.127775311470031738e-01
5.555222034454345703e-01 6.129356026649475098e-01
5.555617213249206543e-01 6.130933165550231934e-01
5.556007623672485352e-01 6.132506132125854492e-01
5.556393265724182129e-01 6.134075522422790527e-01
5.556774139404296875e-01 6.135641336441040039e-01
5.557150244712829590e-01 6.137203574180603027e-01
5.557521581649780273e-01 6.138762235641479492e-01
5.557888150215148926e-01 6.140316724777221680e-01
5.558250546455383301e-01 6.141867637634277344e-01
5.558608174324035645e-01 6.143414974212646484e-01
5.558961033821105957e-01 6.144958734512329102e-01
5.559309124946594238e-01 6.146498918533325195e-01
5.559652447700500488e-01 6.148035526275634766e-01
5.559991002082824707e-01 6.149568557739257812e-01
5.560325384140014648e-01 6.151098012924194336e-01
5.560654997825622559e-01 6.152623891830444336e-01
5.560979843139648438e-01 6.154146194458007812e-01
5.561299920082092285e-01 6.155664920806884766e-01
5.561615824699401855e-01 6.157180070877075195e-01
5.561926960945129395e-01 6.158691644668579102e-01
5.562233328819274902e-01 6.160199642181396484e-01
5.562535524368286133e-01 6.161704063415527344e-01
5.562832951545715332e-01 6.163204908370971680e-01
5.563125610351562500e-01 6.164702177047729492e-01
5.563414096832275391e-01 6.166195869445800781e-01
5.563697814941406250e-01 6.167686581611633301e-01
5.563977360725402832e-01 6.169173717498779297e-01
5.564252138137817383e-01 6.170657277107238770e-01
5.564522743225097656e-01 6.172137260437011719e-01
5.564788579940795898e-01 6.173613667488098145e-01
5.565050244331359863e-01 6.175087094306945801e-01
5.565307140350341797e-01 6.176556944847106934e-01
5.565559864044189453e-01 6.178023219108581543e-01
5.565807819366455078e-01 6.179485917091369629e-01
5.566051602363586426e-01 6.180945634841918945e-01
5.566291213035583496e-01 6.182401776313781738e-01
5.566526055335998535e-01 6.183854341506958008e-01
5.566756725311279297e-01 6.185303926467895508e-01
5.566983222961425781e-01 6.186749935150146484e-01
5.567204952239990234e-01 6.188192963600158691e-01
5.567422509193420410e-01 6.189632415771484375e-01
5.567635893821716309e-01 6.191068291664123535e-01
5.567845106124877930e-01 6.192501187324523926e-01
5.568049550056457520e-01 6.193930506706237793e-01
5.568249821662902832e-01 6.195356845855712891e-01
5.568445920944213867e-01 6.196779608726501465e-01
5.568637847900390625e-01 6.198199391365051270e-01
5.568825602531433105e-01 6.199615597724914551e-01
5.569008588790893555e-01 6.201028823852539062e-01
5.569187402725219727e-01 6.202438473701477051e-01
5.569362044334411621e-01 6.203845143318176270e-01
5.569532513618469238e-01 6.205248236656188965e-01
5.569698810577392578e-01 6.206648349761962891e-01
5.569860935211181641e-01 6.208045482635498047e-01
5.570018887519836426e-01 6.209439039230346680e-01
5.570172667503356934e-01 6.210829615592956543e-01
5.570322275161743164e-01 6.212216615676879883e-01
5.570467710494995117e-01 6.213600635528564453e-01
5.570608973503112793e-01 6.214981675148010254e-01
5.570746064186096191e-01 6.216359734535217285e-01
5.570878982543945312e-01 6.217734217643737793e-01
5.571007728576660156e-01 6.219105720520019531e-01
5.571132302284240723e-01 6.220474243164062500e-01
5.571252703666687012e-01 6.221839785575866699e-01
5.571369528770446777e-01 6.223201751708984375e-01
5.571482181549072266e-01 6.224560737609863281e-01
5.571590662002563477e-01 6.225916743278503418e-01
5.571694970130920410e-01 6.227269768714904785e-01
5.571795105934143066e-01 6.228619813919067383e-01
5.571891665458679199e-01 6.229966282844543457e-01
5.571984052658081055e-01 6.231309771537780762e-01
5.572072267532348633e-01 6.232650279998779297e-01
5.572156310081481934e-01 6.233987808227539062e-01
5.572236776351928711e-01 6.235322356224060059e-01
5.572313070297241211e-01 6.236653923988342285e-01
5.572385191917419434e-01 6.237982511520385742e-01
5.572453737258911133e-01 6.239308118820190430e-01
5.572518110275268555e-01 6.240630745887756348e-01
5.572578907012939453e-01 6.241950392723083496e-01
5.572635531425476074e-01 6.243267059326171875e-01
5.572687983512878418e-01 6.244580745697021484e-01
5.572736859321594238e-01 6.245891451835632324e-01
5.572781562805175781e-01 6.247199177742004395e-01
5.572822690010070801e-01 6.248503923416137695e-01
5.572859644889831543e-01 6.249805688858032227e-01
5.572893023490905762e-01 6.251104474067687988e-01
5.572922229766845703e-01 6.252400279045104980e-01
5.572947859764099121e-01 6.253693699836730957e-01
5.572969913482666016e-01 6.254984140396118164e-01
5.572987794876098633e-01 6.256271600723266602e-01
5.573002099990844727e-01 6.257556080818176270e-01
5.573012232780456543e-01 6.258837580680847168e-01
5.573018789291381836e-01 6.260116100311279297e-01
5.573021769523620605e-01 6.261392235755920410e-01
5.573020577430725098e-01 6.262665390968322754e-01
5.573015809059143066e-01 6.263935565948486328e-01
5.573007464408874512e-01 6.265202760696411133e-01
5.572995543479919434e-01 6.266467571258544922e-01
5.572979450225830078e-01 6.267729401588439941e-01
5.572959780693054199e-01 6.268988251686096191e-01
5.572936534881591797e-01 6.270244717597961426e-01
5.572909712791442871e-01 6.271498203277587891e-01
5.572879314422607422e-01 6.272748708724975586e-01
5.572844743728637695e-01 6.273996829986572266e-01
5.572806596755981445e-01 6.275241971015930176e-01
5.572764873504638672e-01 6.276484727859497070e-01
5.572719573974609375e-01 6.277724504470825195e-01
5.572670698165893555e-01 6.278961300849914551e-01
5.572618246078491211e-01 6.280195713043212891e-01
5.572562217712402344e-01 6.281427145004272461e-01
5.572502613067626953e-01 6.282656192779541016e-01
5.572439432144165039e-01 6.283882260322570801e-01
5.572372674942016602e-01 6.285105943679809570e-01
5.572302341461181641e-01 6.286326646804809570e-01
5.572228431701660156e-01 6.287544965744018555e-01
5.572150945663452148e-01 6.288760304450988770e-01
5.572069883346557617e-01 6.289973258972167969e-01
5.571985244750976562e-01 6.291183233261108398e-01
5.571897029876708984e-01 6.292390823364257812e-01
5.571805238723754883e-01 6.293596029281616211e-01
5.571709871292114258e-01 6.294798254966735840e-01
5.571610927581787109e-01 6.295998096466064453e-01
5.571508407592773438e-01 6.297195553779602051e-01
5.571402907371520996e-01 6.298390030860900879e-01
5.571293830871582031e-01 6.299582123756408691e-01
5.571181178092956543e-01 6.300771832466125488e-01
5.571064949035644531e-01 6.301958560943603516e-01
5.570945143699645996e-01 6.303142905235290527e-01
5.570822358131408691e-01 6.304324865341186523e-01
5.570695996284484863e-01 6.305504441261291504e-01
5.570566058158874512e-01 6.306681036949157715e-01
5.570433139801025391e-01 6.307855248451232910e-01
5.570296645164489746e-01 6.309027075767517090e-01
5.570156574249267578e-01 6.310196518898010254e-01
5.570013523101806641e-01 6.311363577842712402e-01
5.569866895675659180e-01 6.312527656555175781e-01
5.569716691970825195e-01 6.313689351081848145e-01
5.569563508033752441e-01 6.314848661422729492e-01
5.569406747817993164e-01 6.316005587577819824e-01
5.569247007369995117e-01 6.317160129547119141e-01
5.569083690643310547e-01 6.318312287330627441e-01
5.568917393684387207e-01 6.319462060928344727e-01
5.568747520446777344e-01 6.320609450340270996e-01
5.568574666976928711e-01 6.321753859519958496e-01
5.568398237228393555e-01 6.322895884513854980e-01
5.568218827247619629e-01 6.324035525321960449e-01
5.568035840988159180e-01 6.325172781944274902e-01
5.567849874496459961e-01 6.326307654380798340e-01
5.567660331726074219e-01 6.327440142631530762e-01
5.567467808723449707e-01 6.328570246696472168e-01
5.567271709442138672e-01 6.329697966575622559e-01
5.567072629928588867e-01 6.330823898315429688e-01
5.566870570182800293e-01 6.331947445869445801e-01
5.566664934158325195e-01 6.333068609237670898e-01
5.566456317901611328e-01 6.334187388420104980e-01
5.566244721412658691e-01 6.335303783416748047e-01
5.566029548645019531e-01 6.336417794227600098e-01
5.565811395645141602e-01 6.337529420852661133e-01
5.565590262413024902e-01 6.338638663291931152e-01
5.565366148948669434e-01 6.339745521545410156e-01
5.565138459205627441e-01 6.340850591659545898e-01
5.564907789230346680e-01 6.341953277587890625e-01
5.564674139022827148e-01 6.343053579330444336e-01
5.564437508583068848e-01 6.344151496887207031e-01
5.564197897911071777e-01 6.345247030258178711e-01
5.563955307006835938e-01 6.346340775489807129e-01
5.563709139823913574e-01 6.347432136535644531e-01
5.563459992408752441e-01 6.348521113395690918e-01
5.563207864761352539e-01 6.349607706069946289e-01
5.562952756881713867e-01 6.350692510604858398e-01
5.562694668769836426e-01 6.351774930953979492e-01
5.562433600425720215e-01 6.352854967117309570e-01
5.562169551849365234e-01 6.353933215141296387e-01
5.561902523040771484e-01 6.355009078979492188e-01
5.561632513999938965e-01 6.356082558631896973e-01
5.561359524726867676e-01 6.357154250144958496e-01
5.561083555221557617e-01 6.358223557472229004e-01
5.560804605484008789e-01 6.359291076660156250e-01
5.560522675514221191e-01 6.360356211662292480e-01
5.560237765312194824e-01 6.361418962478637695e-01
5.559949874877929688e-01 6.362479925155639648e-01
5.559659004211425781e-01 6.363538503646850586e-01
5.559365153312683105e-01 6.364595293998718262e-01
5.559068322181701660e-01 6.365649700164794922e-01
5.558769106864929199e-01 6.366702318191528320e-01
5.558466911315917969e-01 6.367752552032470703e-01
5.558161735534667969e-01 6.368800997734069824e-01
5.557853579521179199e-01 6.369847059249877930e-01
5.557542443275451660e-01 6.370891332626342773e-01
5.557228326797485352e-01 6.371933221817016602e-01
5.556911826133728027e-01 6.372973322868347168e-01
5.556592345237731934e-01 6.374011039733886719e-01
5.556269884109497070e-01 6.375046968460083008e-01
5.555944442749023438e-01 6.376081109046936035e-01
5.555616617202758789e-01 6.377112865447998047e-01
5.555285811424255371e-01 6.378142833709716797e-01
5.554952025413513184e-01 6.379171013832092285e-01
5.554615855216979980e-01 6.380196809768676758e-01
5.554276704788208008e-01 6.381220817565917969e-01
5.553934574127197266e-01 6.382242441177368164e-01
5.553590059280395508e-01 6.383262276649475098e-01
5.553242564201354980e-01 6.384280323982238770e-01
5.552892088890075684e-01 6.385296583175659180e-01
5.552539229393005371e-01 6.386310458183288574e-01
5.552183389663696289e-01 6.387322545051574707e-01
5.551825165748596191e-01 6.388332843780517578e-01
5.551463961601257324e-01 6.389341354370117188e-01
5.551100373268127441e-01 6.390347480773925781e-01
5.550733804702758789e-01 6.391351819038391113e-01
5.550364851951599121e-01 6.392354369163513184e-01
5.549992918968200684e-01 6.393355131149291992e-01
5.549618601799011230e-01 6.394353508949279785e-01
5.549241304397583008e-01 6.395350098609924316e-01
5.548861622810363770e-01 6.396344900131225586e-01
5.548478960990905762e-01 6.397337913513183594e-01
5.548093914985656738e-01 6.398329138755798340e-01
5.547706484794616699e-01 6.399318575859069824e-01
5.547316074371337891e-01 6.400306224822998047e-01
5.546923279762268066e-01 6.401292085647583008e-01
5.546527504920959473e-01 6.402275562286376953e-01
5.546129345893859863e-01 6.403257250785827637e-01
5.545728802680969238e-01 6.404237151145935059e-01
5.545325279235839844e-01 6.405215263366699219e-01
5.544919371604919434e-01 6.406191587448120117e-01
5.544511079788208008e-01 6.407166123390197754e-01
5.544099807739257812e-01 6.408138871192932129e-01
5.543686151504516602e-01 6.409109830856323242e-01
5.543270111083984375e-01 6.410079002380371094e-01
5.542851686477661133e-01 6.411046385765075684e-01
5.542430877685546875e-01 6.412011981010437012e-01
5.542007088661193848e-01 6.412975788116455078e-01
5.541580915451049805e-01 6.413937807083129883e-01
5.541152358055114746e-01 6.414898037910461426e-01
5.540721416473388672e-01 6.415856480598449707e-01
5.540288090705871582e-01 6.416813135147094727e-01
5.539851784706115723e-01 6.417768597602844238e-01
5.539413094520568848e-01 6.418722271919250488e-01
5.538972020149230957e-01 6.419674158096313477e-01
5.538528561592102051e-01 6.420624256134033203e-01
5.538082718849182129e-01 6.421572566032409668e-01
5.537634491920471191e-01 6.422519087791442871e-01
5.537183880805969238e-01 6.423463821411132812e-01
5.536730885505676270e-01 6.424407362937927246e-01
5.536275506019592285e-01 6.425349116325378418e-01
5.535817742347717285e-01 6.426289081573486328e-01
5.535357594490051270e-01 6.427227258682250977e-01
5.534895062446594238e-01 6.428163647651672363e-01
5.534430146217346191e-01 6.429098844528198242e-01
5.533962845802307129e-01 6.430032253265380859e-01
5.533493161201477051e-01 6.430963873863220215e-01
5.533021092414855957e-01 6.431893706321716309e-01
5.532546639442443848e-01 6.432822346687316895e-01
5.532069802284240723e-01 6.433749198913574219e-01
5.531590580940246582e-01 6.434674263000488281e-01
5.531108975410461426e-01 6.435597538948059082e-01
5.530624985694885254e-01 6.436519622802734375e-01
5.530138611793518066e-01 6.437439918518066406e-01
5.529650449752807617e-01 6.438358426094055176e-01
5.529159903526306152e-01 6.439275741577148438e-01
5.528666973114013672e-01 6.440191268920898438e-01
5.528171658515930176e-01 6.441105008125305176e-01
5.527673959732055664e-01 6.442017555236816406e-01
5.527173876762390137e-01 6.442928314208984375e-01
5.526672005653381348e-01 6.443837881088256836e-01
5.526167750358581543e-01 6.444745659828186035e-01
5.525661110877990723e-01 6.445651650428771973e-01
5.525152087211608887e-01 6.446556448936462402e-01
5.524641275405883789e-01 6.447459459304809570e-01
5.524128079414367676e-01 6.448361277580261230e-01
5.523612499237060547e-01 6.449261307716369629e-01
5.523095130920410156e-01 6.450160145759582520e-01
5.522575378417968750e-01 6.451057195663452148e-01
5.522053241729736328e-01 6.451953053474426270e-01
5.521529316902160645e-01 6.452847123146057129e-01
5.521003007888793945e-01 6.453740000724792480e-01
5.520474314689636230e-01 6.454631090164184570e-01
5.519943833351135254e-01 6.455520987510681152e-01
5.519410967826843262e-01 6.456409096717834473e-01
5.518875718116760254e-01 6.457296013832092285e-01
5.518338680267333984e-01 6.458181142807006836e-01
5.517799258232116699e-01 6.459065079689025879e-01
5.517258048057556152e-01 6.459947824478149414e-01
5.516714453697204590e-01 6.460828781127929688e-01
5.516169071197509766e-01 6.461708545684814453e-01
5.515621304512023926e-01 6.462586522102355957e-01
5.515071749687194824e-01 6.463463306427001953e-01
5.514519810676574707e-01 6.464338898658752441e-01
5.513966083526611328e-01 6.465212702751159668e-01
5.513409972190856934e-01 6.466085314750671387e-01
5.512852072715759277e-01 6.466956734657287598e-01
5.512291789054870605e-01 6.467826366424560547e-01
5.511729717254638672e-01 6.468694806098937988e-01
5.511165261268615723e-01 6.469562053680419922e-01
5.510599017143249512e-01 6.470427513122558594e-01
5.510030388832092285e-01 6.471291780471801758e-01
5.509459972381591797e-01 6.472154855728149414e-01
5.508887767791748047e-01 6.473016142845153809e-01
5.508313179016113281e-01 6.473876237869262695e-01
5.507736802101135254e-01 6.474735140800476074e-01
5.507158637046813965e-01 6.475592851638793945e-01
5.506578087806701660e-01 6.476448774337768555e-01
5.505995750427246094e-01 6.477303504943847656e-01
5.505411624908447266e-01 6.478157043457031250e-01
5.504825115203857422e-01 6.479009389877319336e-01
5.504236817359924316e-01 6.479860544204711914e-01
5.503646731376647949e-01 6.480709910392761230e-01
5.503054261207580566e-01 6.481558084487915039e-01
5.502460002899169922e-01 6.482405066490173340e-01
5.501863956451416016e-01 6.483250856399536133e-01
5.501266121864318848e-01 6.484095454216003418e-01
5.500666499137878418e-01 6.484938859939575195e-01
5.500064492225646973e-01 6.485780477523803711e-01
5.499460697174072266e-01 6.486620903015136719e-01
5.498855113983154297e-01 6.487460136413574219e-01
5.498247742652893066e-01 6.488298177719116211e-01
5.497638583183288574e-01 6.489135026931762695e-01
5.497027039527893066e-01 6.489970684051513672e-01
5.496413707733154297e-01 6.490805149078369141e-01
5.495798587799072266e-01 6.491638422012329102e-01
5.495181679725646973e-01 6.492470502853393555e-01
5.494562983512878418e-01 6.493301391601562500e-01
5.493942499160766602e-01 6.494131088256835938e-01
5.493320226669311523e-01 6.494959592819213867e-01
5.492696166038513184e-01 6.495786905288696289e-01
5.492069721221923828e-01 6.496613025665283203e-01
5.491441488265991211e-01 6.497437953948974609e-01
5.490811467170715332e-01 6.498261690139770508e-01
5.490179657936096191e-01 6.499084234237670898e-01
5.489546060562133789e-01 6.499905586242675781e-01
5.488910675048828125e-01 6.500725746154785156e-01
5.488273501396179199e-01 6.501544713973999023e-01
5.487634539604187012e-01 6.502362489700317383e-01
5.486993789672851562e-01 6.503179073333740234e-01
5.486351251602172852e-01 6.503994464874267578e-01
5.485706925392150879e-01 6.504808664321899414e-01
5.485060811042785645e-01 6.505621671676635742e-01
5.484412908554077148e-01 6.506433486938476562e-01
5.483763217926025391e-01 6.507244110107421875e-01
5.483112335205078125e-01 6.508053541183471680e-01
5.482459664344787598e-01 6.508861780166625977e-01
5.481805205345153809e-01 6.509668827056884766e-01
5.481148958206176758e-01 6.510475277900695801e-01
5.480490922927856445e-01 6.511280536651611328e-01
5.479831099510192871e-01 6.512084603309631348e-01
5.479169487953186035e-01 6.512887477874755859e-01
5.478506088256835938e-01 6.513689160346984863e-01
5.477841496467590332e-01 6.514489650726318359e-01
5.477175116539001465e-01 6.515289545059204102e-01
5.476506948471069336e-01 6.516088247299194336e-01
5.475836992263793945e-01 6.516885757446289062e-01
5.475165247917175293e-01 6.517682075500488281e-01
5.474491715431213379e-01 6.518477201461791992e-01
5.473816990852355957e-01 6.519271731376647949e-01
5.473140478134155273e-01 6.520065069198608398e-01
5.472462177276611328e-01 6.520857214927673340e-01
5.471782088279724121e-01 6.521648168563842773e-01
5.471100807189941406e-01 6.522437930107116699e-01
5.470417737960815430e-01 6.523227095603942871e-01
5.469732880592346191e-01 6.524015069007873535e-01
5.469046235084533691e-01 6.524801850318908691e-01
5.468358397483825684e-01 6.525588035583496094e-01
5.467668771743774414e-01 6.526373028755187988e-01
5.466977357864379883e-01 6.527156829833984375e-01
5.466284751892089844e-01 6.527939438819885254e-01
5.465590357780456543e-01 6.528721451759338379e-01
5.464894175529479980e-01 6.529502272605895996e-01
5.464196801185607910e-01 6.530281901359558105e-01
5.463497638702392578e-01 6.531060934066772461e-01
5.462796688079833984e-01 6.531838774681091309e-01
5.462094545364379883e-01 6.532616019248962402e-01
5.461390614509582520e-01 6.533392071723937988e-01
5.460685491561889648e-01 6.534166932106018066e-01
5.459978580474853516e-01 6.534941196441650391e-01
5.459269881248474121e-01 6.535714268684387207e-01
5.458559989929199219e-01 6.536486148834228516e-01
5.457848310470581055e-01 6.537257432937622070e-01
5.457135438919067383e-01 6.538027524948120117e-01
5.456420779228210449e-01 6.538797020912170410e-01
5.455704927444458008e-01 6.539565324783325195e-01
5.454987287521362305e-01 6.540332436561584473e-01
5.454268455505371094e-01 6.541098952293395996e-01
5.453547835350036621e-01 6.541864275932312012e-01
5.452826023101806641e-01 6.542629003524780273e-01
5.452102422714233398e-01 6.543392539024353027e-01
5.451377630233764648e-01 6.544155478477478027e-01
5.450651049613952637e-01 6.544917225837707520e-01
5.449923276901245117e-01 6.545678377151489258e-01
5.449193716049194336e-01 6.546438336372375488e-01
5.448462963104248047e-01 6.547197699546813965e-01
5.447730422019958496e-01 6.547955870628356934e-01
5.446996688842773438e-01 6.548713445663452148e-01
5.446261763572692871e-01 6.549469828605651855e-01
5.445525050163269043e-01 6.550225615501403809e-01
5.444787144660949707e-01 6.550980210304260254e-01
5.444047451019287109e-01 6.551734209060668945e-01
5.443306565284729004e-01 6.552487015724182129e-01
5.442564487457275391e-01 6.553239226341247559e-01
5.441820621490478516e-01 6.553990244865417480e-01
5.441075563430786133e-01 6.554740667343139648e-01
5.440329313278198242e-01 6.555490493774414062e-01
5.439581274986267090e-01 6.556239128112792969e-01
5.438832044601440430e-01 6.556987166404724121e-01
5.438081622123718262e-01 6.557734012603759766e-01
5.437329411506652832e-01 6.558480262756347656e-01
5.436576008796691895e-01 6.559225916862487793e-01
5.435821413993835449e-01 6.559970378875732422e-01
5.435065031051635742e-01 6.560714244842529297e-01
5.434307456016540527e-01 6.561456918716430664e-01
5.433548688888549805e-01 6.562198996543884277e-01
5.432788729667663574e-01 6.562940478324890137e-01
5.432026982307434082e-01 6.563680768013000488e-01
5.431264042854309082e-01 6.564420461654663086e-01
5.430499911308288574e-01 6.565159559249877930e-01
5.429734587669372559e-01 6.565897464752197266e-01
5.428967475891113281e-01 6.566634774208068848e-01
5.428199172019958496e-01 6.567371487617492676e-01
5.427429676055908203e-01 6.568107008934020996e-01
5.426658987998962402e-01 6.568841934204101562e-01
5.425887107849121094e-01 6.569576263427734375e-01
5.425113439559936523e-01 6.570309400558471680e-01
5.424338579177856445e-01 6.571041941642761230e-01
5.423562526702880859e-01 6.571773886680603027e-01
5.422785282135009766e-01 6.572505235671997070e-01
5.422006845474243164e-01 6.573235392570495605e-01
5.421227216720581055e-01 6.573964953422546387e-01
5.420446395874023438e-01 6.574693918228149414e-01
5.419663786888122559e-01 6.575422286987304688e-01
5.418879985809326172e-01 6.576149463653564453e-01
5.418094992637634277e-01 6.576876044273376465e-01
5.417308807373046875e-01 6.577602028846740723e-01
5.416521430015563965e-01 6.578327417373657227e-01
5.415732860565185547e-01 6.579051613807678223e-01
5.414943099021911621e-01 6.579775214195251465e-01
5.414152145385742188e-01 6.580498218536376953e-01
5.413359999656677246e-01 6.581220626831054688e-01
5.412566661834716797e-01 6.581942439079284668e-01
5.411772131919860840e-01 6.582663059234619141e-01
5.410976409912109375e-01 6.583383083343505859e-01
5.410179495811462402e-01 6.584102511405944824e-01
5.409381389617919922e-01 6.584821343421936035e-01
5.408582091331481934e-01 6.585539579391479492e-01
5.407781600952148438e-01 6.586257219314575195e-01
5.406979918479919434e-01 6.586973667144775391e-01
5.406177043914794922e-01 6.587689518928527832e-01
5.405372977256774902e-01 6.588404774665832520e-01
5.404567718505859375e-01 6.589119434356689453e-01
5.403761267662048340e-01 6.589833498001098633e-01
5.402953624725341797e-01 6.590546965599060059e-01
5.402144789695739746e-01 6.591259837150573730e-01
5.401334762573242188e-01 6.591972112655639648e-01
5.400523543357849121e-01 6.592683196067810059e-01
5.399711132049560547e-01 6.593393683433532715e-01
5.398897528648376465e-01 6.594103574752807617e-01
5.398082733154296875e-01 6.594812870025634766e-01
5.397266745567321777e-01 6.595521569252014160e-01
5.396449565887451172e-01 6.596229672431945801e-01
5.395631194114685059e-01 6.596937179565429688e-01
5.394811630249023438e-01 6.597644090652465820e-01
5.393991470336914062e-01 6.598350405693054199e-01
5.393170118331909180e-01 6.599056124687194824e-01
5.392347574234008789e-01 6.599761247634887695e-01
5.391523838043212891e-01 6.600465774536132812e-01
5.390698909759521484e-01 6.601169705390930176e-01
5.389872789382934570e-01 6.601873040199279785e-01
5.389045476913452148e-01 6.602575778961181641e-01
5.388217568397521973e-01 6.603277921676635742e-01
5.387388467788696289e-01 6.603979468345642090e-01
5.386558175086975098e-01 6.604680418968200684e-01
5.385726690292358398e-01 6.605380773544311523e-01
5.384894013404846191e-01 6.606080532073974609e-01
5.384060740470886230e-01 6.606779694557189941e-01
5.383226275444030762e-01 6.607478260993957520e-01
5.382390618324279785e-01 6.608176231384277344e-01
5.381553769111633301e-01 6.608873605728149414e-01
5.380715727806091309e-01 6.609570384025573730e-01
5.379877090454101562e-01 6.610266566276550293e-01
5.379037261009216309e-01 6.610962152481079102e-01
5.378196239471435547e-01 6.611657142639160156e-01
5.377354025840759277e-01 6.612351536750793457e-01
5.376511216163635254e-01 6.613045334815979004e-01
5.375667214393615723e-01 6.613738536834716797e-01
5.374822020530700684e-01 6.614431142807006836e-01
5.373975634574890137e-01 6.615123152732849121e-01
5.373128652572631836e-01 6.615814566612243652e-01
5.372280478477478027e-01 6.616505384445190430e-01
5.371431112289428711e-01 6.617195606231689453e-01
5.370581150054931641e-01 6.617885231971740723e-01
5.369729995727539062e-01 6.618574261665344238e-01
5.368877649307250977e-01 6.619263291358947754e-01
5.368024706840515137e-01 6.619951725006103516e-01
5.367170572280883789e-01 6.620639562606811523e-01
5.366315245628356934e-01 6.621326804161071777e-01
5.365459322929382324e-01 6.622013449668884277e-01
5.364602208137512207e-01 6.622699499130249023e-01
5.363743901252746582e-01 6.623384952545166016e-01
5.362884998321533203e-01 6.624069809913635254e-01
5.362024903297424316e-01 6.624754667282104492e-01
5.361164212226867676e-01 6.625438928604125977e-01
5.360302329063415527e-01 6.626122593879699707e-01
5.359439253807067871e-01 6.626805663108825684e-01
5.358575582504272461e-01 6.627488136291503906e-01
5.357710719108581543e-01 6.628170013427734375e-01
5.356845259666442871e-01 6.628851294517517090e-01
5.355978608131408691e-01 6.629532575607299805e-01
5.355110764503479004e-01 6.630213260650634766e-01
5.354242324829101562e-01 6.630893349647521973e-01
5.353372693061828613e-01 6.631572842597961426e-01
5.352502465248107910e-01 6.632251739501953125e-01
5.351631045341491699e-01 6.632930636405944824e-01
5.350759029388427734e-01 6.633608937263488770e-01
5.349885821342468262e-01 6.634286642074584961e-01
5.349012017250061035e-01 6.634963750839233398e-01
5.348137021064758301e-01 6.635640263557434082e-01
5.347261428833007812e-01 6.636316776275634766e-01
5.346384644508361816e-01 6.636992692947387695e-01
5.345507264137268066e-01 6.637668013572692871e-01
5.344628691673278809e-01 6.638342738151550293e-01
5.343749523162841797e-01 6.639017462730407715e-01
5.342869162559509277e-01 6.639691591262817383e-01
5.341988205909729004e-01 6.640365123748779297e-01
5.341106057167053223e-01 6.641038060188293457e-01
5.340223312377929688e-01 6.641710996627807617e-01
5.339339375495910645e-01 6.642383337020874023e-01
5.338454842567443848e-01 6.643055081367492676e-01
5.337569117546081543e-01 6.643726229667663574e-01
5.336682796478271484e-01 6.644397377967834473e-01
5.335795283317565918e-01 6.645067930221557617e-01
5.334907174110412598e-01 6.645737886428833008e-01
5.334017872810363770e-01 6.646407246589660645e-01
5.333127975463867188e-01 6.647076606750488281e-01
5.332237482070922852e-01 6.647745370864868164e-01
5.331345796585083008e-01 6.648413538932800293e-01
5.330453515052795410e-01 6.649081707000732422e-01
5.329560041427612305e-01 6.649749279022216797e-01
5.328665971755981445e-01 6.650416254997253418e-01
5.327771306037902832e-01 6.651083230972290039e-01
5.326875448226928711e-01 6.651749610900878906e-01
5.325978994369506836e-01 6.652415394783020020e-01
5.325081348419189453e-01 6.653081178665161133e-01
5.324183106422424316e-01 6.653746366500854492e-01
5.323284268379211426e-01 6.654410958290100098e-01
5.322384238243103027e-01 6.655075550079345703e-01
5.321483612060546875e-01 6.655739545822143555e-01
5.320582389831542969e-01 6.656402945518493652e-01
5.319679975509643555e-01 6.657066345214843750e-01
5.318776965141296387e-01 6.657729148864746094e-01
5.317873358726501465e-01 6.658391356468200684e-01
5.316968560218811035e-01 6.659053564071655273e-01
5.316063165664672852e-01 6.659715175628662109e-01
5.315157175064086914e-01 6.660376191139221191e-01
5.314249992370605469e-01 6.661037206649780273e-01
5.313342213630676270e-01 6.661697626113891602e-01
5.312433838844299316e-01 6.662357449531555176e-01
5.311524271965026855e-01 6.663017272949218750e-01
5.310614109039306641e-01 6.663676500320434570e-01
5.309703350067138672e-01 6.664335727691650391e-01
5.308791995048522949e-01 6.664994359016418457e-01
5.307879447937011719e-01 6.665652394294738770e-01
5.306966304779052734e-01 6.666310429573059082e-01
5.306052565574645996e-01 6.666967868804931641e-01
5.305138230323791504e-01 6.667625308036804199e-01
5.304222702980041504e-01 6.668282151222229004e-01
5.303306579589843750e-01 6.668938994407653809e-01
5.302389860153198242e-01 6.669595241546630859e-01
5.301472544670104980e-01 6.670250892639160156e-01
5.300554037094116211e-01 6.670906543731689453e-01
5.299634933471679688e-01 6.671561598777770996e-01
5.298715233802795410e-01 6.672216653823852539e-01
5.297794938087463379e-01 6.672871112823486328e-01
5.296873450279235840e-01 6.673525571823120117e-01
5.295951366424560547e-01 6.674179434776306152e-01
5.295028686523437500e-01 6.674832701683044434e-01
5.294105410575866699e-01 6.675485968589782715e-01
5.293181538581848145e-01 6.676138639450073242e-01
5.292256474494934082e-01 6.676791310310363770e-01
5.291330814361572266e-01 6.677443385124206543e-01
5.290404558181762695e-01 6.678095459938049316e-01
5.289477705955505371e-01 6.678746938705444336e-01
5.288550257682800293e-01 6.679398417472839355e-01
5.287622213363647461e-01 6.680049300193786621e-01
5.286692976951599121e-01 6.680700182914733887e-01
5.285763144493103027e-01 6.681350469589233398e-01
5.284832715988159180e-01 6.682000756263732910e-01
5.283901691436767578e-01 6.682650446891784668e-01
5.282970070838928223e-01 6.683300137519836426e-01
5.282037854194641113e-01 6.683949232101440430e-01
5.281105041503906250e-01 6.684598326683044434e-01
5.280171036720275879e-01 6.685246825218200684e-01
5.279236435890197754e-01 6.685895323753356934e-01
5.278301239013671875e-01 6.686543226242065430e-01
5.277365446090698242e-01 6.687191128730773926e-01
5.276429057121276855e-01 6.687838435173034668e-01
5.275492072105407715e-01 6.688485741615295410e-01
5.274554491043090820e-01 6.689132452011108398e-01
5.273616313934326172e-01 6.689779162406921387e-01
5.272677540779113770e-01 6.690425276756286621e-01
5.271737575531005859e-01 6.691071391105651855e-01
5.270797014236450195e-01 6.691716909408569336e-01
5.269855856895446777e-01 6.692362427711486816e-01
5.268914103507995605e-01 6.693007349967956543e-01
5.267971754074096680e-01 6.693652272224426270e-01
5.267028808593750000e-01 6.694296598434448242e-01
5.266085267066955566e-01 6.694940924644470215e-01
5.265141129493713379e-01 6.695585250854492188e-01
5.264196395874023438e-01 6.696228981018066406e-01
5.263251066207885742e-01 6.696872711181640625e-01
5.262305140495300293e-01 6.697515845298767090e-01
5.261358618736267090e-01 6.698158979415893555e-01
5.260411500930786133e-01 6.698801517486572266e-01
5.259463787078857422e-01 6.699444055557250977e-01
5.258515477180480957e-01 6.700086593627929688e-01
5.257566571235656738e-01 6.700728535652160645e-01
5.256617069244384766e-01 6.701370477676391602e-01
5.255666971206665039e-01 6.702011823654174805e-01
5.254716277122497559e-01 6.702653169631958008e-01
5.253764986991882324e-01 6.703293919563293457e-01
5.252813100814819336e-01 6.703934669494628906e-01
5.251860618591308594e-01 6.704575419425964355e-01
5.250907540321350098e-01 6.705215573310852051e-01
5.249953866004943848e-01 6.705855727195739746e-01
5.248999595642089844e-01 6.706495285034179688e-01
5.248044729232788086e-01 6.707134842872619629e-01
5.247089266777038574e-01 6.707774400711059570e-01
5.246133208274841309e-01 6.708413362503051758e-01
5.245176553726196289e-01 6.709052324295043945e-01
5.244219303131103516e-01 6.709690690040588379e-01
5.243261456489562988e-01 6.710329055786132812e-01
5.242303013801574707e-01 6.710967421531677246e-01
5.241343975067138672e-01 6.711605191230773926e-01
5.240384340286254883e-01 6.712242960929870605e-01
5.239424109458923340e-01 6.712880730628967285e-01
5.238463282585144043e-01 6.713517904281616211e-01
5.237501859664916992e-01 6.714155077934265137e-01
5.236539840698242188e-01 6.714791655540466309e-01
5.235577225685119629e-01 6.715428233146667480e-01
5.234614014625549316e-01 6.716064810752868652e-01
5.233650207519531250e-01 6.716700792312622070e-01
5.232685804367065430e-01 6.717336773872375488e-01
5.231720805168151855e-01 6.717972755432128906e-01
5.230755805969238281e-01 6.718608140945434570e-01
5.229790210723876953e-01 6.719243526458740234e-01
5.228824019432067871e-01 6.719878911972045898e-01
5.227857232093811035e-01 6.720513701438903809e-01
5.226889848709106445e-01 6.721148490905761719e-01
5.225921869277954102e-01 6.721783280372619629e-01
5.224953293800354004e-01 6.722417473793029785e-01
5.223984122276306152e-01 6.723051667213439941e-01
5.223014354705810547e-01 6.723685860633850098e-01
5.222044587135314941e-01 6.724319458007812500e-01
5.221074223518371582e-01 6.724953055381774902e-01
5.220103263854980469e-01 6.725586652755737305e-01
5.219131708145141602e-01 6.726219654083251953e-01
5.218159556388854980e-01 6.726852655410766602e-01
5.217186808586120605e-01 6.727485656738281250e-01
5.216213464736938477e-01 6.728118062019348145e-01
5.215239524841308594e-01 6.728750467300415039e-01
5.214265584945678711e-01 6.729382872581481934e-01
5.213291049003601074e-01 6.730014681816101074e-01
5.212315917015075684e-01 6.730646491050720215e-01
5.211340188980102539e-01 6.731278300285339355e-01
5.210363864898681641e-01 6.731910109519958496e-01
5.209386944770812988e-01 6.732541322708129883e-01
5.208410024642944336e-01 6.733172535896301270e-01
5.207432508468627930e-01 6.733803749084472656e-01
5.206454396247863770e-01 6.734434366226196289e-01
5.205475687980651855e-01 6.735064983367919922e-01
5.204496383666992188e-01 6.735695600509643555e-01
5.203516483306884766e-01 6.736326217651367188e-01
5.202536582946777344e-01 6.736956238746643066e-01
5.201556086540222168e-01 6.737586259841918945e-01
5.200574994087219238e-01 6.738216280937194824e-01
5.199593305587768555e-01 6.738845705986022949e-01
5.198611021041870117e-01 6.739475131034851074e-01
5.197628736495971680e-01 6.740104556083679199e-01
5.196645855903625488e-01 6.740733981132507324e-01
5.195662379264831543e-01 6.741362810134887695e-01
5.194678306579589844e-01 6.741991639137268066e-01
5.193694233894348145e-01 6.742620468139648438e-01
5.192709565162658691e-01 6.743249297142028809e-01
5.191724300384521484e-01 6.743877530097961426e-01
5.190738439559936523e-01 6.744505763053894043e-01
5.189751982688903809e-01 6.745133996009826660e-01
5.188765525817871094e-01 6.745762228965759277e-01
5.187778472900390625e-01 6.746389865875244141e-01
5.186790823936462402e-01 6.747017502784729004e-01
5.185802578926086426e-01 6.747645139694213867e-01
5.184814333915710449e-01 6.748272776603698730e-01
5.183825492858886719e-01 6.748899817466735840e-01
5.182836055755615234e-01 6.749526858329772949e-01
5.181846022605895996e-01 6.750153899192810059e-01
5.180855989456176758e-01 6.750780940055847168e-01
5.179865360260009766e-01 6.751407384872436523e-01
5.178874135017395020e-01 6.752033829689025879e-01
5.177882909774780273e-01 6.752660274505615234e-01
5.176891088485717773e-01 6.753286719322204590e-01
5.175898671150207520e-01 6.753912568092346191e-01
5.174905657768249512e-01 6.754538416862487793e-01
5.173912644386291504e-01 6.755164265632629395e-01
5.172919034957885742e-01 6.755790114402770996e-01
5.171924829483032227e-01 6.756415963172912598e-01
5.170930624008178711e-01 6.757041215896606445e-01
5.169935822486877441e-01 6.757666468620300293e-01
5.168940424919128418e-01 6.758291721343994141e-01
5.167944431304931641e-01 6.758916974067687988e-01
5.166948437690734863e-01 6.759542226791381836e-01
5.165951848030090332e-01 6.760166883468627930e-01
5.164954662322998047e-01 6.760791540145874023e-01
5.163957476615905762e-01 6.761416196823120117e-01
5.162959694862365723e-01 6.762040853500366211e-01
5.161961317062377930e-01 6.762665510177612305e-01
5.160962939262390137e-01 6.763289570808410645e-01
5.159963965415954590e-01 6.763913631439208984e-01
5.158964395523071289e-01 6.764537692070007324e-01
5.157964825630187988e-01 6.765161752700805664e-01
5.156964659690856934e-01 6.765785813331604004e-01
5.155963897705078125e-01 6.766409277915954590e-01
5.154963135719299316e-01 6.767032742500305176e-01
5.153961777687072754e-01 6.767656207084655762e-01
5.152959823608398438e-01 6.768279671669006348e-01
5.151957869529724121e-01 6.768903136253356934e-01
5.150955319404602051e-01 6.769526004791259766e-01
5.149952173233032227e-01 6.770148873329162598e-01
5.148949027061462402e-01 6.770771741867065430e-01
5.147945284843444824e-01 6.771394610404968262e-01
5.146940946578979492e-01 6.772017478942871094e-01
5.145936608314514160e-01 6.772640347480773926e-01
5.144931674003601074e-01 6.773262619972229004e-01
5.143926739692687988e-01 6.773884892463684082e-01
5.142921209335327148e-01 6.774507164955139160e-01
5.141915082931518555e-01 6.775129437446594238e-01
5.140908956527709961e-01 6.775751709938049316e-01
5.139902234077453613e-01 6.776373386383056641e-01
5.138894915580749512e-01 6.776995062828063965e-01
5.137887597084045410e-01 6.777616739273071289e-01
5.136879682540893555e-01 6.778238415718078613e-01
5.135871767997741699e-01 6.778860092163085938e-01
5.134863257408142090e-01 6.779481768608093262e-01
5.133854150772094727e-01 6.780103445053100586e-01
5.132845044136047363e-01 6.780724525451660156e-01
5.131835341453552246e-01 6.781345605850219727e-01
5.130825638771057129e-01 6.781966686248779297e-01
5.129815340042114258e-01 6.782587766647338867e-01
5.128804445266723633e-01 6.783208847045898438e-01
5.127793550491333008e-01 6.783829927444458008e-01
5.126782059669494629e-01 6.784450411796569824e-01
5.125770568847656250e-01 6.785070896148681641e-01
5.124758481979370117e-01 6.785691380500793457e-01
5.123746395111083984e-01 6.786311864852905273e-01
5.122733712196350098e-01 6.786932349205017090e-01
5.121720433235168457e-01 6.787552833557128906e-01
5.120707154273986816e-01 6.788173317909240723e-01
5.119693279266357422e-01 6.788793206214904785e-01
5.118679404258728027e-01 6.789413094520568848e-01
5.117664933204650879e-01 6.790032982826232910e-01
5.116650462150573730e-01 6.790652871131896973e-01
5.115635395050048828e-01 6.791272759437561035e-01
5.114619731903076172e-01 6.791892647743225098e-01
5.113604068756103516e-01 6.792512536048889160e-01
5.112587809562683105e-01 6.793132424354553223e-01
5.111571550369262695e-01 6.793751716613769531e-01
5.110554695129394531e-01 6.794371008872985840e-01
5.109537839889526367e-01 6.794990301132202148e-01
5.108520388603210449e-01 6.795609593391418457e-01
5.107502937316894531e-01 6.796228885650634766e-01
5.106484889984130859e-01 6.796848177909851074e-01
5.105466842651367188e-01 6.797467470169067383e-01
5.104448199272155762e-01 6.798086762428283691e-01
5.103429555892944336e-01 6.798705458641052246e-01
5.102410316467285156e-01 6.799324154853820801e-01
5.101390480995178223e-01 6.799942851066589355e-01
5.100370645523071289e-01 6.800561547279357910e-01
5.099350214004516602e-01 6.801180243492126465e-01
5.098329782485961914e-01 6.801798939704895020e-01
5.097308754920959473e-01 6.802417635917663574e-01
5.096287727355957031e-01 6.803036332130432129e-01
5.095266103744506836e-01 6.803655028343200684e-01
5.094244480133056641e-01 6.804273128509521484e-01
5.093222260475158691e-01 6.804891228675842285e-01
5.092200040817260742e-01 6.805509328842163086e-01
5.091177225112915039e-01 6.806127429008483887e-01
5.090154409408569336e-01 6.806745529174804688e-01
5.089130997657775879e-01 6.807363629341125488e-01
5.088107585906982422e-01 6.807981729507446289e-01
5.087083578109741211e-01 6.808599829673767090e-01
5.086059570312500000e-01 6.809217929840087891e-01
5.085034966468811035e-01 6.809835433959960938e-01
5.084010362625122070e-01 6.810452938079833984e-01
5.082985162734985352e-01 6.811070442199707031e-01
5.081959962844848633e-01 6.811687946319580078e-01
5.080934166908264160e-01 6.812305450439453125e-01
5.079908370971679688e-01 6.812922954559326172e-01
5.078882575035095215e-01 6.813540458679199219e-01
5.077856183052062988e-01 6.814157962799072266e-01
5.076829791069030762e-01 6.814775466918945312e-01
5.075802803039550781e-01 6.815392971038818359e-01
5.074775815010070801e-01 6.816010475158691406e-01
5.073748230934143066e-01 6.816627383232116699e-01
5.072720646858215332e-01 6.817244291305541992e-01
5.071692466735839844e-01 6.817861199378967285e-01
5.070664286613464355e-01 6.818478107452392578e-01
5.069635510444641113e-01 6.819095015525817871e-01
5.068606734275817871e-01 6.819711923599243164e-01
5.067577362060546875e-01 6.820328831672668457e-01
5.066547989845275879e-01 6.820945739746093750e-01
5.065518617630004883e-01 6.821562647819519043e-01
5.064488649368286133e-01 6.822179555892944336e-01
5.063458681106567383e-01 6.822796463966369629e-01
5.062428116798400879e-01 6.823413372039794922e-01
5.061397552490234375e-01 6.824029684066772461e-01
5.060366392135620117e-01 6.824645996093750000e-01
5.059335231781005859e-01 6.825262308120727539e-01
5.058303475379943848e-01 6.825878620147705078e-01
5.057271718978881836e-01 6.826494932174682617e-01
5.056239962577819824e-01 6.827111244201660156e-01
5.055207610130310059e-01 6.827727556228637695e-01
5.054175257682800293e-01 6.828343868255615234e-01
5.053142309188842773e-01 6.828960180282592773e-01
5.052109360694885254e-01 6.829576492309570312e-01
5.051075816154479980e-01 6.830192804336547852e-01
5.050042271614074707e-01 6.830809116363525391e-01
5.049008727073669434e-01 6.831425428390502930e-01
5.047974586486816406e-01 6.832041740417480469e-01
5.046940445899963379e-01 6.832657456398010254e-01
5.045905709266662598e-01 6.833273172378540039e-01
5.044870972633361816e-01 6.833888888359069824e-01
5.043836236000061035e-01 6.834504604339599609e-01
5.042800903320312500e-01 6.835120320320129395e-01
5.041765570640563965e-01 6.835736036300659180e-01
5.040729641914367676e-01 6.836351752281188965e-01
5.039693713188171387e-01 6.836967468261718750e-01
5.038657784461975098e-01 6.837583184242248535e-01
5.037621259689331055e-01 6.838198900222778320e-01
5.036584734916687012e-01 6.838814616203308105e-01
5.035547614097595215e-01 6.839430332183837891e-01
5.034510493278503418e-01 6.840046048164367676e-01
5.033473372459411621e-01 6.840661764144897461e-01
5.032435655593872070e-01 6.841277480125427246e-01
5.031397938728332520e-01 6.841893196105957031e-01
5.030359625816345215e-01 6.842508912086486816e-01
5.029321312904357910e-01 6.843124628067016602e-01
5.028282999992370605e-01 6.843739748001098633e-01
5.027244091033935547e-01 6.844354867935180664e-01
5.026205182075500488e-01 6.844969987869262695e-01
5.025166273117065430e-01 6.845585107803344727e-01
5.024126768112182617e-01 6.846200227737426758e-01
5.023087263107299805e-01 6.846815347671508789e-01
5.022047162055969238e-01 6.847430467605590820e-01
5.021007061004638672e-01 6.848045587539672852e-01
5.019966959953308105e-01 6.848660707473754883e-01
5.018926262855529785e-01 6.849275827407836914e-01
5.017885565757751465e-01 6.849890947341918945e-01
5.016844868659973145e-01 6.850506067276000977e-01
5.015803575515747070e-01 6.851121187210083008e-01
5.014762282371520996e-01 6.851736307144165039e-01
5.013720989227294922e-01 6.852351427078247070e-01
5.012679100036621094e-01 6.852966547012329102e-01
5.011637210845947266e-01 6.853581666946411133e-01
5.010595321655273438e-01 6.854196786880493164e-01
5.009552836418151855e-01 6.854811906814575195e-01
5.008510351181030273e-01 6.855427026748657227e-01
5.007467269897460938e-01 6.856042146682739258e-01
5.006424188613891602e-01 6.856657266616821289e-01
5.005381107330322266e-01 6.857271790504455566e-01
5.004337430000305176e-01 6.857886314392089844e-01
5.003293752670288086e-01 6.858500838279724121e-01
5.002250075340270996e-01 6.859115362167358398e-01
5.001205801963806152e-01 6.859729886054992676e-01
5.000161528587341309e-01 6.860344409942626953e-01
4.999117255210876465e-01 6.860958933830261230e-01
4.998072683811187744e-01 6.861573457717895508e-01
4.997027814388275146e-01 6.862187981605529785e-01
4.995982944965362549e-01 6.862802505493164062e-01
4.994937777519226074e-01 6.863417029380798340e-01
4.993892312049865723e-01 6.864031553268432617e-01
4.992846846580505371e-01 6.864646077156066895e-01
4.991801083087921143e-01 6.865260601043701172e-01
4.990755021572113037e-01 6.865875124931335449e-01
4.989708960056304932e-01 6.866489648818969727e-01
4.988662600517272949e-01 6.867104172706604004e-01
4.987615942955017090e-01 6.867718696594238281e-01
4.986569285392761230e-01 6.868333220481872559e-01
4.985522329807281494e-01 6.868947744369506836e-01
4.984475374221801758e-01 6.869562268257141113e-01
4.983428120613098145e-01 6.870176792144775391e-01
4.982380568981170654e-01 6.870791316032409668e-01
4.981333017349243164e-01 6.871405839920043945e-01
4.980285167694091797e-01 6.872020363807678223e-01
4.979237318038940430e-01 6.872634887695312500e-01
4.978189170360565186e-01 6.873249411582946777e-01
4.977140724658966064e-01 6.873863935470581055e-01
4.976092278957366943e-01 6.874478459358215332e-01
4.975043535232543945e-01 6.875092983245849609e-01
4.973994791507720947e-01 6.875707507133483887e-01
4.972945749759674072e-01 6.876322031021118164e-01
4.971896409988403320e-01 6.876936554908752441e-01
4.970847070217132568e-01 6.877550482749938965e-01
4.969797432422637939e-01 6.878164410591125488e-01
4.968747794628143311e-01 6.878778338432312012e-01
4.967697858810424805e-01 6.879392266273498535e-01
4.966647922992706299e-01 6.880006194114685059e-01
4.965597689151763916e-01 6.880620121955871582e-01
4.964547157287597656e-01 6.881234049797058105e-01
4.963496625423431396e-01 6.881847977638244629e-01
4.962445795536041260e-01 6.882461905479431152e-01
4.961394965648651123e-01 6.883075833320617676e-01
4.960343837738037109e-01 6.883689761161804199e-01
4.959292709827423096e-01 6.884303689002990723e-01
4.958241283893585205e-01 6.884917616844177246e-01
4.957189857959747314e-01 6.885531544685363770e-01
4.956138134002685547e-01 6.886145472526550293e-01
4.955086112022399902e-01 6.886759400367736816e-01
4.954034090042114258e-01 6.887373328208923340e-01
4.952981770038604736e-01 6.887987256050109863e-01
4.951929450035095215e-01 6.888601183891296387e-01
4.950876832008361816e-01 6.889215111732482910e-01
4.949824213981628418e-01 6.889829039573669434e-01
4.948771297931671143e-01 6.890442967414855957e-01
4.947718381881713867e-01 6.891056895256042480e-01
4.946665167808532715e-01 6.891670823097229004e-01
4.945611953735351562e-01 6.892284750938415527e-01
4.944558441638946533e-01 6.892898678779602051e-01
4.943504929542541504e-01 6.893512606620788574e-01
4.942451119422912598e-01 6.894126534461975098e-01
4.941397309303283691e-01 6.894740462303161621e-01
4.940343201160430908e-01 6.895354390144348145e-01
4.939289093017578125e-01 6.895968317985534668e-01
4.938234686851501465e-01 6.896582245826721191e-01
4.937180280685424805e-01 6.897196173667907715e-01
4.936125576496124268e-01 6.897810101509094238e-01
4.935070872306823730e-01 6.898424029350280762e-01
4.934015870094299316e-01 6.899037957191467285e-01
4.932960867881774902e-01 6.899651885032653809e-01
4.931905567646026611e-01 6.900265812873840332e-01
4.930850267410278320e-01 6.900879740715026855e-01
4.929794669151306152e-01 6.901493668556213379e-01
4.928739070892333984e-01 6.902107596397399902e-01
4.927683472633361816e-01 6.902721524238586426e-01
4.926627576351165771e-01 6.903335452079772949e-01
4.925571680068969727e-01 6.903949379920959473e-01
4.924515485763549805e-01 6.904563307762145996e-01
4.923459291458129883e-01 6.905177235603332520e-01
4.922402799129486084e-01 6.905791163444519043e-01
4.921346306800842285e-01 6.906405091285705566e-01
4.920289516448974609e-01 6.907019019126892090e-01
4.919232726097106934e-01 6.907632946968078613e-01
4.918175637722015381e-01 6.908246874809265137e-01
4.917118549346923828e-01 6.908860802650451660e-01
4.916061460971832275e-01 6.909474730491638184e-01
4.915004074573516846e-01 6.910088658332824707e-01
4.913946688175201416e-01 6.910702586174011230e-01
4.912889003753662109e-01 6.911316514015197754e-01
4.911831319332122803e-01 6.911930441856384277e-01
4.910773336887359619e-01 6.912544369697570801e-01
4.909715354442596436e-01 6.913158297538757324e-01
4.908657371997833252e-01 6.913772225379943848e-01
4.907599091529846191e-01 6.914386153221130371e-01
4.906540811061859131e-01 6.915000081062316895e-01
4.905482232570648193e-01 6.915614008903503418e-01
4.904423654079437256e-01 6.916227936744689941e-01
4.903365075588226318e-01 6.916841864585876465e-01
4.902306199073791504e-01 6.917455792427062988e-01
4.901247322559356689e-01 6.918069720268249512e-01
4.900188148021697998e-01 6.918683648109436035e-01
4.899128973484039307e-01 6.919297575950622559e-01
4.898069500923156738e-01 6.919911503791809082e-01
4.897010028362274170e-01 6.920525431632995605e-01
4.895950555801391602e-01 6.921139359474182129e-01
4.894890785217285156e-01 6.921753287315368652e-01
4.893831014633178711e-01 6.922367215156555176e-01
4.892771244049072266e-01 6.922981142997741699e-01
4.891711175441741943e-01 6.923595070838928223e-01
4.890651106834411621e-01 6.924208998680114746e-01
4.889590740203857422e-01 6.924822926521301270e-01
4.888530373573303223e-01 6.925436854362487793e-01
4.887470006942749023e-01 6.926050782203674316e-01
4.886409342288970947e-01 6.926664710044860840e-01
4.885348677635192871e-01 6.927278637886047363e-01
4.884288012981414795e-01 6.927892565727233887e-01
4.883227050304412842e-01 6.928506493568420410e-01
4.882166087627410889e-01 6.929120421409606934e-01
4.881104826927185059e-01 6.929734349250793457e-01
4.880043566226959229e-01 6.930348277091979980e-01
4.878982305526733398e-01 6.930962204933166504e-01
4.877920746803283691e-01 6.931576132774353027e-01
4.876859188079833984e-01 6.932190060615539551e-01
4.875797629356384277e-01 6.932803988456726074e-01
4.874735772609710693e-01 6.933417916297912598e-01
4.873673915863037109e-01 6.934031844139099121e-01
4.872612059116363525e-01 6.934645771980285645e-01
4.871549904346466064e-01 6.935259699821472168e-01
4.870487749576568604e-01 6.935873031616210938e-01
4.869425594806671143e-01 6.936486363410949707e-01
4.868363142013549805e-01 6.937099695205688477e-01
4.867300689220428467e-01 6.937713027000427246e-01
4.866238236427307129e-01 6.938326358795166016e-01
4.865175485610961914e-01 6.938939690589904785e-01
4.864112734794616699e-01 6.939553022384643555e-01
4.863049983978271484e-01 6.940166354179382324e-01
4.861986935138702393e-01 6.940779685974121094e-01
4.860923886299133301e-01 6.941393017768859863e-01
4.859860837459564209e-01 6.942006349563598633e-01
4.858797490596771240e-01 6.942619681358337402e-01
4.857734143733978271e-01 6.943233013153076172e-01
4.856670796871185303e-01 6.943846344947814941e-01
4.855607450008392334e-01 6.944459676742553711e-01
4.854543805122375488e-01 6.945073008537292480e-01
4.853480160236358643e-01 6.945686340332031250e-01
4.852416515350341797e-01 6.946299672126770020e-01
4.851352572441101074e-01 6.946913003921508789e-01
4.850288629531860352e-01 6.947526335716247559e-01
4.849224686622619629e-01 6.948139667510986328e-01
4.848160445690155029e-01 6.948752999305725098e-01
4.847096204757690430e-01 6.949366331100463867e-01
4.846031963825225830e-01 6.949979662895202637e-01
4.844967722892761230e-01 6.950592994689941406e-01
4.843903183937072754e-01 6.951206326484680176e-01
4.842838644981384277e-01 6.951819658279418945e-01
4.841774106025695801e-01 6.952432990074157715e-01
4.840709567070007324e-01 6.953046321868896484e-01
4.839644730091094971e-01 6.953659653663635254e-01
4.838579893112182617e-01 6.954272985458374023e-01
4.837515056133270264e-01 6.954886317253112793e-01
4.836450219154357910e-01 6.955499649047851562e-01
4.835385084152221680e-01 6.956112980842590332e-01
4.834319949150085449e-01 6.956726312637329102e-01
4.833254814147949219e-01 6.957339644432067871e-01
4.832189381122589111e-01 6.957952976226806641e-01
4.831123948097229004e-01 6.958566308021545410e-01
4.830058515071868896e-01 6.959179639816284180e-01
4.828993082046508789e-01 6.959792971611022949e-01
4.827927649021148682e-01 6.960406303405761719e-01
4.826861917972564697e-01 6.961019635200500488e-01
4.825796186923980713e-01 6.961632966995239258e-01
4.824730455875396729e-01 6.962246298789978027e-01
4.823664724826812744e-01 6.962859630584716797e-01
4.822598695755004883e-01 6.963472962379455566e-01
4.821532666683197021e-01 6.964086294174194336e-01
4.820466637611389160e-01 6.964699625968933105e-01
4.819400608539581299e-01 6.965312957763671875e-01
4.818334281444549561e-01 6.965926289558410645e-01
4.817267954349517822e-01 6.966539621353149414e-01
4.816201627254486084e-01 6.967152953147888184e-01
4.815135300159454346e-01 6.967766284942626953e-01
4.814068973064422607e-01 6.968379616737365723e-01
4.813002347946166992e-01 6.968992948532104492e-01
4.811935722827911377e-01 6.969606280326843262e-01
4.810869097709655762e-01 6.970219612121582031e-01
4.809802472591400146e-01 6.970832943916320801e-01
4.808735549449920654e-01 6.971446275711059570e-01
4.807668626308441162e-01 6.972059607505798340e-01
4.806601703166961670e-01 6.972672939300537109e-01
4.805534780025482178e-01 6.973286271095275879e-01
4.804467856884002686e-01 6.973899602890014648e-01
4.803400635719299316e-01 6.974512934684753418e-01
4.802333414554595947e-01 6.975126266479492188e-01
4.801266193389892578e-01 6.975739598274230957e-01
4.800198972225189209e-01 6.976352930068969727e-01
4.799131751060485840e-01 6.976966261863708496e-01
4.798064231872558594e-01 6.977579593658447266e-01
4.796996712684631348e-01 6.978192925453186035e-01
4.795929193496704102e-01 6.978806257247924805e-01
4.794861674308776855e-01 6.979419589042663574e-01
4.793794155120849609e-01 6.980032920837402344e-01
4.792726635932922363e-01 6.980646252632141113e-01
4.791658818721771240e-01 6.981259584426879883e-01
4.790591001510620117e-01 6.981872916221618652e-01
4.789523184299468994e-01 6.982486248016357422e-01
4.788455367088317871e-01 6.983099579811096191e-01
4.787387549877166748e-01 6.983712911605834961e-01
4.786319732666015625e-01 6.984326243400573730e-01
4.785251617431640625e-01 6.984939575195312500e-01
4.784183502197265625e-01 6.985552906990051270e-01
4.783115386962890625e-01 6.986166238784790039e-01
4.782047271728515625e-01 6.986779570579528809e-01
4.780979156494140625e-01 6.987392902374267578e-01
4.779911041259765625e-01 6.988006234169006348e-01
4.778842628002166748e-01 6.988619565963745117e-01
4.777774214744567871e-01 6.989232897758483887e-01
4.776705801486968994e-01 6.989846229553222656e-01
4.775637388229370117e-01 6.990459561347961426e-01
4.774568974971771240e-01 6.991072893142700195e-01
4.773500561714172363e-01 6.991686224937438965e-01
4.772431850433349609e-01 6.992299556732177734e-01
4.771363139152526855e-01 6.992912888526916504e-01
4.770294427871704102e-01 6.993526220321655273e-01
4.769225716590881348e-01 6.994139552116394043e-01
4.768157005310058594e-01 6.994752883911132812e-01
4.767088294029235840e-01 6.995366215705871582e-01
4.766019582748413086e-01 6.995979547500610352e-01
4.764950871467590332e-01 6.996592879295349121e-01
4.763881862163543701e-01 6.997206211090087891e-01
4.762812852859497070e-01 6.997819542884826660e-01
4.761743843555450439e-01 6.998432874679565430e-01
4.760674834251403809e-01 6.999046206474304199e-01
4.759605824947357178e-01 6.999659538269042969e-01
4.758536815643310547e-01 7.000272870063781738e-01
4.757467806339263916e-01 7.000886201858520508e-01
4.756398797035217285e-01 7.001499533653259277e-01
4.755329489707946777e-01 7.002112865447998047e-01
4.754260182380676270e-01 7.002726197242736816e-01
4.753190875053405762e-01 7.003339529037475586e-01
4.752121567726135254e-01 7.003952860832214355e-01
4.751052260398864746e-01 7.004566192626953125e-01
4.749982953071594238e-01 7.005179524421691895e-01
4.748913645744323730e-01 7.005792856216430664e-01
4.747844338417053223e-01 7.006406188011169434e-01
4.746775031089782715e-01 7.007019519805908203e-01
4.745705425739288330e-01 7.007632851600646973e-01
4.744635820388793945e-01 7.008246183395385742e-01
4.743566215038299561e-01 7.008859515190124512e-01
4.742496609687805176e-01 7.009472846984863281e-01
4.741427004337310791e-01 7.010086178779602051e-01
4.740357398986816406e-01 7.010699510574340820e-01
4.739287793636322021e-01 7.011312842369079590e-01
4.738218188285827637e-01 7.011926174163818359e-01
4.737148582935333252e-01 7.012539505958557129e-01
4.736078977584838867e-01 7.013152837753295898e-01
4.735009074211120605e-01 7.013766169548034668e-01
4.733939170837402344e-01 7.014379501342773438e-01
4.732869267463684082e-01 7.014992833137512207e-01
4.731799364089965820e-01 7.015606164932250977e-01
4.730729460716247559e-01 7.016219496726989746e-01
4.729659557342529297e-01 7.016832828521728516e-01
4.728589653968811035e-01 7.017446160316467285e-01
4.727519750595092773e-01 7.018059492111206055e-01
4.726449847221374512e-01 7.018672823905944824e-01
4.725379943847656250e-01 7.019286155700683594e-01
4.724310040473937988e-01 7.019899487495422363e-01
4.723240137100219727e-01 7.020512819290161133e-01
4.722170233726501465e-01 7.021126151084899902e-01
4.721100032329559326e-01 7.021739482879638672e-01
4.720029830932617188e-01 7.022352814674377441e-01
4.718959629535675049e-01 7.022966146469116211e-01
4.717889428138732910e-01 7.023579478263854980e-01
4.716819226741790771e-01 7.024192810058593750e-01
4.715749025344848633e-01 7.024806141853332520e-01
4.714678823947906494e-01 7.025419473648071289e-01
4.713608622550964355e-01 7.026032805442810059e-01
4.712538421154022217e-01 7.026646137237548828e-01
4.711468219757080078e-01 7.027259469032287598e-01
4.710398018360137939e-01 7.027872204780578613e-01
4.709327816963195801e-01 7.028484940528869629e-01
4.708257615566253662e-01 7.029097676277160645e-01
4.707187414169311523e-01 7.029710412025451660e-01
4.706117212772369385e-01 7.030323147773742676e-01
4.705047011375427246e-01 7.030935883522033691e-01
4.703976809978485107e-01 7.031548619270324707e-01
4.702906608581542969e-01 7.032161355018615723e-01
4.701836407184600830e-01 7.032774090766906738e-01
4.700766205787658691e-01 7.033386826515197754e-01
4.699696004390716553e-01 7.033999562263488770e-01
4.698625802993774414e-01 7.034612298011779785e-01
4.697555303573608398e-01 7.035225033760070801e-01
4.696484804153442383e-01 7.035837769508361816e-01
4.695414304733276367e-01 7.036450505256652832e-01
4.694343805313110352e-01 7.037063241004943848e-01
4.693273305892944336e-01 7.037675976753234863e-01
4.692202806472778320e-01 7.038288712501525879e-01
4.691132307052612305e-01 7.038901448249816895e-01
4.690061807632446289e-01 7.039514183998107910e-01
4.688991308212280273e-01 7.040126919746398926e-01
4.687920808792114258e-01 7.040739655494689941e-01
4.686850309371948242e-01 7.041352391242980957e-01
4.685779809951782227e-01 7.041965126991271973e-01
4.684709310531616211e-01 7.042577862739562988e-01
4.683638811111450195e-01 7.043190598487854004e-01
4.682568311691284180e-01 7.043803334236145020e-01
4.681497812271118164e-01 7.044416069984436035e-01
4.680427312850952148e-01 7.045028805732727051e-01
4.679356813430786133e-01 7.045641541481018066e-01
4.678286314010620117e-01 7.046254277229309082e-01
4.677215814590454102e-01 7.046867012977600098e-01
4.676145315170288086e-01 7.047479748725891113e-01
4.675074815750122070e-01 7.048092484474182129e-01
4.674004316329956055e-01 7.048705220222473145e-01
4.672933816909790039e-01 7.049317955970764160e-01
4.671863317489624023e-01 7.049930691719055176e-01
4.670792818069458008e-01 7.050543427467346191e-01
4.669722318649291992e-01 7.051156163215637207e-01
4.668651819229125977e-01 7.051768898963928223e-01
4.667581319808959961e-01 7.052381634712219238e-01
4.666510820388793945e-01 7.052993774414062500e-01
4.665440320968627930e-01 7.053605914115905762e-01
4.664369821548461914e-01 7.054218053817749023e-01
4.663299620151519775e-01 7.054830193519592285e-01
4.662229418754577637e-01 7.055442333221435547e-01
4.661159217357635498e-01 7.056054472923278809e-01
4.660089015960693359e-01 7.056666612625122070e-01
4.659018814563751221e-01 7.057278752326965332e-01
4.657948613166809082e-01 7.057890892028808594e-01
4.656878411769866943e-01 7.058503031730651855e-01
4.655808210372924805e-01 7.059115171432495117e-01
4.654738008975982666e-01 7.059727311134338379e-01
4.653667807579040527e-01 7.060339450836181641e-01
4.652597606182098389e-01 7.060951590538024902e-01
4.651527404785156250e-01 7.061563730239868164e-01
4.650457203388214111e-01 7.062175869941711426e-01
4.649387001991271973e-01 7.062788009643554688e-01
4.648316800594329834e-01 7.063400149345397949e-01
4.647246599197387695e-01 7.064012289047241211e-01
4.646176397800445557e-01 7.064624428749084473e-01
4.645106196403503418e-01 7.065236568450927734e-01
4.644035995006561279e-01 7.065848708152770996e-01
4.642965793609619141e-01 7.066460847854614258e-01
4.641895592212677002e-01 7.067072987556457520e-01
4.640825390815734863e-01 7.067685127258300781e-01
4.639755189418792725e-01 7.068297266960144043e-01
4.638685286045074463e-01 7.068909406661987305e-01
4.637615382671356201e-01 7.069521546363830566e-01
4.636545479297637939e-01 7.070133686065673828e-01
4.635475575923919678e-01 7.070745825767517090e-01
4.634405672550201416e-01 7.071357369422912598e-01
4.633335769176483154e-01 7.071968913078308105e-01
4.632265865802764893e-01 7.072580456733703613e-01
4.631195962429046631e-01 7.073192000389099121e-01
4.630126059055328369e-01 7.073803544044494629e-01
4.629056155681610107e-01 7.074415087699890137e-01
4.627986252307891846e-01 7.075026631355285645e-01
4.626916348934173584e-01 7.075638175010681152e-01
4.625846445560455322e-01 7.076249718666076660e-01
4.624776542186737061e-01 7.076861262321472168e-01
4.623706936836242676e-01 7.077472805976867676e-01
4.622637331485748291e-01 7.078084349632263184e-01
4.621567726135253906e-01 7.078695893287658691e-01
4.620498120784759521e-01 7.079307436943054199e-01
4.619428515434265137e-01 7.079918980598449707e-01
4.618358910083770752e-01 7.080530524253845215e-01
4.617289304733276367e-01 7.081142067909240723e-01
4.616219699382781982e-01 7.081753611564636230e-01
4.615150094032287598e-01 7.082365155220031738e-01
4.614080488681793213e-01 7.082976698875427246e-01
4.613010883331298828e-01 7.083588242530822754e-01
4.611941576004028320e-01 7.084199786186218262e-01
4.610872268676757812e-01 7.084811329841613770e-01
4.609802961349487305e-01 7.085422277450561523e-01
4.608733654022216797e-01 7.086033225059509277e-01
4.607664346694946289e-01 7.086644172668457031e-01
4.606595039367675781e-01 7.087255120277404785e-01
4.605525732040405273e-01 7.087866067886352539e-01
4.604456424713134766e-01 7.088477015495300293e-01
4.603387117385864258e-01 7.089087963104248047e-01
4.602318108081817627e-01 7.089698910713195801e-01
4.601249098777770996e-01 7.090309858322143555e-01
4.600180089473724365e-01 7.090920805931091309e-01
4.599111080169677734e-01 7.091531753540039062e-01
4.598042070865631104e-01 7.092142701148986816e-01
4.596973061561584473e-01 7.092753648757934570e-01
4.595904052257537842e-01 7.093364596366882324e-01
4.594835042953491211e-01 7.093975543975830078e-01
4.593766331672668457e-01 7.094586491584777832e-01
4.592697620391845703e-01 7.095197439193725586e-01
4.591628909111022949e-01 7.095808386802673340e-01
4.590560197830200195e-01 7.096419334411621094e-01
4.589491486549377441e-01 7.097030282020568848e-01
4.588422775268554688e-01 7.097641229629516602e-01
4.587354063987731934e-01 7.098251581192016602e-01
4.586285352706909180e-01 7.098861932754516602e-01
4.585216939449310303e-01 7.099472284317016602e-01
4.584148526191711426e-01 7.100082635879516602e-01
4.583080112934112549e-01 7.100692987442016602e-01
4.582011699676513672e-01 7.101303339004516602e-01
4.580943286418914795e-01 7.101913690567016602e-01
4.579874873161315918e-01 7.102524042129516602e-01
4.578806459903717041e-01 7.103134393692016602e-01
4.577738344669342041e-01 7.103744745254516602e-01
4.576670229434967041e-01 7.104355096817016602e-01
4.575602114200592041e-01 7.104965448379516602e-01
4.574533998966217041e-01 7.105575799942016602e-01
4.573465883731842041e-01 7.106186151504516602e-01
4.572397768497467041e-01 7.106796503067016602e-01
4.571329653263092041e-01 7.107406854629516602e-01
4.570261836051940918e-01 7.108017206192016602e-01
4.569194018840789795e-01 7.108627557754516602e-01
4.568126201629638672e-01 7.109237313270568848e-01
4.567058384418487549e-01 7.109847068786621094e-01
4.565990567207336426e-01 7.110456824302673340e-01
4.564922749996185303e-01 7.111066579818725586e-01
4.563855230808258057e-01 7.111676335334777832e-01
4.562787711620330811e-01 7.112286090850830078e-01
4.561720192432403564e-01 7.112895846366882324e-01
4.560652673244476318e-01 7.113505601882934570e-01
4.559585154056549072e-01 7.114115357398986816e-01
4.558517634868621826e-01 7.114725112915039062e-01
4.557450413703918457e-01 7.115334868431091309e-01
4.556383192539215088e-01 7.115944623947143555e-01
4.555315971374511719e-01 7.116554379463195801e-01
4.554248750209808350e-01 7.117164134979248047e-01
4.553181529045104980e-01 7.117773890495300293e-01
4.552114605903625488e-01 7.118383646011352539e-01
4.551047682762145996e-01 7.118993401527404785e-01
4.549980759620666504e-01 7.119602560997009277e-01
4.548913836479187012e-01 7.120211720466613770e-01
4.547846913337707520e-01 7.120820879936218262e-01
4.546780288219451904e-01 7.121430039405822754e-01
4.545713663101196289e-01 7.122039198875427246e-01
4.544647037982940674e-01 7.122648358345031738e-01
4.543580412864685059e-01 7.123257517814636230e-01
4.542513787746429443e-01 7.123866677284240723e-01
4.541447162628173828e-01 7.124475836753845215e-01
4.540380835533142090e-01 7.125084996223449707e-01
4.539314508438110352e-01 7.125694155693054199e-01
4.538248181343078613e-01 7.126303315162658691e-01
4.537181854248046875e-01 7.126912474632263184e-01
4.536115825176239014e-01 7.127521634101867676e-01
4.535049796104431152e-01 7.128130793571472168e-01
4.533983767032623291e-01 7.128739356994628906e-01
4.532917737960815430e-01 7.129347920417785645e-01
4.531851708889007568e-01 7.129956483840942383e-01
4.530785977840423584e-01 7.130565047264099121e-01
4.529720246791839600e-01 7.131173610687255859e-01
4.528654515743255615e-01 7.131782174110412598e-01
4.527588784694671631e-01 7.132390737533569336e-01
4.526523053646087646e-01 7.132999300956726074e-01
4.525457620620727539e-01 7.133607864379882812e-01
4.524392187595367432e-01 7.134216427803039551e-01
4.523326754570007324e-01 7.134824991226196289e-01
4.522261321544647217e-01 7.135433554649353027e-01
4.521196186542510986e-01 7.136042118072509766e-01
4.520131051540374756e-01 7.136650681495666504e-01
4.519065916538238525e-01 7.137258648872375488e-01
4.518000781536102295e-01 7.137866616249084473e-01
4.516935646533966064e-01 7.138474583625793457e-01
4.515870809555053711e-01 7.139082551002502441e-01
4.514805972576141357e-01 7.139690518379211426e-01
4.513741135597229004e-01 7.140298485755920410e-01
4.512676298618316650e-01 7.140906453132629395e-01
4.511611759662628174e-01 7.141514420509338379e-01
4.510547220706939697e-01 7.142122387886047363e-01
4.509482681751251221e-01 7.142730355262756348e-01
4.508418142795562744e-01 7.143338322639465332e-01
4.507353901863098145e-01 7.143946290016174316e-01
4.506289660930633545e-01 7.144554257392883301e-01
4.505225419998168945e-01 7.145161628723144531e-01
4.504161179065704346e-01 7.145769000053405762e-01
4.503097236156463623e-01 7.146376371383666992e-01
4.502033293247222900e-01 7.146983742713928223e-01
4.500969350337982178e-01 7.147591114044189453e-01
4.499905407428741455e-01 7.148198485374450684e-01
4.498841762542724609e-01 7.148805856704711914e-01
4.497778117656707764e-01 7.149413228034973145e-01
4.496714472770690918e-01 7.150020599365234375e-01
4.495650827884674072e-01 7.150627970695495605e-01
4.494587481021881104e-01 7.151235342025756836e-01
4.493524134159088135e-01 7.151842713356018066e-01
4.492460787296295166e-01 7.152450084686279297e-01
4.491397440433502197e-01 7.153056859970092773e-01
4.490334391593933105e-01 7.153663635253906250e-01
4.489271342754364014e-01 7.154270410537719727e-01
4.488208293914794922e-01 7.154877185821533203e-01
4.487145543098449707e-01 7.155483961105346680e-01
4.486082792282104492e-01 7.156090736389160156e-01
4.485020041465759277e-01 7.156697511672973633e-01
4.483957290649414062e-01 7.157304286956787109e-01
4.482894837856292725e-01 7.157911062240600586e-01
4.481832385063171387e-01 7.158517837524414062e-01
4.480769932270050049e-01 7.159124612808227539e-01
4.479707777500152588e-01 7.159731388092041016e-01
4.478645622730255127e-01 7.160337567329406738e-01
4.477583467960357666e-01 7.160943746566772461e-01
4.476521313190460205e-01 7.161549925804138184e-01
4.475459456443786621e-01 7.162156105041503906e-01
4.474397599697113037e-01 7.162762284278869629e-01
4.473335742950439453e-01 7.163368463516235352e-01
4.472274184226989746e-01 7.163974642753601074e-01
4.471212625503540039e-01 7.164580821990966797e-01
4.470151066780090332e-01 7.165187001228332520e-01
4.469089508056640625e-01 7.165793180465698242e-01
4.468028247356414795e-01 7.166399359703063965e-01
4.466966986656188965e-01 7.167004942893981934e-01
4.465905725955963135e-01 7.167610526084899902e-01
4.464844763278961182e-01 7.168216109275817871e-01
4.463783800601959229e-01 7.168821692466735840e-01
4.462722837924957275e-01 7.169427275657653809e-01
4.461662173271179199e-01 7.170032858848571777e-01
4.460601508617401123e-01 7.170638442039489746e-01
4.459540843963623047e-01 7.171244025230407715e-01
4.458480179309844971e-01 7.171849608421325684e-01
4.457419812679290771e-01 7.172455191612243652e-01
4.456359446048736572e-01 7.173060774803161621e-01
4.455299079418182373e-01 7.173665761947631836e-01
4.454239010810852051e-01 7.174270749092102051e-01
4.453178942203521729e-01 7.174875736236572266e-01
4.452118873596191406e-01 7.175480723381042480e-01
4.451059103012084961e-01 7.176085710525512695e-01
4.449999332427978516e-01 7.176690697669982910e-01
4.448939561843872070e-01 7.177295684814453125e-01
4.447880089282989502e-01 7.177900671958923340e-01
4.446820616722106934e-01 7.178505659103393555e-01
4.445761144161224365e-01 7.179110646247863770e-01
4.444701969623565674e-01 7.179715037345886230e-01
4.443642795085906982e-01 7.180319428443908691e-01
4.442583620548248291e-01 7.180923819541931152e-01
4.441524744033813477e-01 7.181528210639953613e-01
4.440465867519378662e-01 7.182132601737976074e-01
4.439406991004943848e-01 7.182736992835998535e-01
4.438348412513732910e-01 7.183341383934020996e-01
4.437289834022521973e-01 7.183945775032043457e-01
4.436231255531311035e-01 7.184550166130065918e-01
4.435172975063323975e-01 7.185154557228088379e-01
4.434114694595336914e-01 7.185758352279663086e-01
4.433056414127349854e-01 7.186362147331237793e-01
4.431998431682586670e-01 7.186965942382812500e-01
4.430940449237823486e-01 7.187569737434387207e-01
4.429882466793060303e-01 7.188173532485961914e-01
4.428824782371520996e-01 7.188777327537536621e-01
4.427767097949981689e-01 7.189381122589111328e-01
4.426709413528442383e-01 7.189984917640686035e-01
4.425652027130126953e-01 7.190588712692260742e-01
4.424594640731811523e-01 7.191192507743835449e-01
4.423537254333496094e-01 7.191795706748962402e-01
4.422480165958404541e-01 7.192398905754089355e-01
4.421423077583312988e-01 7.193002104759216309e-01
4.420366287231445312e-01 7.193605303764343262e-01
4.419309496879577637e-01 7.194208502769470215e-01
4.418252706527709961e-01 7.194811701774597168e-01
4.417196214199066162e-01 7.195414900779724121e-01
4.416139721870422363e-01 7.196018099784851074e-01
4.415083229541778564e-01 7.196621298789978027e-01
4.414027035236358643e-01 7.197223901748657227e-01
4.412970840930938721e-01 7.197826504707336426e-01
4.411914944648742676e-01 7.198429107666015625e-01
4.410859048366546631e-01 7.199031710624694824e-01
4.409803152084350586e-01 7.199634313583374023e-01
4.408747553825378418e-01 7.200236916542053223e-01
4.407691955566406250e-01 7.200839519500732422e-01
4.406636357307434082e-01 7.201442122459411621e-01
4.405581057071685791e-01 7.202044725418090820e-01
4.404525756835937500e-01 7.202646732330322266e-01
4.403470754623413086e-01 7.203248739242553711e-01
4.402415752410888672e-01 7.203850746154785156e-01
4.401360750198364258e-01 7.204452753067016602e-01
4.400306046009063721e-01 7.205054759979248047e-01
4.399251341819763184e-01 7.205656766891479492e-01
4.398196637630462646e-01 7.206258773803710938e-01
4.397142231464385986e-01 7.206860780715942383e-01
4.396087825298309326e-01 7.207462787628173828e-01
4.395033717155456543e-01 7.208064198493957520e-01
4.393979609012603760e-01 7.208665609359741211e-01
4.392925500869750977e-01 7.209267020225524902e-01
4.391871690750122070e-01 7.209868431091308594e-01
4.390817880630493164e-01 7.210469841957092285e-01
4.389764368534088135e-01 7.211071252822875977e-01
4.388710856437683105e-01 7.211672663688659668e-01
4.387657344341278076e-01 7.212274074554443359e-01
4.386604130268096924e-01 7.212874889373779297e-01
4.385550916194915771e-01 7.213475704193115234e-01
4.384498000144958496e-01 7.214076519012451172e-01
4.383445084095001221e-01 7.214677333831787109e-01
4.382392466068267822e-01 7.215278148651123047e-01
4.381339848041534424e-01 7.215878963470458984e-01
4.380287230014801025e-01 7.216479778289794922e-01
4.379234910011291504e-01 7.217080593109130859e-01
4.378182590007781982e-01 7.217680811882019043e-01
4.377130568027496338e-01 7.218281030654907227e-01
4.376078546047210693e-01 7.218881249427795410e-01
4.375026524066925049e-01 7.219481468200683594e-01
4.373974800109863281e-01 7.220081686973571777e-01
4.372923076152801514e-01 7.220681905746459961e-01
4.371871650218963623e-01 7.221282124519348145e-01
4.370820224285125732e-01 7.221882343292236328e-01
4.369769096374511719e-01 7.222482562065124512e-01
4.368717968463897705e-01 7.223082184791564941e-01
4.367666840553283691e-01 7.223681807518005371e-01
4.366616010665893555e-01 7.224281430244445801e-01
4.365565180778503418e-01 7.224881052970886230e-01
4.364514648914337158e-01 7.225480675697326660e-01
4.363464117050170898e-01 7.226080298423767090e-01
4.362413883209228516e-01 7.226679921150207520e-01
4.361363649368286133e-01 7.227279543876647949e-01
4.360313415527343750e-01 7.227878570556640625e-01
4.359263479709625244e-01 7.228477597236633301e-01
4.358213543891906738e-01 7.229076623916625977e-01
4.357163906097412109e-01 7.229675650596618652e-01
4.356114268302917480e-01 7.230274677276611328e-01
4.355064928531646729e-01 7.230873703956604004e-01
4.354015588760375977e-01 7.231472730636596680e-01
4.352966547012329102e-01 7.232071161270141602e-01
4.351917505264282227e-01 7.232669591903686523e-01
4.350868463516235352e-01 7.233268022537231445e-01
4.349819719791412354e-01 7.233866453170776367e-01
4.348770976066589355e-01 7.234464883804321289e-01
4.347722530364990234e-01 7.235063314437866211e-01
4.346674084663391113e-01 7.235661745071411133e-01
4.345625936985015869e-01 7.236260175704956055e-01
4.344577789306640625e-01 7.236858010292053223e-01
4.343529939651489258e-01 7.237455844879150391e-01
4.342482089996337891e-01 7.238053679466247559e-01
4.341434538364410400e-01 7.238651514053344727e-01
4.340386986732482910e-01 7.239249348640441895e-01
4.339339733123779297e-01 7.239847183227539062e-01
4.338292479515075684e-01 7.240445017814636230e-01
4.337245523929595947e-01 7.241042256355285645e-01
4.336198568344116211e-01 7.241639494895935059e-01
4.335151612758636475e-01 7.242236733436584473e-01
4.334104955196380615e-01 7.242833971977233887e-01
4.333058297634124756e-01 7.243431210517883301e-01
4.332011938095092773e-01 7.244028449058532715e-01
4.330965578556060791e-01 7.244625687599182129e-01
4.329919517040252686e-01 7.245222330093383789e-01
4.328873455524444580e-01 7.245818972587585449e-01
4.327827692031860352e-01 7.246415615081787109e-01
4.326781928539276123e-01 7.247012257575988770e-01
4.325736463069915771e-01 7.247608900070190430e-01
4.324690997600555420e-01 7.248205542564392090e-01
4.323645830154418945e-01 7.248802185058593750e-01
4.322600662708282471e-01 7.249398827552795410e-01
4.321555793285369873e-01 7.249994874000549316e-01
4.320510923862457275e-01 7.250590920448303223e-01
4.319466352462768555e-01 7.251186966896057129e-01
4.318421781063079834e-01 7.251783013343811035e-01
4.317377507686614990e-01 7.252379059791564941e-01
4.316333234310150146e-01 7.252975106239318848e-01
4.315289258956909180e-01 7.253571152687072754e-01
4.314245283603668213e-01 7.254166603088378906e-01
4.313201606273651123e-01 7.254762053489685059e-01
4.312157928943634033e-01 7.255357503890991211e-01
4.311114549636840820e-01 7.255952954292297363e-01
4.310071170330047607e-01 7.256548404693603516e-01
4.309028089046478271e-01 7.257143855094909668e-01
4.307985007762908936e-01 7.257738709449768066e-01
4.306942224502563477e-01 7.258333563804626465e-01
4.305899441242218018e-01 7.258928418159484863e-01
4.304856956005096436e-01 7.259523272514343262e-01
4.303814470767974854e-01 7.260118126869201660e-01
4.302772283554077148e-01 7.260712981224060059e-01
4.301730096340179443e-01 7.261307835578918457e-01
4.300688207149505615e-01 7.261902093887329102e-01
4.299646317958831787e-01 7.262496352195739746e-01
4.298604726791381836e-01 7.263090610504150391e-01
4.297563135623931885e-01 7.263684868812561035e-01
4.296521842479705811e-01 7.264279127120971680e-01
4.295480549335479736e-01 7.264873385429382324e-01
4.294439554214477539e-01 7.265467643737792969e-01
4.293398857116699219e-01 7.266061305999755859e-01
4.292358160018920898e-01 7.266654968261718750e-01
4.291317760944366455e-01 7.267248630523681641e-01
4.290277361869812012e-01 7.267842292785644531e-01
4.289237260818481445e-01 7.268435955047607422e-01
4.288197159767150879e-01 7.269029617309570312e-01
4.287157356739044189e-01 7.269622683525085449e-01
4.286117553710937500e-01 7.270215749740600586e-01
4.285078048706054688e-01 7.270808815956115723e-01
4.284038543701171875e-01 7.271401882171630859e-01
4.282999336719512939e-01 7.271994948387145996e-01
4.281960129737854004e-01 7.272588014602661133e-01
4.280921220779418945e-01 7.273181080818176270e-01
4.279882609844207764e-01 7.273773550987243652e-01
4.278843998908996582e-01 7.274366021156311035e-01
4.277805685997009277e-01 7.274958491325378418e-01
4.276767373085021973e-01 7.275550961494445801e-01
4.275729358196258545e-01 7.276143431663513184e-01
4.274691343307495117e-01 7.276735901832580566e-01
4.273653626441955566e-01 7.277327775955200195e-01
4.272615909576416016e-01 7.277919650077819824e-01
4.271578490734100342e-01 7.278511524200439453e-01
4.270541071891784668e-01 7.279103398323059082e-01
4.269503951072692871e-01 7.279695272445678711e-01
4.268467128276824951e-01 7.280287146568298340e-01
4.267430305480957031e-01 7.280878424644470215e-01
4.266393780708312988e-01 7.281469702720642090e-01
4.265357255935668945e-01 7.282060980796813965e-01
4.264321029186248779e-01 7.282652258872985840e-01
4.263284802436828613e-01 7.283243536949157715e-01
4.262248873710632324e-01 7.283834815025329590e-01
4.261213243007659912e-01 7.284425497055053711e-01
4.260177612304687500e-01 7.285016179084777832e-01
4.259142279624938965e-01 7.285606861114501953e-01
4.258106946945190430e-01 7.286197543144226074e-01
4.257071912288665771e-01 7.286788225173950195e-01
4.256036877632141113e-01 7.287378907203674316e-01
4.255002140998840332e-01 7.287968993186950684e-01
4.253967702388763428e-01 7.288559079170227051e-01
4.252933263778686523e-01 7.289149165153503418e-01
4.251899123191833496e-01 7.289739251136779785e-01
4.250864982604980469e-01 7.290329337120056152e-01
4.249831140041351318e-01 7.290919423103332520e-01
4.248797595500946045e-01 7.291508913040161133e-01
4.247764050960540771e-01 7.292098402976989746e-01
4.246730804443359375e-01 7.292687892913818359e-01
4.245697557926177979e-01 7.293277382850646973e-01
4.244664609432220459e-01 7.293866872787475586e-01
4.243631660938262939e-01 7.294456362724304199e-01
4.242599010467529297e-01 7.295045256614685059e-01
4.241566658020019531e-01 7.295634150505065918e-01
4.240534305572509766e-01 7.296223044395446777e-01
4.239502251148223877e-01 7.296811938285827637e-01
4.238470196723937988e-01 7.297400832176208496e-01
4.237438440322875977e-01 7.297989726066589355e-01
4.236406981945037842e-01 7.298578023910522461e-01
4.235375523567199707e-01 7.299166321754455566e-01
4.234344363212585449e-01 7.299754619598388672e-01
4.233313202857971191e-01 7.300342917442321777e-01
4.232282340526580811e-01 7.300931215286254883e-01
4.231251776218414307e-01 7.301519513130187988e-01
4.230221211910247803e-01 7.302107214927673340e-01
4.229190945625305176e-01 7.302694916725158691e-01
4.228160977363586426e-01 7.303282618522644043e-01
4.227131009101867676e-01 7.303870320320129395e-01
4.226101338863372803e-01 7.304458022117614746e-01
4.225071668624877930e-01 7.305045723915100098e-01
4.224042296409606934e-01 7.305632829666137695e-01
4.223013222217559814e-01 7.306219935417175293e-01
4.221984148025512695e-01 7.306807041168212891e-01
4.220955371856689453e-01 7.307394146919250488e-01
4.219926595687866211e-01 7.307981252670288086e-01
4.218898117542266846e-01 7.308567762374877930e-01
4.217869937419891357e-01 7.309154272079467773e-01
4.216841757297515869e-01 7.309740781784057617e-01
4.215813875198364258e-01 7.310327291488647461e-01
4.214786291122436523e-01 7.310913801193237305e-01
4.213758707046508789e-01 7.311500310897827148e-01
4.212731420993804932e-01 7.312086224555969238e-01
4.211704432964324951e-01 7.312672138214111328e-01
4.210677444934844971e-01 7.313258051872253418e-01
4.209650754928588867e-01 7.313843965530395508e-01
4.208624064922332764e-01 7.314429879188537598e-01
4.207597672939300537e-01 7.315015196800231934e-01
4.206571578979492188e-01 7.315600514411926270e-01
4.205545485019683838e-01 7.316185832023620605e-01
4.204519689083099365e-01 7.316771149635314941e-01
4.203494191169738770e-01 7.317356467247009277e-01
4.202468693256378174e-01 7.317941784858703613e-01
4.201443493366241455e-01 7.318526506423950195e-01
4.200418591499328613e-01 7.319111227989196777e-01
4.199393689632415771e-01 7.319695949554443359e-01
4.198369085788726807e-01 7.320280671119689941e-01
4.197344779968261719e-01 7.320865392684936523e-01
4.196320474147796631e-01 7.321449518203735352e-01
4.195296466350555420e-01 7.322033643722534180e-01
4.194272756576538086e-01 7.322617769241333008e-01
4.193249046802520752e-01 7.323201894760131836e-01
4.192225635051727295e-01 7.323786020278930664e-01
4.191202223300933838e-01 7.324369549751281738e-01
4.190179109573364258e-01 7.324953079223632812e-01
4.189156293869018555e-01 7.325536608695983887e-01
4.188133478164672852e-01 7.326120138168334961e-01
4.187110960483551025e-01 7.326703667640686035e-01
4.186088740825653076e-01 7.327287197113037109e-01
4.185066521167755127e-01 7.327870130538940430e-01
4.184044599533081055e-01 7.328453063964843750e-01
4.183022975921630859e-01 7.329035997390747070e-01
4.182001352310180664e-01 7.329618930816650391e-01
4.180980026721954346e-01 7.330201864242553711e-01
4.179958999156951904e-01 7.330784201622009277e-01
4.178938269615173340e-01 7.331366539001464844e-01
4.177917540073394775e-01 7.331948876380920410e-01
4.176897108554840088e-01 7.332531213760375977e-01
4.175876975059509277e-01 7.333113551139831543e-01
4.174856841564178467e-01 7.333695292472839355e-01
4.173837006092071533e-01 7.334277033805847168e-01
4.172817468643188477e-01 7.334858775138854980e-01
4.171797931194305420e-01 7.335440516471862793e-01
4.170778691768646240e-01 7.336022257804870605e-01
4.169759750366210938e-01 7.336603403091430664e-01
4.168740808963775635e-01 7.337184548377990723e-01
4.167722165584564209e-01 7.337765693664550781e-01
4.166703820228576660e-01 7.338346838951110840e-01
4.165685474872589111e-01 7.338927984237670898e-01
4.164667427539825439e-01 7.339508533477783203e-01
4.163649678230285645e-01 7.340089082717895508e-01
4.162631928920745850e-01 7.340669631958007812e-01
4.161614477634429932e-01 7.341250181198120117e-01
4.160597324371337891e-01 7.341830730438232422e-01
4.159580469131469727e-01 7.342410683631896973e-01
4.158563613891601562e-01 7.342990636825561523e-01
4.157547056674957275e-01 7.343570590019226074e-01
4.156530797481536865e-01 7.344150543212890625e-01
4.155514538288116455e-01 7.344730496406555176e-01
4.154498577117919922e-01 7.345309853553771973e-01
4.153482913970947266e-01 7.345889210700988770e-01
4.152467548847198486e-01 7.346468567848205566e-01
4.151452183723449707e-01 7.347047924995422363e-01
4.150437116622924805e-01 7.347627282142639160e-01
4.149422347545623779e-01 7.348206043243408203e-01
4.148407578468322754e-01 7.348784804344177246e-01
4.147393107414245605e-01 7.349363565444946289e-01
4.146378934383392334e-01 7.349942326545715332e-01
4.145365059375762939e-01 7.350521087646484375e-01
4.144351184368133545e-01 7.351099252700805664e-01
4.143337607383728027e-01 7.351677417755126953e-01
4.142324328422546387e-01 7.352255582809448242e-01
4.141311049461364746e-01 7.352833747863769531e-01
4.140298068523406982e-01 7.353411912918090820e-01
4.139285385608673096e-01 7.353989481925964355e-01
4.138273000717163086e-01 7.354567050933837891e-01
4.137260615825653076e-01 7.355144619941711426e-01
4.136248528957366943e-01 7.355722188949584961e-01
4.135236740112304688e-01 7.356299161911010742e-01
4.134225249290466309e-01 7.356876134872436523e-01
4.133213758468627930e-01 7.357453107833862305e-01
4.132202565670013428e-01 7.358030080795288086e-01
4.131191670894622803e-01 7.358607053756713867e-01
4.130180776119232178e-01 7.359183430671691895e-01
4.129170179367065430e-01 7.359759807586669922e-01
4.128159880638122559e-01 7.360336184501647949e-01
4.127149879932403564e-01 7.360912561416625977e-01
4.126139879226684570e-01 7.361488938331604004e-01
4.125130176544189453e-01 7.362064719200134277e-01
4.124120771884918213e-01 7.362640500068664551e-01
4.123111665248870850e-01 7.363216280937194824e-01
4.122102558612823486e-01 7.363792061805725098e-01
4.121093750000000000e-01 7.364367246627807617e-01
4.120085239410400391e-01 7.364942431449890137e-01
4.119077026844024658e-01 7.365517616271972656e-01
4.118068814277648926e-01 7.366092801094055176e-01
4.117060899734497070e-01 7.366667985916137695e-01
4.116053283214569092e-01 7.367242574691772461e-01
4.115045964717864990e-01 7.367817163467407227e-01
4.114038944244384766e-01 7.368391752243041992e-01
4.113031923770904541e-01 7.368966341018676758e-01
4.112025201320648193e-01 7.369540929794311523e-01
4.111018776893615723e-01 7.370114922523498535e-01
4.110012650489807129e-01 7.370688915252685547e-01
4.109006524085998535e-01 7.371262907981872559e-01
4.108000695705413818e-01 7.371836900711059570e-01
4.106995165348052979e-01 7.372410297393798828e-01
4.105989933013916016e-01 7.372983694076538086e-01
4.104984700679779053e-01 7.373557090759277344e-01
4.103979766368865967e-01 7.374130487442016602e-01
4.102975130081176758e-01 7.374703884124755859e-01
4.101970791816711426e-01 7.375276684761047363e-01
4.100966751575469971e-01 7.375849485397338867e-01
4.099962711334228516e-01 7.376422286033630371e-01
4.098958969116210938e-01 7.376995086669921875e-01
4.097955524921417236e-01 7.377567291259765625e-01
4.096952378749847412e-01 7.378139495849609375e-01
4.095949232578277588e-01 7.378711700439453125e-01
4.094946384429931641e-01 7.379283905029296875e-01
4.093943834304809570e-01 7.379856109619140625e-01
4.092941582202911377e-01 7.380427718162536621e-01
4.091939628124237061e-01 7.380999326705932617e-01
4.090937674045562744e-01 7.381570935249328613e-01
4.089936017990112305e-01 7.382142543792724609e-01
4.088934659957885742e-01 7.382713556289672852e-01
4.087933599948883057e-01 7.383284568786621094e-01
4.086932837963104248e-01 7.383855581283569336e-01
4.085932075977325439e-01 7.384426593780517578e-01
4.084931612014770508e-01 7.384997606277465820e-01
4.083931446075439453e-01 7.385568022727966309e-01
4.082931578159332275e-01 7.386138439178466797e-01
4.081931710243225098e-01 7.386708855628967285e-01
4.080932140350341797e-01 7.387279272079467773e-01
4.079932868480682373e-01 7.387849092483520508e-01
4.078933894634246826e-01 7.388418912887573242e-01
4.077935218811035156e-01 7.388988733291625977e-01
4.076936841011047363e-01 7.389558553695678711e-01
4.075938463211059570e-01 7.390127778053283691e-01
4.074940383434295654e-01 7.390697002410888672e-01
4.073942601680755615e-01 7.391266226768493652e-01
4.072945117950439453e-01 7.391835451126098633e-01
4.071947932243347168e-01 7.392404675483703613e-01
4.070950746536254883e-01 7.392973303794860840e-01
4.069953858852386475e-01 7.393541932106018066e-01
4.068957269191741943e-01 7.394110560417175293e-01
4.067960977554321289e-01 7.394679188728332520e-01
4.066964983940124512e-01 7.395247220993041992e-01
4.065968990325927734e-01 7.395815253257751465e-01
4.064973294734954834e-01 7.396383285522460938e-01
4.063977897167205811e-01 7.396951317787170410e-01
4.062982797622680664e-01 7.397518754005432129e-01
4.061987996101379395e-01 7.398086190223693848e-01
4.060993492603302002e-01 7.398653626441955566e-01
4.059998989105224609e-01 7.399221062660217285e-01
4.059004783630371094e-01 7.399787902832031250e-01
4.058010876178741455e-01 7.400354743003845215e-01
4.057017266750335693e-01 7.400921583175659180e-01
4.056023955345153809e-01 7.401488423347473145e-01
4.055030941963195801e-01 7.402055263519287109e-01
4.054037928581237793e-01 7.402621507644653320e-01
4.053045213222503662e-01 7.403187751770019531e-01
4.052052795886993408e-01 7.403753995895385742e-01
4.051060676574707031e-01 7.404320240020751953e-01
4.050068855285644531e-01 7.404885888099670410e-01
4.049077332019805908e-01 7.405451536178588867e-01
4.048085808753967285e-01 7.406017184257507324e-01
4.047094583511352539e-01 7.406582832336425781e-01
4.046103656291961670e-01 7.407147884368896484e-01
4.045113027095794678e-01 7.407712936401367188e-01
4.044122695922851562e-01 7.408277988433837891e-01
4.043132662773132324e-01 7.408843040466308594e-01
4.042142927646636963e-01 7.409407496452331543e-01
4.041153192520141602e-01 7.409971952438354492e-01
4.040163755416870117e-01 7.410536408424377441e-01
4.039174616336822510e-01 7.411100864410400391e-01
4.038185775279998779e-01 7.411664724349975586e-01
4.037197232246398926e-01 7.412228584289550781e-01
4.036208987236022949e-01 7.412792444229125977e-01
4.035221040248870850e-01 7.413356304168701172e-01
4.034233093261718750e-01 7.413919568061828613e-01
4.033245444297790527e-01 7.414482831954956055e-01
4.032258093357086182e-01 7.415046095848083496e-01
4.031271040439605713e-01 7.415609359741210938e-01
4.030284285545349121e-01 7.416172027587890625e-01
4.029297828674316406e-01 7.416734695434570312e-01
4.028311669826507568e-01 7.417297363281250000e-01
4.027325510978698730e-01 7.417860031127929688e-01
4.026339650154113770e-01 7.418422102928161621e-01
4.025354087352752686e-01 7.418984174728393555e-01
4.024368822574615479e-01 7.419546246528625488e-01
4.023383855819702148e-01 7.420108318328857422e-01
4.022399187088012695e-01 7.420669794082641602e-01
4.021414816379547119e-01 7.421231269836425781e-01
4.020430743694305420e-01 7.421792745590209961e-01
4.019446671009063721e-01 7.422354221343994141e-01
4.018462896347045898e-01 7.422915101051330566e-01
4.017479419708251953e-01 7.423475980758666992e-01
4.016496241092681885e-01 7.424036860466003418e-01
4.015513360500335693e-01 7.424597740173339844e-01
4.014530777931213379e-01 7.425158023834228516e-01
4.013548493385314941e-01 7.425718307495117188e-01
4.012566506862640381e-01 7.426278591156005859e-01
4.011584818363189697e-01 7.426838874816894531e-01
4.010603129863739014e-01 7.427398562431335449e-01
4.009621739387512207e-01 7.427958250045776367e-01
4.008640646934509277e-01 7.428517937660217285e-01
4.007659852504730225e-01 7.429077625274658203e-01
4.006679356098175049e-01 7.429636716842651367e-01
4.005699157714843750e-01 7.430195808410644531e-01
4.004719257354736328e-01 7.430754899978637695e-01
4.003739655017852783e-01 7.431313991546630859e-01
4.002760350704193115e-01 7.431872487068176270e-01
4.001781344413757324e-01 7.432430982589721680e-01
4.000802338123321533e-01 7.432989478111267090e-01
3.999823629856109619e-01 7.433547973632812500e-01
3.998845219612121582e-01 7.434105873107910156e-01
3.997867107391357422e-01 7.434663772583007812e-01
3.996889293193817139e-01 7.435221672058105469e-01
3.995911777019500732e-01 7.435779571533203125e-01
3.994934558868408203e-01 7.436336874961853027e-01
3.993957638740539551e-01 7.436894178390502930e-01
3.992981016635894775e-01 7.437451481819152832e-01
3.992004692554473877e-01 7.438008189201354980e-01
3.991028666496276855e-01 7.438564896583557129e-01
3.990052640438079834e-01 7.439121603965759277e-01
3.989076912403106689e-01 7.439678311347961426e-01
3.988101482391357422e-01 7.440234422683715820e-01
3.987126350402832031e-01 7.440790534019470215e-01
3.986151516437530518e-01 7.441346645355224609e-01
3.985176980495452881e-01 7.441902756690979004e-01
3.984202742576599121e-01 7.442458271980285645e-01
3.983228802680969238e-01 7.443013787269592285e-01
3.982255160808563232e-01 7.443569302558898926e-01
3.981281816959381104e-01 7.444124817848205566e-01
3.980308771133422852e-01 7.444679737091064453e-01
3.979336023330688477e-01 7.445234656333923340e-01
3.978363573551177979e-01 7.445789575576782227e-01
3.977391421794891357e-01 7.446344494819641113e-01
3.976419270038604736e-01 7.446898818016052246e-01
3.975447416305541992e-01 7.447453141212463379e-01
3.974475860595703125e-01 7.448007464408874512e-01
3.973504602909088135e-01 7.448561191558837891e-01
3.972533643245697021e-01 7.449114918708801270e-01
3.971562981605529785e-01 7.449668645858764648e-01
3.970592617988586426e-01 7.450222373008728027e-01
3.969622552394866943e-01 7.450775504112243652e-01
3.968652784824371338e-01 7.451328635215759277e-01
3.967683315277099609e-01 7.451881766319274902e-01
3.966714143753051758e-01 7.452434897422790527e-01
3.965745270252227783e-01 7.452987432479858398e-01
3.964776694774627686e-01 7.453539967536926270e-01
3.963808417320251465e-01 7.454092502593994141e-01
3.962840437889099121e-01 7.454644441604614258e-01
3.961872756481170654e-01 7.455196380615234375e-01
3.960905373096466064e-01 7.455748319625854492e-01
3.959938287734985352e-01 7.456300258636474609e-01
3.958971202373504639e-01 7.456851601600646973e-01
3.958004415035247803e-01 7.457402944564819336e-01
3.957037925720214844e-01 7.457954287528991699e-01
3.956071734428405762e-01 7.458505630493164062e-01
3.955105841159820557e-01 7.459056377410888672e-01
3.954140245914459229e-01 7.459607124328613281e-01
3.953174948692321777e-01 7.460157871246337891e-01
3.952209949493408203e-01 7.460708022117614746e-01
3.951245248317718506e-01 7.461258172988891602e-01
3.950280845165252686e-01 7.461808323860168457e-01
3.949316740036010742e-01 7.462358474731445312e-01
3.948352932929992676e-01 7.462908029556274414e-01
3.947389423847198486e-01 7.463457584381103516e-01
3.946426212787628174e-01 7.464007139205932617e-01
3.945463299751281738e-01 7.464556694030761719e-01
3.944500684738159180e-01 7.465105652809143066e-01
3.943538367748260498e-01 7.465654611587524414e-01
3.942576348781585693e-01 7.466203570365905762e-01
3.941614627838134766e-01 7.466751933097839355e-01
3.940653204917907715e-01 7.467300295829772949e-01
3.939692080020904541e-01 7.467848658561706543e-01
3.938731253147125244e-01 7.468397021293640137e-01
3.937770724296569824e-01 7.468944787979125977e-01
3.936810493469238281e-01 7.469492554664611816e-01
3.935850560665130615e-01 7.470040321350097656e-01
3.934890925884246826e-01 7.470587491989135742e-01
3.933931589126586914e-01 7.471134662628173828e-01
3.932972550392150879e-01 7.471681833267211914e-01
3.932013809680938721e-01 7.472229003906250000e-01
3.931055366992950439e-01 7.472775578498840332e-01
3.930097222328186035e-01 7.473322153091430664e-01
3.929139375686645508e-01 7.473868727684020996e-01
3.928181827068328857e-01 7.474414706230163574e-01
3.927224576473236084e-01 7.474960684776306152e-01
3.926267623901367188e-01 7.475506663322448730e-01
3.925310969352722168e-01 7.476052641868591309e-01
3.924354612827301025e-01 7.476598024368286133e-01
3.923398554325103760e-01 7.477143406867980957e-01
3.922442793846130371e-01 7.477688789367675781e-01
3.921487331390380859e-01 7.478233575820922852e-01
3.920532166957855225e-01 7.478778362274169922e-01
3.919577300548553467e-01 7.479323148727416992e-01
3.918622732162475586e-01 7.479867935180664062e-01
3.917668461799621582e-01 7.480412125587463379e-01
3.916714489459991455e-01 7.480956315994262695e-01
3.915760815143585205e-01 7.481500506401062012e-01
3.914807438850402832e-01 7.482044100761413574e-01
3.913854360580444336e-01 7.482587695121765137e-01
3.912901580333709717e-01 7.483131289482116699e-01
3.911949098110198975e-01 7.483674883842468262e-01
3.910996913909912109e-01 7.484217882156372070e-01
3.910045027732849121e-01 7.484760880470275879e-01
3.909093439579010010e-01 7.485303878784179688e-01
3.908142149448394775e-01 7.485846281051635742e-01
3.907191157341003418e-01 7.486388683319091797e-01
3.906240463256835938e-01 7.486931085586547852e-01
3.905290067195892334e-01 7.487473487854003906e-01
3.904339969158172607e-01 7.488015294075012207e-01
3.903390169143676758e-01 7.488557100296020508e-01
3.902440667152404785e-01 7.489098906517028809e-01
3.901491463184356689e-01 7.489640116691589355e-01
3.900542557239532471e-01 7.490181326866149902e-01
3.899593949317932129e-01 7.490722537040710449e-01
3.898645639419555664e-01 7.491263151168823242e-01
3.897697627544403076e-01 7.491803765296936035e-01
3.896749913692474365e-01 7.492344379425048828e-01
3.895802497863769531e-01 7.492884993553161621e-01
3.894855380058288574e-01 7.493425011634826660e-01
3.893908560276031494e-01 7.493965029716491699e-01
3.892962038516998291e-01 7.494505047798156738e-01
3.892015814781188965e-01 7.495044469833374023e-01
3.891069889068603516e-01 7.495583891868591309e-01
3.890124261379241943e-01 7.496123313903808594e-01
3.889178931713104248e-01 7.496662735939025879e-01
3.888233900070190430e-01 7.497201561927795410e-01
3.887289166450500488e-01 7.497740387916564941e-01
3.886345028877258301e-01 7.498279213905334473e-01
3.885401189327239990e-01 7.498817443847656250e-01
3.884457647800445557e-01 7.499355673789978027e-01
3.883514404296875000e-01 7.499893903732299805e-01
3.882571458816528320e-01 7.500431537628173828e-01
3.881628811359405518e-01 7.500969171524047852e-01
3.880686461925506592e-01 7.501506805419921875e-01
3.879744410514831543e-01 7.502044439315795898e-01
3.878802657127380371e-01 7.502581477165222168e-01
3.877861201763153076e-01 7.503118515014648438e-01
3.876920044422149658e-01 7.503655552864074707e-01
3.875979185104370117e-01 7.504191994667053223e-01
3.875038623809814453e-01 7.504728436470031738e-01
3.874098360538482666e-01 7.505264878273010254e-01
3.873158395290374756e-01 7.505800724029541016e-01
3.872218728065490723e-01 7.506336569786071777e-01
3.871279358863830566e-01 7.506872415542602539e-01
3.870340287685394287e-01 7.507408261299133301e-01
3.869401812553405762e-01 7.507943511009216309e-01
3.868463635444641113e-01 7.508478760719299316e-01
3.867525756359100342e-01 7.509014010429382324e-01
3.866588175296783447e-01 7.509548664093017578e-01
3.865650892257690430e-01 7.510083317756652832e-01
3.864713907241821289e-01 7.510617971420288086e-01
3.863777220249176025e-01 7.511152029037475586e-01
3.862840831279754639e-01 7.511686086654663086e-01
3.861904740333557129e-01 7.512220144271850586e-01
3.860968947410583496e-01 7.512753605842590332e-01
3.860033452510833740e-01 7.513287067413330078e-01
3.859098255634307861e-01 7.513820528984069824e-01
3.858163356781005859e-01 7.514353990554809570e-01
3.857229053974151611e-01 7.514886856079101562e-01
3.856295049190521240e-01 7.515419721603393555e-01
3.855361342430114746e-01 7.515952587127685547e-01
3.854427933692932129e-01 7.516484856605529785e-01
3.853494822978973389e-01 7.517017126083374023e-01
3.852562010288238525e-01 7.517549395561218262e-01
3.851629495620727539e-01 7.518081068992614746e-01
3.850697278976440430e-01 7.518612742424011230e-01
3.849765360355377197e-01 7.519144415855407715e-01
3.848833739757537842e-01 7.519675493240356445e-01
3.847902417182922363e-01 7.520206570625305176e-01
3.846971392631530762e-01 7.520737648010253906e-01
3.846040964126586914e-01 7.521268129348754883e-01
3.845110833644866943e-01 7.521798610687255859e-01
3.844181001186370850e-01 7.522329092025756836e-01
3.843251466751098633e-01 7.522859573364257812e-01
3.842322230339050293e-01 7.523389458656311035e-01
3.841393291950225830e-01 7.523919343948364258e-01
3.840464651584625244e-01 7.524449229240417480e-01
3.839536309242248535e-01 7.524978518486022949e-01
3.838608264923095703e-01 7.525507807731628418e-01
3.837680518627166748e-01 7.526037096977233887e-01
3.836753368377685547e-01 7.526565790176391602e-01
3.835826516151428223e-01 7.527094483375549316e-01
3.834899961948394775e-01 7.527623176574707031e-01
3.833973705768585205e-01 7.528151273727416992e-01
3.833047747611999512e-01 7.528679370880126953e-01
3.832122087478637695e-01 7.529207468032836914e-01
3.831196725368499756e-01 7.529734969139099121e-01
3.830271661281585693e-01 7.530262470245361328e-01
3.829346895217895508e-01 7.530789971351623535e-01
3.828422725200653076e-01 7.531316876411437988e-01
3.827498853206634521e-01 7.531843781471252441e-01
3.826575279235839844e-01 7.532370686531066895e-01
3.825652003288269043e-01 7.532897591590881348e-01
3.824729025363922119e-01 7.533423900604248047e-01
3.823806345462799072e-01 7.533950209617614746e-01
3.822883963584899902e-01 7.534476518630981445e-01
3.821961879730224609e-01 7.535002231597900391e-01
3.821040391921997070e-01 7.535527944564819336e-01
3.820119202136993408e-01 7.536053657531738281e-01
3.819198310375213623e-01 7.536578774452209473e-01
3.818277716636657715e-01 7.537103891372680664e-01
3.817357420921325684e-01 7.537629008293151855e-01
3.816437423229217529e-01 7.538153529167175293e-01
3.815517723560333252e-01 7.538678050041198730e-01
3.814598321914672852e-01 7.539202570915222168e-01
3.813679516315460205e-01 7.539726495742797852e-01
3.812761008739471436e-01 7.540250420570373535e-01
3.811842799186706543e-01 7.540774345397949219e-01
3.810924887657165527e-01 7.541297674179077148e-01
3.810007274150848389e-01 7.541821002960205078e-01
3.809089958667755127e-01 7.542344331741333008e-01
3.808172941207885742e-01 7.542867064476013184e-01
3.807256221771240234e-01 7.543389797210693359e-01
3.806340098381042480e-01 7.543912529945373535e-01
3.805424273014068604e-01 7.544434666633605957e-01
3.804508745670318604e-01 7.544956803321838379e-01
3.803593516349792480e-01 7.545478940010070801e-01
3.802678585052490234e-01 7.546000480651855469e-01
3.801763951778411865e-01 7.546522021293640137e-01
3.800849914550781250e-01 7.547043561935424805e-01
3.799936175346374512e-01 7.547564506530761719e-01
3.799022734165191650e-01 7.548085451126098633e-01
3.798109591007232666e-01 7.548606395721435547e-01
3.797196745872497559e-01 7.549126744270324707e-01
3.796284198760986328e-01 7.549647092819213867e-01
3.795371949672698975e-01 7.550167441368103027e-01
3.794460296630859375e-01 7.550687193870544434e-01
3.793548941612243652e-01 7.551206946372985840e-01
3.792637884616851807e-01 7.551726698875427246e-01
3.791727125644683838e-01 7.552246451377868652e-01
3.790816664695739746e-01 7.552765607833862305e-01
3.789906501770019531e-01 7.553284764289855957e-01
3.788996934890747070e-01 7.553803920745849609e-01
3.788087666034698486e-01 7.554322481155395508e-01
3.787178695201873779e-01 7.554841041564941406e-01
3.786270022392272949e-01 7.555359601974487305e-01
3.785361647605895996e-01 7.555877566337585449e-01
3.784453570842742920e-01 7.556395530700683594e-01
3.783546090126037598e-01 7.556913495063781738e-01
3.782638907432556152e-01 7.557430863380432129e-01
3.781732022762298584e-01 7.557948231697082520e-01
3.780825436115264893e-01 7.558465600013732910e-01
3.779919147491455078e-01 7.558982372283935547e-01
3.779013156890869141e-01 7.559499144554138184e-01
3.778107762336730957e-01 7.560015916824340820e-01
3.777202665805816650e-01 7.560532093048095703e-01
3.776297867298126221e-01 7.561048269271850586e-01
3.775393366813659668e-01 7.561563849449157715e-01
3.774489164352416992e-01 7.562079429626464844e-01
3.773585259914398193e-01 7.562595009803771973e-01
3.772681951522827148e-01 7.563109993934631348e-01
3.771778941154479980e-01 7.563624978065490723e-01
3.770876228809356689e-01 7.564139962196350098e-01
3.769973814487457275e-01 7.564654350280761719e-01
3.769071698188781738e-01 7.565168738365173340e-01
3.768170177936553955e-01 7.565683126449584961e-01
3.767268955707550049e-01 7.566196918487548828e-01
3.766368031501770020e-01 7.566710710525512695e-01
3.765467405319213867e-01 7.567224502563476562e-01
3.764567077159881592e-01 7.567737698554992676e-01
3.763667047023773193e-01 7.568250894546508789e-01
3.762767612934112549e-01 7.568764090538024902e-01
3.761868476867675781e-01 7.569276690483093262e-01
3.760969638824462891e-01 7.569789290428161621e-01
3.760071098804473877e-01 7.570301890373229980e-01
3.759172856807708740e-01 7.570813894271850586e-01
3.758275210857391357e-01 7.571325898170471191e-01
3.757377862930297852e-01 7.571837902069091797e-01
3.756480813026428223e-01 7.572349309921264648e-01
3.755584061145782471e-01 7.572860717773437500e-01
3.754687607288360596e-01 7.573372125625610352e-01
3.753791749477386475e-01 7.573882937431335449e-01
3.752896189689636230e-01 7.574393749237060547e-01
3.752000927925109863e-01 7.574904561042785645e-01
3.751105964183807373e-01 7.575414776802062988e-01
3.750211298465728760e-01 7.575924992561340332e-01
3.749317228794097900e-01 7.576435208320617676e-01
3.748423457145690918e-01 7.576944828033447266e-01
3.747529983520507812e-01 7.577454447746276855e-01
3.746636807918548584e-01 7.577964067459106445e-01
3.745744228363037109e-01 7.578473091125488281e-01
3.744851946830749512e-01 7.578982114791870117e-01
3.743959963321685791e-01 7.579491138458251953e-01
3.743068277835845947e-01 7.579999566078186035e-01
3.742176890373229980e-01 7.580507993698120117e-01
3.741286098957061768e-01 7.581016421318054199e-01
3.740395605564117432e-01 7.581524252891540527e-01
3.739505410194396973e-01 7.582032084465026855e-01
3.738615512847900391e-01 7.582539319992065430e-01
3.737725913524627686e-01 7.583046555519104004e-01
3.736836910247802734e-01 7.583553791046142578e-01
3.735948204994201660e-01 7.584060430526733398e-01
3.735059797763824463e-01 7.584567070007324219e-01
3.734171688556671143e-01 7.585073709487915039e-01
3.733284175395965576e-01 7.585579752922058105e-01
3.732396960258483887e-01 7.586085796356201172e-01
3.731510043144226074e-01 7.586591839790344238e-01
3.730623424053192139e-01 7.587097287178039551e-01
3.729737102985382080e-01 7.587602734565734863e-01
3.728851377964019775e-01 7.588108181953430176e-01
3.727965950965881348e-01 7.588613033294677734e-01
3.727080821990966797e-01 7.589117884635925293e-01
3.726195991039276123e-01 7.589622735977172852e-01
3.725311756134033203e-01 7.590126991271972656e-01
3.724427819252014160e-01 7.590631246566772461e-01
3.723544180393218994e-01 7.591135501861572266e-01
3.722660839557647705e-01 7.591639161109924316e-01
3.721778094768524170e-01 7.592142820358276367e-01
3.720895648002624512e-01 7.592645883560180664e-01
3.720013499259948730e-01 7.593148946762084961e-01
3.719131648540496826e-01 7.593652009963989258e-01
3.718250393867492676e-01 7.594154477119445801e-01
3.717369437217712402e-01 7.594656944274902344e-01
3.716488778591156006e-01 7.595159411430358887e-01
3.715608417987823486e-01 7.595661282539367676e-01
3.714728653430938721e-01 7.596163153648376465e-01
3.713849186897277832e-01 7.596665024757385254e-01
3.712970018386840820e-01 7.597166299819946289e-01
3.712091147899627686e-01 7.597667574882507324e-01
3.711212873458862305e-01 7.598168849945068359e-01
3.710334897041320801e-01 7.598669528961181641e-01
3.709457218647003174e-01 7.599170207977294922e-01
3.708579838275909424e-01 7.599670290946960449e-01
3.707703053951263428e-01 7.600170373916625977e-01
3.706826567649841309e-01 7.600670456886291504e-01
3.705950379371643066e-01 7.601169943809509277e-01
3.705074489116668701e-01 7.601669430732727051e-01
3.704199194908142090e-01 7.602168917655944824e-01
3.703324198722839355e-01 7.602667808532714844e-01
3.702449500560760498e-01 7.603166699409484863e-01
3.701575100421905518e-01 7.603665590286254883e-01
3.700701296329498291e-01 7.604163885116577148e-01
3.699827790260314941e-01 7.604662179946899414e-01
3.698954582214355469e-01 7.605160474777221680e-01
3.698081672191619873e-01 7.605658173561096191e-01
3.697209358215332031e-01 7.606155872344970703e-01
3.696337342262268066e-01 7.606652975082397461e-01
3.695465624332427979e-01 7.607150077819824219e-01
3.694594204425811768e-01 7.607647180557250977e-01
3.693723380565643311e-01 7.608143687248229980e-01
3.692852854728698730e-01 7.608640193939208984e-01
3.691982626914978027e-01 7.609136700630187988e-01
3.691112697124481201e-01 7.609632611274719238e-01
3.690243363380432129e-01 7.610128521919250488e-01
3.689374327659606934e-01 7.610624432563781738e-01
3.688505589962005615e-01 7.611119747161865234e-01
3.687637448310852051e-01 7.611615061759948730e-01
3.686769604682922363e-01 7.612109780311584473e-01
3.685902059078216553e-01 7.612604498863220215e-01
3.685034811496734619e-01 7.613099217414855957e-01
3.684168159961700439e-01 7.613593339920043945e-01
3.683301806449890137e-01 7.614087462425231934e-01
3.682435750961303711e-01 7.614581584930419922e-01
3.681570291519165039e-01 7.615075111389160156e-01
3.680705130100250244e-01 7.615568637847900391e-01
3.679840266704559326e-01 7.616062164306640625e-01
3.678975701332092285e-01 7.616555094718933105e-01
3.678111732006072998e-01 7.617048025131225586e-01
3.677248060703277588e-01 7.617540359497070312e-01
3.676384687423706055e-01 7.618032693862915039e-01
3.675521910190582275e-01 7.618525028228759766e-01
3.674659430980682373e-01 7.619016766548156738e-01
3.673797249794006348e-01 7.619508504867553711e-01
3.672935366630554199e-01 7.620000243186950684e-01
3.672074079513549805e-01 7.620491385459899902e-01
3.671213090419769287e-01 7.620982527732849121e-01
3.670352399349212646e-01 7.621473073959350586e-01
3.669492304325103760e-01 7.621963620185852051e-01
3.668632507324218750e-01 7.622454166412353516e-01
3.667773008346557617e-01 7.622944116592407227e-01
3.666913807392120361e-01 7.623434066772460938e-01
3.666055202484130859e-01 7.623924016952514648e-01
3.665196895599365234e-01 7.624413371086120605e-01
3.664338886737823486e-01 7.624902725219726562e-01
3.663481473922729492e-01 7.625391483306884766e-01
3.662624359130859375e-01 7.625880241394042969e-01
3.661767542362213135e-01 7.626368999481201172e-01
3.660911321640014648e-01 7.626857161521911621e-01
3.660055398941040039e-01 7.627345323562622070e-01
3.659199774265289307e-01 7.627833485603332520e-01
3.658344745635986328e-01 7.628321051597595215e-01
3.657490015029907227e-01 7.628808617591857910e-01
3.656635582447052002e-01 7.629296183586120605e-01
3.655781447887420654e-01 7.629783153533935547e-01
3.654927909374237061e-01 7.630270123481750488e-01
3.654074668884277344e-01 7.630756497383117676e-01
3.653221726417541504e-01 7.631242871284484863e-01
3.652369379997253418e-01 7.631729245185852051e-01
3.651517331600189209e-01 7.632215023040771484e-01
3.650665581226348877e-01 7.632700800895690918e-01
3.649814426898956299e-01 7.633186578750610352e-01
3.648963570594787598e-01 7.633671760559082031e-01
3.648113012313842773e-01 7.634156942367553711e-01
3.647263050079345703e-01 7.634641528129577637e-01
3.646413385868072510e-01 7.635126113891601562e-01
3.645564019680023193e-01 7.635610699653625488e-01
3.644715249538421631e-01 7.636094689369201660e-01
3.643866777420043945e-01 7.636578679084777832e-01
3.643018603324890137e-01 7.637062072753906250e-01
3.642171025276184082e-01 7.637545466423034668e-01
3.641323745250701904e-01 7.638028860092163086e-01
3.640476763248443604e-01 7.638511657714843750e-01
3.639630079269409180e-01 7.638994455337524414e-01
3.638783991336822510e-01 7.639477252960205078e-01
3.637938201427459717e-01 7.639959454536437988e-01
3.637092709541320801e-01 7.640441656112670898e-01
3.636247813701629639e-01 7.640923261642456055e-01
3.635403215885162354e-01 7.641404867172241211e-01
3.634558916091918945e-01 7.641886472702026367e-01
3.633715212345123291e-01 7.642367482185363770e-01
3.632871806621551514e-01 7.642848491668701172e-01
3.632028698921203613e-01 7.643329501152038574e-01
3.631186187267303467e-01 7.643809914588928223e-01
3.630343973636627197e-01 7.644290328025817871e-01
3.629502058029174805e-01 7.644770145416259766e-01
3.628660738468170166e-01 7.645249962806701660e-01
3.627819716930389404e-01 7.645729780197143555e-01
3.626979291439056396e-01 7.646209001541137695e-01
3.626139163970947266e-01 7.646688222885131836e-01
3.625299334526062012e-01 7.647167444229125977e-01
3.624460101127624512e-01 7.647646069526672363e-01
3.623621165752410889e-01 7.648124694824218750e-01
3.622782528400421143e-01 7.648602724075317383e-01
3.621944487094879150e-01 7.649080753326416016e-01
3.621106743812561035e-01 7.649558782577514648e-01
3.620269298553466797e-01 7.650036215782165527e-01
3.619432449340820312e-01 7.650513648986816406e-01
3.618595898151397705e-01 7.650990486145019531e-01
3.617759644985198975e-01 7.651467323303222656e-01
3.616923987865447998e-01 7.651944160461425781e-01
3.616088628768920898e-01 7.652420401573181152e-01
3.615253567695617676e-01 7.652896642684936523e-01
3.614419102668762207e-01 7.653372883796691895e-01
3.613584935665130615e-01 7.653848528861999512e-01
3.612751066684722900e-01 7.654324173927307129e-01
3.611917793750762939e-01 7.654799222946166992e-01
3.611084818840026855e-01 7.655274271965026855e-01
3.610252141952514648e-01 7.655749320983886719e-01
3.609420061111450195e-01 7.656223773956298828e-01
3.608588278293609619e-01 7.656698226928710938e-01
3.607757091522216797e-01 7.657172083854675293e-01
3.606926202774047852e-01 7.657645940780639648e-01
3.606095612049102783e-01 7.658119797706604004e-01
3.605265617370605469e-01 7.658593058586120605e-01
3.604435920715332031e-01 7.659066319465637207e-01
3.603606522083282471e-01 7.659538984298706055e-01
3.602777719497680664e-01 7.660011649131774902e-01
3.601949214935302734e-01 7.660484313964843750e-01
3.601121008396148682e-01 7.660956382751464844e-01
3.600293397903442383e-01 7.661428451538085938e-01
3.599466085433959961e-01 7.661900520324707031e-01
3.598639369010925293e-01 7.662371993064880371e-01
3.597812950611114502e-01 7.662843465805053711e-01
3.596986830234527588e-01 7.663314342498779297e-01
3.596161305904388428e-01 7.663785219192504883e-01
3.595336079597473145e-01 7.664256095886230469e-01
3.594511151313781738e-01 7.664726376533508301e-01
3.593686819076538086e-01 7.665196657180786133e-01
3.592862784862518311e-01 7.665666341781616211e-01
3.592039346694946289e-01 7.666136026382446289e-01
3.591216206550598145e-01 7.666605710983276367e-01
3.590393364429473877e-01 7.667074799537658691e-01
3.589571118354797363e-01 7.667543888092041016e-01
3.588749170303344727e-01 7.668012380599975586e-01
3.587927520275115967e-01 7.668480873107910156e-01
3.587106466293334961e-01 7.668949365615844727e-01
3.586285710334777832e-01 7.669417262077331543e-01
3.585465550422668457e-01 7.669885158538818359e-01
3.584645688533782959e-01 7.670352458953857422e-01
3.583826124668121338e-01 7.670819759368896484e-01
3.583007156848907471e-01 7.671287059783935547e-01
3.582188487052917480e-01 7.671753764152526855e-01
3.581370115280151367e-01 7.672220468521118164e-01
3.580552339553833008e-01 7.672686576843261719e-01
3.579734861850738525e-01 7.673152685165405273e-01
3.578917980194091797e-01 7.673618793487548828e-01
3.578101396560668945e-01 7.674084305763244629e-01
3.577285110950469971e-01 7.674549818038940430e-01
3.576469421386718750e-01 7.675014734268188477e-01
3.575654029846191406e-01 7.675479650497436523e-01
3.574839234352111816e-01 7.675944566726684570e-01
3.574024736881256104e-01 7.676408886909484863e-01
3.573210537433624268e-01 7.676873207092285156e-01
3.572396934032440186e-01 7.677337527275085449e-01
3.571583628654479980e-01 7.677801251411437988e-01
3.570770919322967529e-01 7.678264975547790527e-01
3.569958508014678955e-01 7.678728103637695312e-01
3.569146394729614258e-01 7.679191231727600098e-01
3.568334877490997314e-01 7.679654359817504883e-01
3.567523658275604248e-01 7.680116891860961914e-01
3.566713035106658936e-01 7.680579423904418945e-01
3.565902709960937500e-01 7.681041359901428223e-01
3.565092682838439941e-01 7.681503295898437500e-01
3.564283251762390137e-01 7.681965231895446777e-01
3.563474118709564209e-01 7.682426571846008301e-01
3.562665581703186035e-01 7.682887911796569824e-01
3.561857342720031738e-01 7.683348655700683594e-01
3.561049401760101318e-01 7.683809399604797363e-01
3.560242056846618652e-01 7.684270143508911133e-01
3.559435009956359863e-01 7.684730291366577148e-01
3.558628559112548828e-01 7.685190439224243164e-01
3.557822406291961670e-01 7.685649991035461426e-01
3.557016551494598389e-01 7.686109542846679688e-01
3.556211292743682861e-01 7.686568498611450195e-01
3.555406332015991211e-01 7.687027454376220703e-01
3.554601967334747314e-01 7.687486410140991211e-01
3.553797900676727295e-01 7.687944769859313965e-01
3.552994132041931152e-01 7.688403129577636719e-01
3.552190959453582764e-01 7.688860893249511719e-01
3.551388084888458252e-01 7.689318656921386719e-01
3.550585806369781494e-01 7.689776420593261719e-01
3.549783825874328613e-01 7.690233588218688965e-01
3.548982441425323486e-01 7.690690755844116211e-01
3.548181354999542236e-01 7.691147327423095703e-01
3.547380566596984863e-01 7.691603899002075195e-01
3.546580374240875244e-01 7.692060470581054688e-01
3.545780479907989502e-01 7.692516446113586426e-01
3.544981181621551514e-01 7.692972421646118164e-01
3.544182181358337402e-01 7.693427801132202148e-01
3.543383777141571045e-01 7.693883180618286133e-01
3.542585670948028564e-01 7.694338560104370117e-01
3.541787862777709961e-01 7.694793343544006348e-01
3.540990650653839111e-01 7.695248126983642578e-01
3.540193736553192139e-01 7.695702314376831055e-01
3.539397418498992920e-01 7.696156501770019531e-01
3.538601398468017578e-01 7.696610689163208008e-01
3.537805676460266113e-01 7.697064280509948730e-01
3.537010550498962402e-01 7.697517871856689453e-01
3.536215722560882568e-01 7.697970867156982422e-01
3.535421490669250488e-01 7.698423862457275391e-01
3.534627556800842285e-01 7.698876857757568359e-01
3.533834218978881836e-01 7.699329257011413574e-01
3.533041179180145264e-01 7.699781656265258789e-01
3.532248437404632568e-01 7.700233459472656250e-01
3.531456291675567627e-01 7.700685262680053711e-01
3.530664443969726562e-01 7.701137065887451172e-01
3.529873192310333252e-01 7.701588273048400879e-01
3.529082238674163818e-01 7.702039480209350586e-01
3.528291881084442139e-01 7.702490091323852539e-01
3.527501821517944336e-01 7.702940702438354492e-01
3.526712357997894287e-01 7.703390717506408691e-01
3.525923192501068115e-01 7.703840732574462891e-01
3.525134325027465820e-01 7.704290747642517090e-01
3.524346053600311279e-01 7.704740166664123535e-01
3.523558080196380615e-01 7.705189585685729980e-01
3.522770702838897705e-01 7.705638408660888672e-01
3.521983623504638672e-01 7.706087231636047363e-01
3.521197140216827393e-01 7.706536054611206055e-01
3.520410954952239990e-01 7.706984281539916992e-01
3.519625365734100342e-01 7.707432508468627930e-01
3.518840074539184570e-01 7.707880139350891113e-01
3.518055081367492676e-01 7.708327770233154297e-01
3.517270684242248535e-01 7.708775401115417480e-01
3.516486585140228271e-01 7.709222435951232910e-01
3.515703082084655762e-01 7.709669470787048340e-01
3.514919877052307129e-01 7.710115909576416016e-01
3.514137268066406250e-01 7.710562348365783691e-01
3.513354957103729248e-01 7.711008191108703613e-01
3.512573242187500000e-01 7.711454033851623535e-01
3.511791825294494629e-01 7.711899876594543457e-01
3.511010706424713135e-01 7.712345123291015625e-01
3.510230183601379395e-01 7.712790369987487793e-01
3.509449958801269531e-01 7.713235020637512207e-01
3.508670330047607422e-01 7.713679671287536621e-01
3.507890999317169189e-01 7.714124321937561035e-01
3.507112264633178711e-01 7.714568376541137695e-01
3.506333827972412109e-01 7.715012431144714355e-01
3.505555987358093262e-01 7.715455889701843262e-01
3.504778444766998291e-01 7.715899348258972168e-01
3.504001498222351074e-01 7.716342210769653320e-01
3.503224849700927734e-01 7.716785073280334473e-01
3.502448499202728271e-01 7.717227935791015625e-01
3.501672744750976562e-01 7.717670202255249023e-01
3.500897288322448730e-01 7.718112468719482422e-01
3.500122427940368652e-01 7.718554139137268066e-01
3.499347865581512451e-01 7.718995809555053711e-01
3.498573899269104004e-01 7.719437479972839355e-01
3.497800230979919434e-01 7.719878554344177246e-01
3.497027158737182617e-01 7.720319628715515137e-01
3.496254384517669678e-01 7.720760107040405273e-01
3.495482206344604492e-01 7.721200585365295410e-01
3.494710326194763184e-01 7.721640467643737793e-01
3.493939042091369629e-01 7.722080349922180176e-01
3.493168056011199951e-01 7.722520232200622559e-01
3.492397367954254150e-01 7.722959518432617188e-01
3.491627275943756104e-01 7.723398804664611816e-01
3.490857481956481934e-01 7.723837494850158691e-01
3.490088284015655518e-01 7.724276185035705566e-01
3.489319384098052979e-01 7.724714875221252441e-01
3.488551080226898193e-01 7.725152969360351562e-01
3.487783074378967285e-01 7.725591063499450684e-01
3.487015664577484131e-01 7.726028561592102051e-01
3.486248552799224854e-01 7.726466059684753418e-01
3.485482037067413330e-01 7.726902961730957031e-01
3.484715819358825684e-01 7.727339863777160645e-01
3.483950197696685791e-01 7.727776765823364258e-01
3.483184874057769775e-01 7.728213071823120117e-01
3.482420146465301514e-01 7.728649377822875977e-01
3.481655716896057129e-01 7.729085087776184082e-01
3.480891883373260498e-01 7.729520797729492188e-01
3.480128347873687744e-01 7.729956507682800293e-01
3.479365110397338867e-01 7.730391621589660645e-01
3.478602468967437744e-01 7.730826735496520996e-01
3.477840125560760498e-01 7.731261253356933594e-01
3.477078378200531006e-01 7.731695771217346191e-01
3.476316928863525391e-01 7.732129693031311035e-01
3.475556075572967529e-01 7.732563614845275879e-01
3.474795520305633545e-01 7.732997536659240723e-01
3.474035561084747314e-01 7.733430862426757812e-01
3.473275899887084961e-01 7.733864188194274902e-01
3.472516834735870361e-01 7.734296917915344238e-01
3.471758067607879639e-01 7.734729647636413574e-01
3.470999896526336670e-01 7.735161781311035156e-01
3.470242023468017578e-01 7.735593914985656738e-01
3.469484746456146240e-01 7.736026048660278320e-01
3.468727767467498779e-01 7.736457586288452148e-01
3.467971384525299072e-01 7.736889123916625977e-01
3.467215299606323242e-01 7.737320065498352051e-01
3.466459810733795166e-01 7.737751007080078125e-01
3.465704619884490967e-01 7.738181352615356445e-01
3.464950025081634521e-01 7.738611698150634766e-01
3.464195728302001953e-01 7.739042043685913086e-01
3.463442027568817139e-01 7.739471793174743652e-01
3.462688624858856201e-01 7.739901542663574219e-01
3.461935818195343018e-01 7.740330696105957031e-01
3.461183309555053711e-01 7.740759849548339844e-01
3.460431396961212158e-01 7.741188406944274902e-01
3.459679782390594482e-01 7.741616964340209961e-01
3.458928763866424561e-01 7.742045521736145020e-01
3.458178043365478516e-01 7.742473483085632324e-01
3.457427918910980225e-01 7.742901444435119629e-01
3.456678092479705811e-01 7.743328809738159180e-01
3.455928862094879150e-01 7.743756175041198730e-01
3.455179929733276367e-01 7.744183540344238281e-01
3.454431593418121338e-01 7.744610309600830078e-01
3.453683555126190186e-01 7.745037078857421875e-01
3.452936112880706787e-01 7.745463252067565918e-01
3.452188968658447266e-01 7.745889425277709961e-01
3.451442420482635498e-01 7.746315002441406250e-01
3.450696170330047607e-01 7.746740579605102539e-01
3.449950516223907471e-01 7.747166156768798828e-01
3.449205160140991211e-01 7.747591137886047363e-01
3.448460400104522705e-01 7.748016119003295898e-01
3.447715938091278076e-01 7.748440504074096680e-01
3.446972072124481201e-01 7.748864889144897461e-01
3.446228504180908203e-01 7.749288678169250488e-01
3.445485532283782959e-01 7.749712467193603516e-01
3.444742858409881592e-01 7.750135660171508789e-01
3.444000780582427979e-01 7.750558853149414062e-01
3.443259000778198242e-01 7.750982046127319336e-01
3.442517817020416260e-01 7.751404643058776855e-01
3.441776931285858154e-01 7.751827239990234375e-01
3.441036641597747803e-01 7.752249240875244141e-01
3.440296649932861328e-01 7.752671241760253906e-01
3.439557254314422607e-01 7.753092646598815918e-01
3.438818156719207764e-01 7.753514051437377930e-01
3.438079655170440674e-01 7.753935456275939941e-01
3.437341451644897461e-01 7.754356265068054199e-01
3.436603844165802002e-01 7.754777073860168457e-01
3.435866534709930420e-01 7.755197286605834961e-01
3.435129821300506592e-01 7.755617499351501465e-01
3.434393405914306641e-01 7.756037116050720215e-01
3.433657586574554443e-01 7.756456732749938965e-01
3.432922065258026123e-01 7.756876349449157715e-01
3.432187139987945557e-01 7.757295370101928711e-01
3.431452512741088867e-01 7.757714390754699707e-01
3.430718481540679932e-01 7.758132815361022949e-01
3.429984748363494873e-01 7.758551239967346191e-01
3.429251611232757568e-01 7.758969068527221680e-01
3.428518772125244141e-01 7.759386897087097168e-01
3.427786529064178467e-01 7.759804725646972656e-01
3.427054584026336670e-01 7.760221958160400391e-01
3.426323235034942627e-01 7.760639190673828125e-01
3.425592184066772461e-01 7.761055827140808105e-01
3.424861729145050049e-01 7.761472463607788086e-01
3.424131572246551514e-01 7.761888504028320312e-01
3.423402011394500732e-01 7.762304544448852539e-01
3.422673046588897705e-01 7.762720584869384766e-01
3.421944379806518555e-01 7.763136029243469238e-01
3.421216309070587158e-01 7.763551473617553711e-01
3.420488536357879639e-01 7.763966321945190430e-01
3.419761359691619873e-01 7.764381170272827148e-01
3.419034481048583984e-01 7.764795422554016113e-01
3.418308198451995850e-01 7.765209674835205078e-01
3.417582213878631592e-01 7.765623927116394043e-01
3.416856825351715088e-01 7.766037583351135254e-01
3.416131734848022461e-01 7.766451239585876465e-01
3.415407240390777588e-01 7.766864299774169922e-01
3.414683043956756592e-01 7.767277359962463379e-01
3.413959443569183350e-01 7.767689824104309082e-01
3.413236141204833984e-01 7.768102288246154785e-01
3.412513434886932373e-01 7.768514156341552734e-01
3.411791026592254639e-01 7.768926024436950684e-01
3.411069214344024658e-01 7.769337892532348633e-01
3.410347700119018555e-01 7.769749164581298828e-01
3.409626781940460205e-01 7.770160436630249023e-01
3.408906459808349609e-01 7.770571112632751465e-01
3.408186435699462891e-01 7.770981788635253906e-01
3.407467007637023926e-01 7.771391868591308594e-01
3.406747877597808838e-01 7.771801948547363281e-01
3.406029343605041504e-01 7.772212028503417969e-01
3.405311107635498047e-01 7.772621512413024902e-01
3.404593467712402344e-01 7.773030996322631836e-01
3.403876125812530518e-01 7.773439884185791016e-01
3.403159379959106445e-01 7.773848772048950195e-01
3.402442932128906250e-01 7.774257063865661621e-01
3.401727080345153809e-01 7.774665355682373047e-01
3.401011526584625244e-01 7.775073051452636719e-01
3.400296568870544434e-01 7.775480747222900391e-01
3.399581909179687500e-01 7.775888442993164062e-01
3.398867845535278320e-01 7.776295542716979980e-01
3.398154377937316895e-01 7.776702642440795898e-01
3.397441208362579346e-01 7.777109146118164062e-01
3.396728634834289551e-01 7.777515649795532227e-01
3.396016359329223633e-01 7.777921557426452637e-01
3.395304679870605469e-01 7.778327465057373047e-01
3.394593298435211182e-01 7.778733372688293457e-01
3.393882513046264648e-01 7.779138684272766113e-01
3.393172025680541992e-01 7.779543995857238770e-01
3.392462134361267090e-01 7.779948711395263672e-01
3.391752541065216064e-01 7.780353426933288574e-01
3.391043543815612793e-01 7.780757546424865723e-01
3.390335142612457275e-01 7.781161665916442871e-01
3.389627039432525635e-01 7.781565189361572266e-01
3.388919532299041748e-01 7.781968712806701660e-01
3.388212323188781738e-01 7.782372236251831055e-01
3.387505710124969482e-01 7.782775163650512695e-01
3.386799395084381104e-01 7.783178091049194336e-01
3.386093676090240479e-01 7.783580422401428223e-01
3.385388255119323730e-01 7.783982753753662109e-01
3.384683430194854736e-01 7.784384489059448242e-01
3.383978903293609619e-01 7.784786224365234375e-01
3.383274972438812256e-01 7.785187363624572754e-01
3.382571637630462646e-01 7.785588502883911133e-01
3.381868600845336914e-01 7.785989642143249512e-01
3.381166160106658936e-01 7.786390185356140137e-01
3.380464017391204834e-01 7.786790728569030762e-01
3.379762470722198486e-01 7.787190675735473633e-01
3.379061222076416016e-01 7.787590622901916504e-01
3.378360569477081299e-01 7.787989974021911621e-01
3.377660214900970459e-01 7.788389325141906738e-01
3.376960456371307373e-01 7.788788080215454102e-01
3.376260995864868164e-01 7.789186835289001465e-01
3.375562131404876709e-01 7.789585590362548828e-01
3.374863862991333008e-01 7.789983749389648438e-01
3.374165892601013184e-01 7.790381908416748047e-01
3.373468518257141113e-01 7.790779471397399902e-01
3.372771441936492920e-01 7.791177034378051758e-01
3.372074961662292480e-01 7.791574001312255859e-01
3.371378779411315918e-01 7.791970968246459961e-01
3.370683193206787109e-01 7.792367339134216309e-01
3.369987905025482178e-01 7.792763710021972656e-01
3.369293212890625000e-01 7.793160080909729004e-01
3.368599116802215576e-01 7.793555855751037598e-01
3.367905318737030029e-01 7.793951630592346191e-01
3.367212116718292236e-01 7.794346809387207031e-01
3.366519212722778320e-01 7.794741988182067871e-01
3.365826904773712158e-01 7.795136570930480957e-01
3.365134894847869873e-01 7.795531153678894043e-01
3.364443480968475342e-01 7.795925140380859375e-01
3.363752365112304688e-01 7.796319127082824707e-01
3.363061845302581787e-01 7.796713113784790039e-01
3.362371921539306641e-01 7.797106504440307617e-01
3.361682295799255371e-01 7.797499895095825195e-01
3.360993266105651855e-01 7.797892689704895020e-01
3.360304534435272217e-01 7.798285484313964844e-01
3.359616398811340332e-01 7.798677682876586914e-01
3.358928561210632324e-01 7.799069881439208984e-01
3.358241319656372070e-01 7.799461483955383301e-01
3.357554674148559570e-01 7.799853086471557617e-01
3.356868326663970947e-01 7.800244688987731934e-01
3.356182575225830078e-01 7.800635695457458496e-01
3.355497121810913086e-01 7.801026701927185059e-01
3.354812264442443848e-01 7.801417112350463867e-01
3.354127705097198486e-01 7.801807522773742676e-01
3.353443741798400879e-01 7.802197337150573730e-01
3.352760076522827148e-01 7.802587151527404785e-01
3.352077007293701172e-01 7.802976369857788086e-01
3.351394534111022949e-01 7.803365588188171387e-01
3.350712358951568604e-01 7.803754806518554688e-01
3.350030779838562012e-01 7.804143428802490234e-01
3.349349498748779297e-01 7.804532051086425781e-01
3.348668813705444336e-01 7.804920077323913574e-01
3.347988426685333252e-01 7.805308103561401367e-01
3.347308635711669922e-01 7.805695533752441406e-01
3.346629440784454346e-01 7.806082963943481445e-01
3.345950543880462646e-01 7.806469798088073730e-01
3.345272243022918701e-01 7.806856632232666016e-01
3.344594240188598633e-01 7.807243466377258301e-01
3.343916833400726318e-01 7.807629704475402832e-01
3.343239724636077881e-01 7.808015942573547363e-01
3.342563211917877197e-01 7.808401584625244141e-01
3.341887295246124268e-01 7.808787226676940918e-01
3.341211676597595215e-01 7.809172272682189941e-01
3.340536653995513916e-01 7.809557318687438965e-01
3.339861929416656494e-01 7.809941768646240234e-01
3.339187800884246826e-01 7.810326218605041504e-01
3.338513970375061035e-01 7.810710668563842773e-01
3.337840735912322998e-01 7.811094522476196289e-01
3.337168097496032715e-01 7.811478376388549805e-01
3.336495757102966309e-01 7.811861634254455566e-01
3.335824012756347656e-01 7.812244892120361328e-01
3.335152566432952881e-01 7.812627553939819336e-01
3.334481716156005859e-01 7.813010215759277344e-01
3.333811163902282715e-01 7.813392281532287598e-01
3.333141207695007324e-01 7.813774347305297852e-01
3.332471847534179688e-01 7.814155817031860352e-01
3.331802785396575928e-01 7.814537286758422852e-01
3.331134319305419922e-01 7.814918756484985352e-01
3.330466151237487793e-01 7.815299630165100098e-01
3.329798579216003418e-01 7.815680503845214844e-01
3.329131603240966797e-01 7.816060781478881836e-01
3.328464925289154053e-01 7.816441059112548828e-01
3.327798843383789062e-01 7.816820740699768066e-01
3.327133059501647949e-01 7.817200422286987305e-01
3.326467871665954590e-01 7.817579507827758789e-01
3.325802981853485107e-01 7.817958593368530273e-01
3.325138688087463379e-01 7.818337678909301758e-01
3.324474990367889404e-01 7.818716168403625488e-01
3.323811590671539307e-01 7.819094657897949219e-01
3.323148787021636963e-01 7.819472551345825195e-01
3.322486281394958496e-01 7.819850444793701172e-01
3.321824371814727783e-01 7.820227742195129395e-01
3.321162760257720947e-01 7.820605039596557617e-01
3.320501744747161865e-01 7.820981740951538086e-01
3.319841325283050537e-01 7.821358442306518555e-01
3.319181203842163086e-01 7.821734547615051270e-01
3.318521678447723389e-01 7.822110652923583984e-01
3.317862451076507568e-01 7.822486758232116699e-01
3.317203819751739502e-01 7.822862267494201660e-01
3.316545784473419189e-01 7.823237776756286621e-01
3.315888047218322754e-01 7.823612689971923828e-01
3.315230906009674072e-01 7.823987603187561035e-01
3.314574062824249268e-01 7.824361920356750488e-01
3.313917815685272217e-01 7.824736237525939941e-01
3.313261866569519043e-01 7.825109958648681641e-01
3.312606513500213623e-01 7.825483679771423340e-01
3.311951756477355957e-01 7.825857400894165039e-01
3.311297297477722168e-01 7.826230525970458984e-01
3.310643434524536133e-01 7.826603651046752930e-01
3.309989869594573975e-01 7.826976180076599121e-01
3.309336900711059570e-01 7.827348709106445312e-01
3.308684527873992920e-01 7.827720642089843750e-01
3.308032453060150146e-01 7.828092575073242188e-01
3.307380974292755127e-01 7.828463912010192871e-01
3.306729793548583984e-01 7.828835248947143555e-01
3.306079208850860596e-01 7.829205989837646484e-01
3.305429220199584961e-01 7.829576730728149414e-01
3.304779529571533203e-01 7.829947471618652344e-01
3.304130434989929199e-01 7.830317616462707520e-01
3.303481638431549072e-01 7.830687761306762695e-01
3.302833437919616699e-01 7.831057310104370117e-01
3.302185535430908203e-01 7.831426858901977539e-01
3.301538228988647461e-01 7.831795811653137207e-01
3.300891518592834473e-01 7.832164764404296875e-01
3.300245106220245361e-01 7.832533121109008789e-01
3.299599289894104004e-01 7.832901477813720703e-01
3.298953771591186523e-01 7.833269238471984863e-01
3.298308849334716797e-01 7.833636999130249023e-01
3.297664523124694824e-01 7.834004759788513184e-01
3.297020494937896729e-01 7.834371924400329590e-01
3.296377062797546387e-01 7.834739089012145996e-01
3.295733928680419922e-01 7.835105657577514648e-01
3.295091390609741211e-01 7.835472226142883301e-01
3.294449448585510254e-01 7.835838198661804199e-01
3.293807804584503174e-01 7.836204171180725098e-01
3.293166756629943848e-01 7.836569547653198242e-01
3.292526006698608398e-01 7.836934924125671387e-01
3.291885852813720703e-01 7.837299704551696777e-01
3.291245996952056885e-01 7.837664484977722168e-01
3.290606737136840820e-01 7.838029265403747559e-01
3.289968073368072510e-01 7.838393449783325195e-01
3.289329707622528076e-01 7.838757634162902832e-01
3.288691937923431396e-01 7.839121222496032715e-01
3.288054466247558594e-01 7.839484810829162598e-01
3.287417590618133545e-01 7.839847803115844727e-01
3.286781311035156250e-01 7.840210795402526855e-01
3.286145329475402832e-01 7.840573191642761230e-01
3.285509943962097168e-01 7.840935587882995605e-01
3.284874856472015381e-01 7.841297388076782227e-01
3.284240365028381348e-01 7.841659188270568848e-01
3.283606469631195068e-01 7.842020988464355469e-01
3.282972872257232666e-01 7.842382192611694336e-01
3.282339870929718018e-01 7.842743396759033203e-01
3.281707167625427246e-01 7.843104004859924316e-01
3.281075060367584229e-01 7.843464612960815430e-01
3.280443549156188965e-01 7.843824625015258789e-01
3.279812335968017578e-01 7.844184637069702148e-01
3.279181718826293945e-01 7.844544053077697754e-01
3.278551399707794189e-01 7.844903469085693359e-01
3.277921676635742188e-01 7.845262289047241211e-01
3.277292549610137939e-01 7.845621109008789062e-01
3.276663720607757568e-01 7.845979928970336914e-01
3.276035487651824951e-01 7.846338152885437012e-01
3.275407552719116211e-01 7.846696376800537109e-01
3.274780213832855225e-01 7.847054004669189453e-01
3.274153470993041992e-01 7.847411632537841797e-01
3.273527026176452637e-01 7.847768664360046387e-01
3.272901177406311035e-01 7.848125696182250977e-01
3.272275626659393311e-01 7.848482131958007812e-01
3.271650671958923340e-01 7.848838567733764648e-01
3.271026313304901123e-01 7.849194407463073730e-01
3.270402252674102783e-01 7.849550247192382812e-01
3.269778788089752197e-01 7.849905490875244141e-01
3.269155621528625488e-01 7.850260734558105469e-01
3.268533051013946533e-01 7.850615978240966797e-01
3.267911076545715332e-01 7.850970625877380371e-01
3.267289400100708008e-01 7.851325273513793945e-01
3.266668319702148438e-01 7.851679325103759766e-01
3.266047537326812744e-01 7.852033376693725586e-01
3.265427350997924805e-01 7.852386832237243652e-01
3.264807760715484619e-01 7.852740287780761719e-01
3.264188468456268311e-01 7.853093147277832031e-01
3.263569772243499756e-01 7.853446006774902344e-01
3.262951374053955078e-01 7.853798270225524902e-01
3.262333571910858154e-01 7.854150533676147461e-01
3.261716365814208984e-01 7.854502797126770020e-01
3.261099457740783691e-01 7.854854464530944824e-01
3.260483145713806152e-01 7.855206131935119629e-01
3.259867131710052490e-01 7.855557203292846680e-01
3.259251713752746582e-01 7.855908274650573730e-01
3.258636891841888428e-01 7.856258749961853027e-01
3.258022367954254150e-01 7.856609225273132324e-01
3.257408440113067627e-01 7.856959104537963867e-01
3.256794810295104980e-01 7.857308983802795410e-01
3.256181776523590088e-01 7.857658267021179199e-01
3.255569338798522949e-01 7.858007550239562988e-01
3.254957199096679688e-01 7.858356833457946777e-01
3.254345655441284180e-01 7.858705520629882812e-01
3.253734409809112549e-01 7.859054207801818848e-01
3.253123760223388672e-01 7.859402298927307129e-01
3.252513706684112549e-01 7.859750390052795410e-01
3.251903951168060303e-01 7.860097885131835938e-01
3.251294791698455811e-01 7.860445380210876465e-01
3.250685930252075195e-01 7.860792279243469238e-01
3.250077664852142334e-01 7.861139178276062012e-01
3.249469995498657227e-01 7.861485481262207031e-01
3.248862624168395996e-01 7.861831784248352051e-01
3.248255848884582520e-01 7.862177491188049316e-01
3.247649669647216797e-01 7.862523198127746582e-01
3.247043788433074951e-01 7.862868905067443848e-01
3.246438503265380859e-01 7.863214015960693359e-01
3.245833516120910645e-01 7.863559126853942871e-01
3.245229125022888184e-01 7.863903641700744629e-01
3.244625329971313477e-01 7.864248156547546387e-01
3.244021832942962646e-01 7.864592075347900391e-01
3.243418931961059570e-01 7.864935994148254395e-01
3.242816329002380371e-01 7.865279316902160645e-01
3.242214322090148926e-01 7.865622639656066895e-01
3.241612911224365234e-01 7.865965366363525391e-01
3.241011798381805420e-01 7.866308093070983887e-01
3.240411281585693359e-01 7.866650819778442383e-01
3.239811062812805176e-01 7.866992950439453125e-01
3.239211440086364746e-01 7.867335081100463867e-01
3.238612413406372070e-01 7.867676615715026855e-01
3.238013684749603271e-01 7.868018150329589844e-01
3.237415552139282227e-01 7.868359088897705078e-01
3.236817717552185059e-01 7.868700027465820312e-01
3.236220479011535645e-01 7.869040369987487793e-01
3.235623836517333984e-01 7.869380712509155273e-01
3.235027492046356201e-01 7.869720458984375000e-01
3.234431743621826172e-01 7.870060205459594727e-01
3.233836293220520020e-01 7.870399355888366699e-01
3.233241438865661621e-01 7.870738506317138672e-01
3.232647180557250977e-01 7.871077656745910645e-01
3.232053220272064209e-01 7.871416211128234863e-01
3.231459856033325195e-01 7.871754765510559082e-01
3.230867087841033936e-01 7.872092723846435547e-01
3.230274617671966553e-01 7.872430682182312012e-01
3.229682743549346924e-01 7.872768044471740723e-01
3.229091167449951172e-01 7.873105406761169434e-01
3.228500187397003174e-01 7.873442173004150391e-01
3.227909803390502930e-01 7.873778939247131348e-01
3.227319717407226562e-01 7.874115109443664551e-01
3.226730227470397949e-01 7.874451279640197754e-01
3.226141035556793213e-01 7.874787449836730957e-01
3.225552439689636230e-01 7.875123023986816406e-01
3.224964439868927002e-01 7.875458598136901855e-01
3.224376738071441650e-01 7.875793576240539551e-01
3.223789632320404053e-01 7.876128554344177246e-01
3.223202824592590332e-01 7.876462936401367188e-01
3.222616612911224365e-01 7.876797318458557129e-01
3.222030997276306152e-01 7.877131104469299316e-01
3.221445679664611816e-01 7.877464890480041504e-01
3.220860958099365234e-01 7.877798080444335938e-01
3.220276534557342529e-01 7.878131270408630371e-01
3.219692707061767578e-01 7.878463864326477051e-01
3.219109475612640381e-01 7.878796458244323730e-01
3.218526542186737061e-01 7.879129052162170410e-01
3.217944204807281494e-01 7.879461050033569336e-01
3.217362463474273682e-01 7.879793047904968262e-01
3.216781020164489746e-01 7.880124449729919434e-01
3.216200172901153564e-01 7.880455851554870605e-01
3.215619623661041260e-01 7.880786657333374023e-01
3.215039670467376709e-01 7.881117463111877441e-01
3.214460313320159912e-01 7.881447672843933105e-01
3.213881254196166992e-01 7.881777882575988770e-01
3.213302791118621826e-01 7.882107496261596680e-01
3.212724626064300537e-01 7.882437109947204590e-01
3.212147057056427002e-01 7.882766723632812500e-01
3.211570084095001221e-01 7.883095741271972656e-01
3.210993409156799316e-01 7.883424758911132812e-01
3.210417330265045166e-01 7.883753180503845215e-01
3.209841549396514893e-01 7.884081602096557617e-01
3.209266364574432373e-01 7.884409427642822266e-01
3.208691775798797607e-01 7.884737253189086914e-01
3.208117485046386719e-01 7.885064482688903809e-01
3.207543790340423584e-01 7.885391712188720703e-01
3.206970393657684326e-01 7.885718345642089844e-01
3.206397593021392822e-01 7.886044979095458984e-01
3.205825388431549072e-01 7.886371016502380371e-01
3.205253481864929199e-01 7.886697053909301758e-01
3.204682171344757080e-01 7.887023091316223145e-01
3.204111456871032715e-01 7.887348532676696777e-01
3.203541040420532227e-01 7.887673974037170410e-01
3.202971220016479492e-01 7.887998819351196289e-01
3.202401697635650635e-01 7.888323664665222168e-01
3.201832771301269531e-01 7.888647913932800293e-01
3.201264441013336182e-01 7.888972163200378418e-01
3.200696408748626709e-01 7.889295816421508789e-01
3.200128972530364990e-01 7.889619469642639160e-01
3.199561834335327148e-01 7.889942526817321777e-01
3.198995292186737061e-01 7.890265583992004395e-01
3.198429346084594727e-01 7.890588641166687012e-01
3.197863698005676270e-01 7.890911102294921875e-01
3.197298645973205566e-01 7.891233563423156738e-01
3.196733891963958740e-01 7.891555428504943848e-01
3.196169734001159668e-01 7.891877293586730957e-01
3.195606172084808350e-01 7.892198562622070312e-01
3.195042908191680908e-01 7.892519831657409668e-01
3.194480240345001221e-01 7.892840504646301270e-01
3.193918168544769287e-01 7.893161177635192871e-01
3.193356394767761230e-01 7.893481254577636719e-01
3.192795217037200928e-01 7.893801331520080566e-01
3.192234337329864502e-01 7.894120812416076660e-01
3.191674053668975830e-01 7.894440293312072754e-01
3.191114366054534912e-01 7.894759774208068848e-01
3.190554976463317871e-01 7.895078659057617188e-01
3.189996182918548584e-01 7.895397543907165527e-01
3.189437687397003174e-01 7.895715832710266113e-01
3.188879787921905518e-01 7.896034121513366699e-01
3.188322484493255615e-01 7.896351814270019531e-01
3.187765479087829590e-01 7.896669507026672363e-01
3.187209069728851318e-01 7.896986603736877441e-01
3.186652958393096924e-01 7.897303700447082520e-01
3.186097443103790283e-01 7.897620201110839844e-01
3.185542523860931396e-01 7.897936701774597168e-01
3.184987902641296387e-01 7.898252606391906738e-01
3.184433877468109131e-01 7.898568511009216309e-01
3.183880150318145752e-01 7.898884415626525879e-01
3.183327019214630127e-01 7.899199724197387695e-01
3.182774484157562256e-01 7.899515032768249512e-01
3.182222247123718262e-01 7.899829745292663574e-01
3.181670606136322021e-01 7.900144457817077637e-01
3.181119561195373535e-01 7.900458574295043945e-01
3.180568814277648926e-01 7.900772690773010254e-01
3.180018663406372070e-01 7.901086211204528809e-01
3.179468810558319092e-01 7.901399731636047363e-01
3.178919553756713867e-01 7.901712656021118164e-01
3.178370893001556396e-01 7.902025580406188965e-01
3.177822530269622803e-01 7.902338504791259766e-01
3.177274763584136963e-01 7.902650833129882812e-01
3.176727294921875000e-01 7.902963161468505859e-01
3.176180422306060791e-01 7.903274893760681152e-01
3.175634145736694336e-01 7.903586626052856445e-01
3.175088167190551758e-01 7.903897762298583984e-01
3.174542784690856934e-01 7.904208898544311523e-01
3.173997700214385986e-01 7.904519438743591309e-01
3.173453211784362793e-01 7.904829978942871094e-01
3.172909319400787354e-01 7.905139923095703125e-01
3.172365725040435791e-01 7.905449867248535156e-01
3.171822726726531982e-01 7.905759215354919434e-01
3.171280026435852051e-01 7.906068563461303711e-01
3.170737922191619873e-01 7.906377911567687988e-01
3.170196413993835449e-01 7.906686663627624512e-01
3.169655203819274902e-01 7.906995415687561035e-01
3.169114589691162109e-01 7.907303571701049805e-01
3.168574273586273193e-01 7.907611727714538574e-01
3.168034553527832031e-01 7.907919287681579590e-01
3.167495429515838623e-01 7.908226847648620605e-01
3.166956603527069092e-01 7.908533811569213867e-01
3.166418373584747314e-01 7.908840775489807129e-01
3.165880441665649414e-01 7.909147143363952637e-01
3.165343105792999268e-01 7.909453511238098145e-01
3.164806365966796875e-01 7.909759879112243652e-01
3.164269924163818359e-01 7.910065650939941406e-01
3.163734078407287598e-01 7.910371422767639160e-01
3.163198828697204590e-01 7.910676598548889160e-01
3.162663877010345459e-01 7.910981774330139160e-01
3.162129521369934082e-01 7.911286354064941406e-01
3.161595463752746582e-01 7.911590933799743652e-01
3.161062002182006836e-01 7.911894917488098145e-01
3.160529136657714844e-01 7.912198901176452637e-01
3.159996569156646729e-01 7.912502288818359375e-01
3.159464597702026367e-01 7.912805676460266113e-01
3.158932924270629883e-01 7.913109064102172852e-01
3.158401846885681152e-01 7.913411855697631836e-01
3.157871365547180176e-01 7.913714647293090820e-01
3.157341182231903076e-01 7.914016842842102051e-01
3.156811594963073730e-01 7.914319038391113281e-01
3.156282305717468262e-01 7.914620637893676758e-01
3.155753612518310547e-01 7.914922237396240234e-01
3.155225515365600586e-01 7.915223240852355957e-01
3.154697716236114502e-01 7.915524244308471680e-01
3.154170513153076172e-01 7.915824651718139648e-01
3.153643608093261719e-01 7.916125059127807617e-01
3.153117299079895020e-01 7.916424870491027832e-01
3.152591586112976074e-01 7.916724681854248047e-01
3.152066171169281006e-01 7.917024493217468262e-01
3.151541352272033691e-01 7.917323708534240723e-01
3.151016831398010254e-01 7.917622923851013184e-01
3.150492906570434570e-01 7.917921543121337891e-01
3.149969577789306641e-01 7.918220162391662598e-01
3.149446547031402588e-01 7.918518185615539551e-01
3.148924112319946289e-01 7.918816208839416504e-01
3.148401975631713867e-01 7.919113636016845703e-01
3.147880434989929199e-01 7.919411063194274902e-01
3.147359490394592285e-01 7.919707894325256348e-01
3.146838843822479248e-01 7.920004725456237793e-01
3.146318793296813965e-01 7.920301556587219238e-01
3.145799040794372559e-01 7.920597791671752930e-01
3.145279884338378906e-01 7.920894026756286621e-01
3.144761323928833008e-01 7.921189665794372559e-01
3.144243061542510986e-01 7.921485304832458496e-01
3.143725395202636719e-01 7.921780347824096680e-01
3.143208026885986328e-01 7.922075390815734863e-01
3.142691254615783691e-01 7.922369837760925293e-01
3.142175078392028809e-01 7.922664284706115723e-01
3.141659200191497803e-01 7.922958135604858398e-01
3.141143918037414551e-01 7.923251986503601074e-01
3.140628933906555176e-01 7.923545837402343750e-01
3.140114545822143555e-01 7.923839092254638672e-01
3.139600753784179688e-01 7.924132347106933594e-01
3.139087259769439697e-01 7.924425005912780762e-01
3.138574361801147461e-01 7.924717664718627930e-01
3.138061761856079102e-01 7.925009727478027344e-01
3.137549757957458496e-01 7.925301790237426758e-01
3.137038350105285645e-01 7.925593256950378418e-01
3.136527240276336670e-01 7.925884723663330078e-01
3.136016726493835449e-01 7.926175594329833984e-01
3.135506510734558105e-01 7.926466464996337891e-01
3.134996891021728516e-01 7.926757335662841797e-01
3.134487867355346680e-01 7.927047610282897949e-01
3.133979141712188721e-01 7.927337884902954102e-01
3.133471012115478516e-01 7.927627563476562500e-01
3.132963180541992188e-01 7.927917242050170898e-01
3.132455945014953613e-01 7.928206324577331543e-01
3.131949305534362793e-01 7.928495407104492188e-01
3.131442964076995850e-01 7.928783893585205078e-01
3.130937218666076660e-01 7.929072380065917969e-01
3.130431771278381348e-01 7.929360270500183105e-01
3.129926919937133789e-01 7.929648160934448242e-01
3.129422366619110107e-01 7.929936051368713379e-01
3.128918409347534180e-01 7.930223345756530762e-01
3.128415048122406006e-01 7.930510640144348145e-01
3.127911984920501709e-01 7.930797338485717773e-01
3.127409517765045166e-01 7.931084036827087402e-01
3.126907348632812500e-01 7.931370139122009277e-01
3.126405775547027588e-01 7.931656241416931152e-01
3.125904798507690430e-01 7.931941747665405273e-01
3.125404119491577148e-01 7.932227253913879395e-01
3.124904036521911621e-01 7.932512164115905762e-01
3.124404251575469971e-01 7.932797074317932129e-01
3.123905062675476074e-01 7.933081984519958496e-01
3.123406469821929932e-01 7.933366298675537109e-01
3.122908174991607666e-01 7.933650612831115723e-01
3.122410476207733154e-01 7.933934330940246582e-01
3.121913075447082520e-01 7.934218049049377441e-01
3.121416270732879639e-01 7.934501171112060547e-01
3.120920062065124512e-01 7.934784293174743652e-01
3.120424151420593262e-01 7.935066819190979004e-01
3.119928836822509766e-01 7.935349345207214355e-01
3.119433820247650146e-01 7.935631275177001953e-01
3.118939399719238281e-01 7.935913205146789551e-01
3.118445277214050293e-01 7.936195135116577148e-01
3.117951750755310059e-01 7.936476469039916992e-01
3.117458820343017578e-01 7.936757802963256836e-01
3.116966187953948975e-01 7.937038540840148926e-01
3.116474151611328125e-01 7.937319278717041016e-01
3.115982413291931152e-01 7.937599420547485352e-01
3.115491271018981934e-01 7.937879562377929688e-01
3.115000724792480469e-01 7.938159108161926270e-01
3.114510476589202881e-01 7.938438653945922852e-01
3.114020824432373047e-01 7.938717603683471680e-01
3.113531470298767090e-01 7.938996553421020508e-01
3.113042712211608887e-01 7.939275503158569336e-01
3.112554252147674561e-01 7.939553856849670410e-01
3.112066388130187988e-01 7.939832210540771484e-01
3.111579120159149170e-01 7.940109968185424805e-01
3.111092150211334229e-01 7.940387725830078125e-01
3.110605776309967041e-01 7.940664887428283691e-01
3.110119700431823730e-01 7.940942049026489258e-01
3.109634220600128174e-01 7.941218614578247070e-01
3.109149336814880371e-01 7.941495180130004883e-01
3.108664751052856445e-01 7.941771149635314941e-01
3.108180761337280273e-01 7.942047119140625000e-01
3.107697069644927979e-01 7.942323088645935059e-01
3.107213973999023438e-01 7.942598462104797363e-01
3.106731474399566650e-01 7.942873835563659668e-01
3.106249272823333740e-01 7.943148612976074219e-01
3.105767667293548584e-01 7.943423390388488770e-01
3.105286359786987305e-01 7.943697571754455566e-01
3.104805648326873779e-01 7.943971753120422363e-01
3.104325234889984131e-01 7.944245338439941406e-01
3.103845417499542236e-01 7.944518923759460449e-01
3.103366196155548096e-01 7.944792509078979492e-01
3.102887272834777832e-01 7.945065498352050781e-01
3.102408945560455322e-01 7.945338487625122070e-01
3.101930916309356689e-01 7.945610880851745605e-01
3.101453483104705811e-01 7.945883274078369141e-01
3.100976347923278809e-01 7.946155071258544922e-01
3.100499808788299561e-01 7.946426868438720703e-01
3.100023865699768066e-01 7.946698069572448730e-01
3.099548220634460449e-01 7.946969270706176758e-01
3.099073171615600586e-01 7.947239875793457031e-01
3.098598420619964600e-01 7.947510480880737305e-01
3.098124265670776367e-01 7.947781085968017578e-01
3.097650706768035889e-01 7.948051095008850098e-01
3.097177445888519287e-01 7.948321104049682617e-01
3.096704781055450439e-01 7.948590517044067383e-01
3.096232414245605469e-01 7.948859930038452148e-01
3.095760643482208252e-01 7.949128746986389160e-01
3.095289170742034912e-01 7.949397563934326172e-01
3.094818294048309326e-01 7.949665784835815430e-01
3.094348013401031494e-01 7.949934005737304688e-01
3.093878030776977539e-01 7.950202226638793945e-01
3.093408644199371338e-01 7.950469851493835449e-01
3.092939555644989014e-01 7.950737476348876953e-01
3.092471063137054443e-01 7.951004505157470703e-01
3.092002868652343750e-01 7.951271533966064453e-01
3.091535270214080811e-01 7.951537966728210449e-01
3.091068267822265625e-01 7.951804399490356445e-01
3.090601563453674316e-01 7.952070236206054688e-01
3.090135455131530762e-01 7.952336072921752930e-01
3.089669644832611084e-01 7.952601909637451172e-01
3.089204430580139160e-01 7.952867150306701660e-01
3.088739514350891113e-01 7.953132390975952148e-01
3.088275194168090820e-01 7.953397035598754883e-01
3.087811470031738281e-01 7.953661680221557617e-01
3.087348043918609619e-01 7.953925728797912598e-01
3.086885213851928711e-01 7.954189777374267578e-01
3.086422681808471680e-01 7.954453229904174805e-01
3.085960745811462402e-01 7.954716682434082031e-01
3.085499107837677002e-01 7.954979538917541504e-01
3.085038065910339355e-01 7.955242395401000977e-01
3.084577322006225586e-01 7.955505251884460449e-01
3.084117174148559570e-01 7.955767512321472168e-01
3.083657622337341309e-01 7.956029772758483887e-01
3.083198368549346924e-01 7.956291437149047852e-01
3.082739710807800293e-01 7.956553101539611816e-01
3.082281351089477539e-01 7.956814169883728027e-01
3.081823587417602539e-01 7.957075238227844238e-01
3.081366121768951416e-01 7.957335710525512695e-01
3.080909252166748047e-01 7.957596182823181152e-01
3.080452978610992432e-01 7.957856655120849609e-01
3.079997003078460693e-01 7.958116531372070312e-01
3.079541623592376709e-01 7.958376407623291016e-01
3.079086542129516602e-01 7.958635687828063965e-01
3.078632056713104248e-01 7.958894968032836914e-01
3.078177869319915771e-01 7.959153652191162109e-01
3.077724277973175049e-01 7.959412336349487305e-01
3.077271282672882080e-01 7.959670424461364746e-01
3.076818585395812988e-01 7.959928512573242188e-01
3.076366484165191650e-01 7.960186600685119629e-01
3.075914680957794189e-01 7.960444092750549316e-01
3.075463473796844482e-01 7.960701584815979004e-01
3.075012564659118652e-01 7.960958480834960938e-01
3.074562251567840576e-01 7.961215376853942871e-01
3.074112236499786377e-01 7.961471676826477051e-01
3.073662817478179932e-01 7.961727976799011230e-01
3.073213994503021240e-01 7.961983680725097656e-01
3.072765469551086426e-01 7.962239384651184082e-01
3.072317540645599365e-01 7.962495088577270508e-01
3.071869909763336182e-01 7.962750196456909180e-01
3.071422874927520752e-01 7.963005304336547852e-01
3.070976138114929199e-01 7.963259816169738770e-01
3.070529997348785400e-01 7.963514328002929688e-01
3.070084154605865479e-01 7.963768243789672852e-01
3.069638907909393311e-01 7.964022159576416016e-01
3.069194257259368896e-01 7.964275479316711426e-01
3.068749904632568359e-01 7.964528799057006836e-01
3.068306148052215576e-01 7.964782118797302246e-01
3.067862689495086670e-01 7.965034842491149902e-01
3.067419826984405518e-01 7.965287566184997559e-01
3.066977262496948242e-01 7.965539693832397461e-01
3.066535294055938721e-01 7.965791821479797363e-01
3.066093623638153076e-01 7.966043353080749512e-01
3.065652549266815186e-01 7.966294884681701660e-01
3.065211772918701172e-01 7.966546416282653809e-01
3.064771592617034912e-01 7.966797351837158203e-01
3.064332008361816406e-01 7.967048287391662598e-01
3.063892722129821777e-01 7.967298626899719238e-01
3.063454031944274902e-01 7.967548966407775879e-01
3.063015639781951904e-01 7.967798709869384766e-01
3.062577843666076660e-01 7.968048453330993652e-01
3.062140345573425293e-01 7.968297600746154785e-01
3.061703443527221680e-01 7.968546748161315918e-01
3.061266839504241943e-01 7.968795895576477051e-01
3.060830831527709961e-01 7.969044446945190430e-01
3.060395121574401855e-01 7.969292998313903809e-01
3.059960007667541504e-01 7.969540953636169434e-01
3.059525489807128906e-01 7.969788908958435059e-01
3.059091269969940186e-01 7.970036268234252930e-01
3.058657646179199219e-01 7.970283627510070801e-01
3.058224320411682129e-01 7.970530390739440918e-01
3.057791590690612793e-01 7.970777153968811035e-01
3.057359158992767334e-01 7.971023917198181152e-01
3.056927323341369629e-01 7.971270084381103516e-01
3.056495785713195801e-01 7.971516251564025879e-01
3.056064844131469727e-01 7.971761822700500488e-01
3.055634200572967529e-01 7.972007393836975098e-01
3.055204153060913086e-01 7.972252368927001953e-01
3.054774701595306396e-01 7.972497344017028809e-01
3.054345548152923584e-01 7.972741723060607910e-01
3.053916990756988525e-01 7.972986102104187012e-01
3.053488731384277344e-01 7.973230481147766113e-01
3.053061068058013916e-01 7.973474264144897461e-01
3.052633702754974365e-01 7.973718047142028809e-01
3.052206933498382568e-01 7.973961234092712402e-01
3.051780462265014648e-01 7.974204421043395996e-01
3.051354587078094482e-01 7.974447011947631836e-01
3.050929009914398193e-01 7.974689602851867676e-01
3.050504028797149658e-01 7.974932193756103516e-01
3.050079345703125000e-01 7.975174188613891602e-01
3.049655258655548096e-01 7.975416183471679688e-01
3.049231469631195068e-01 7.975657582283020020e-01
3.048808276653289795e-01 7.975898981094360352e-01
3.048385679721832275e-01 7.976139783859252930e-01
3.047963380813598633e-01 7.976380586624145508e-01
3.047541677951812744e-01 7.976621389389038086e-01
3.047120273113250732e-01 7.976861596107482910e-01
3.046699464321136475e-01 7.977101802825927734e-01
3.046278953552246094e-01 7.977341413497924805e-01
3.045859038829803467e-01 7.977581024169921875e-01
3.045439422130584717e-01 7.977820038795471191e-01
3.045020401477813721e-01 7.978059053421020508e-01
3.044601678848266602e-01 7.978297472000122070e-01
3.044183552265167236e-01 7.978535890579223633e-01
3.043765723705291748e-01 7.978774309158325195e-01
3.043348491191864014e-01 7.979012131690979004e-01
3.042931556701660156e-01 7.979249954223632812e-01
3.042515218257904053e-01 7.979487180709838867e-01
3.042099177837371826e-01 7.979724407196044922e-01
3.041683733463287354e-01 7.979961037635803223e-01
3.041268587112426758e-01 7.980197668075561523e-01
3.040854036808013916e-01 7.980434298515319824e-01
3.040440082550048828e-01 7.980670332908630371e-01
3.040026426315307617e-01 7.980906367301940918e-01
3.039613366127014160e-01 7.981141805648803711e-01
3.039200603961944580e-01 7.981377243995666504e-01
3.038788437843322754e-01 7.981612086296081543e-01
3.038376569747924805e-01 7.981846928596496582e-01
3.037965297698974609e-01 7.982081770896911621e-01
3.037554323673248291e-01 7.982316017150878906e-01
3.037143945693969727e-01 7.982550263404846191e-01
3.036733865737915039e-01 7.982783913612365723e-01
3.036324381828308105e-01 7.983017563819885254e-01
3.035915195941925049e-01 7.983250617980957031e-01
3.035506606101989746e-01 7.983483672142028809e-01
3.035098314285278320e-01 7.983716130256652832e-01
3.034690618515014648e-01 7.983948588371276855e-01
3.034283220767974854e-01 7.984181046485900879e-01
3.033876419067382812e-01 7.984412908554077148e-01
3.033469915390014648e-01 7.984644770622253418e-01
3.033064007759094238e-01 7.984876036643981934e-01
3.032658398151397705e-01 7.985107302665710449e-01
3.032253384590148926e-01 7.985337972640991211e-01
3.031848669052124023e-01 7.985568642616271973e-01
3.031444549560546875e-01 7.985799312591552734e-01
3.031040728092193604e-01 7.986029386520385742e-01
3.030637502670288086e-01 7.986259460449218750e-01
3.030234575271606445e-01 7.986488938331604004e-01
3.029832243919372559e-01 7.986718416213989258e-01
3.029430210590362549e-01 7.986947298049926758e-01
3.029028773307800293e-01 7.987176179885864258e-01
3.028627634048461914e-01 7.987405061721801758e-01
3.028227090835571289e-01 7.987633347511291504e-01
3.027826845645904541e-01 7.987861633300781250e-01
3.027427196502685547e-01 7.988089323043823242e-01
3.027027845382690430e-01 7.988317012786865234e-01
3.026629090309143066e-01 7.988544106483459473e-01
3.026230633258819580e-01 7.988771200180053711e-01
3.025832772254943848e-01 7.988998293876647949e-01
3.025435209274291992e-01 7.989224791526794434e-01
3.025038242340087891e-01 7.989451289176940918e-01
3.024641573429107666e-01 7.989677190780639648e-01
3.024245500564575195e-01 7.989903092384338379e-01
3.023849725723266602e-01 7.990128397941589355e-01
3.023454546928405762e-01 7.990353703498840332e-01
3.023059964179992676e-01 7.990579009056091309e-01
3.022665679454803467e-01 7.990803718566894531e-01
3.022271990776062012e-01 7.991028428077697754e-01
3.021878600120544434e-01 7.991252541542053223e-01
3.021485507488250732e-01 7.991476655006408691e-01
3.021093010902404785e-01 7.991700172424316406e-01
3.020700812339782715e-01 7.991923689842224121e-01
3.020309209823608398e-01 7.992147207260131836e-01
3.019917905330657959e-01 7.992370128631591797e-01
3.019527196884155273e-01 7.992593050003051758e-01
3.019136786460876465e-01 7.992815375328063965e-01
3.018746972084045410e-01 7.993037700653076172e-01
3.018357455730438232e-01 7.993260025978088379e-01
3.017968535423278809e-01 7.993481755256652832e-01
3.017579913139343262e-01 7.993703484535217285e-01
3.017191886901855469e-01 7.993924617767333984e-01
3.016804158687591553e-01 7.994145750999450684e-01
3.016417026519775391e-01 7.994366288185119629e-01
3.016030192375183105e-01 7.994586825370788574e-01
3.015643954277038574e-01 7.994807362556457520e-01
3.015258014202117920e-01 7.995027303695678711e-01
3.014872670173645020e-01 7.995247244834899902e-01
3.014487624168395996e-01 7.995466589927673340e-01
3.014103174209594727e-01 7.995685935020446777e-01
3.013719022274017334e-01 7.995904684066772461e-01
3.013335466384887695e-01 7.996123433113098145e-01
3.012952208518981934e-01 7.996342182159423828e-01
3.012569546699523926e-01 7.996560335159301758e-01
3.012187182903289795e-01 7.996778488159179688e-01
3.011805415153503418e-01 7.996996045112609863e-01
3.011423945426940918e-01 7.997213602066040039e-01
3.011043071746826172e-01 7.997430562973022461e-01
3.010662496089935303e-01 7.997647523880004883e-01
3.010282516479492188e-01 7.997864484786987305e-01
3.009902834892272949e-01 7.998080849647521973e-01
3.009523749351501465e-01 7.998297214508056641e-01
3.009144961833953857e-01 7.998512983322143555e-01
3.008766770362854004e-01 7.998728752136230469e-01
3.008388876914978027e-01 7.998944520950317383e-01
3.008011281490325928e-01 7.999159693717956543e-01
3.007634282112121582e-01 7.999374866485595703e-01
3.007257580757141113e-01 7.999589443206787109e-01
3.006881475448608398e-01 7.999804019927978516e-01
3.006505668163299561e-01 8.000018000602722168e-01
3.006130456924438477e-01 8.000231981277465820e-01
3.005755543708801270e-01 8.000445961952209473e-01
3.005381226539611816e-01 8.000659346580505371e-01
3.005007207393646240e-01 8.000872731208801270e-01
3.004633784294128418e-01 8.001085519790649414e-01
3.004260659217834473e-01 8.001298308372497559e-01
3.003888130187988281e-01 8.001510500907897949e-01
3.003515899181365967e-01 8.001722693443298340e-01
3.003144264221191406e-01 8.001934885978698730e-01
3.002772927284240723e-01 8.002146482467651367e-01
3.002402186393737793e-01 8.002358078956604004e-01
3.002031743526458740e-01 8.002569079399108887e-01
3.001661598682403564e-01 8.002780079841613770e-01
3.001292049884796143e-01 8.002991080284118652e-01
3.000922799110412598e-01 8.003201484680175781e-01
3.000554144382476807e-01 8.003411889076232910e-01
3.000185787677764893e-01 8.003621697425842285e-01
2.999818027019500732e-01 8.003831505775451660e-01
2.999450564384460449e-01 8.004040718078613281e-01
2.999083697795867920e-01 8.004249930381774902e-01
2.998717129230499268e-01 8.004459142684936523e-01
2.998351156711578369e-01 8.004667758941650391e-01
2.997985482215881348e-01 8.004876375198364258e-01
2.997620105743408203e-01 8.005084395408630371e-01
2.997255325317382812e-01 8.005292415618896484e-01
2.996890842914581299e-01 8.005500435829162598e-01
2.996526956558227539e-01 8.005707859992980957e-01
2.996163368225097656e-01 8.005915284156799316e-01
2.995800375938415527e-01 8.006122112274169922e-01
2.995437681674957275e-01 8.006328940391540527e-01
2.995075583457946777e-01 8.006535172462463379e-01
2.994713783264160156e-01 8.006741404533386230e-01
2.994352579116821289e-01 8.006947636604309082e-01
2.993991672992706299e-01 8.007153272628784180e-01
2.993631064891815186e-01 8.007358908653259277e-01
2.993271052837371826e-01 8.007563948631286621e-01
2.992911338806152344e-01 8.007768988609313965e-01
2.992552220821380615e-01 8.007974028587341309e-01
2.992193400859832764e-01 8.008178472518920898e-01
2.991835176944732666e-01 8.008382916450500488e-01
2.991477251052856445e-01 8.008586764335632324e-01
2.991119921207427979e-01 8.008790612220764160e-01
2.990762889385223389e-01 8.008994460105895996e-01
2.990406453609466553e-01 8.009197711944580078e-01
2.990050315856933594e-01 8.009400963783264160e-01
2.989694476127624512e-01 8.009603619575500488e-01
2.989339232444763184e-01 8.009806275367736816e-01
2.988984286785125732e-01 8.010008335113525391e-01
2.988629937171936035e-01 8.010210394859313965e-01
2.988275885581970215e-01 8.010412454605102539e-01
2.987922430038452148e-01 8.010613918304443359e-01
2.987569272518157959e-01 8.010815382003784180e-01
2.987216413021087646e-01 8.011016249656677246e-01
2.986864149570465088e-01 8.011217117309570312e-01
2.986512184143066406e-01 8.011417984962463379e-01
2.986160814762115479e-01 8.011618256568908691e-01
2.985809743404388428e-01 8.011818528175354004e-01
2.985459268093109131e-01 8.012018203735351562e-01
2.985109090805053711e-01 8.012217879295349121e-01
2.984759211540222168e-01 8.012417554855346680e-01
2.984409928321838379e-01 8.012616634368896484e-01
2.984060943126678467e-01 8.012815713882446289e-01
2.983712553977966309e-01 8.013014197349548340e-01
2.983364462852478027e-01 8.013212680816650391e-01
2.983016967773437500e-01 8.013410568237304688e-01
2.982669770717620850e-01 8.013608455657958984e-01
2.982323169708251953e-01 8.013806343078613281e-01
2.981976866722106934e-01 8.014003634452819824e-01
2.981630861759185791e-01 8.014200925827026367e-01
2.981285452842712402e-01 8.014397621154785156e-01
2.980940341949462891e-01 8.014594316482543945e-01
2.980595827102661133e-01 8.014791011810302734e-01
2.980251610279083252e-01 8.014987111091613770e-01
2.979907691478729248e-01 8.015183210372924805e-01
2.979564368724822998e-01 8.015378713607788086e-01
2.979221343994140625e-01 8.015574216842651367e-01
2.978878915309906006e-01 8.015769720077514648e-01
2.978536784648895264e-01 8.015964627265930176e-01
2.978195250034332275e-01 8.016159534454345703e-01
2.977854013442993164e-01 8.016353845596313477e-01
2.977513074874877930e-01 8.016548156738281250e-01
2.977172732353210449e-01 8.016742467880249023e-01
2.976832687854766846e-01 8.016936182975769043e-01
2.976493239402770996e-01 8.017129898071289062e-01
2.976154088973999023e-01 8.017323017120361328e-01
2.975815534591674805e-01 8.017516136169433594e-01
2.975477278232574463e-01 8.017709255218505859e-01
2.975139319896697998e-01 8.017901778221130371e-01
2.974801957607269287e-01 8.018094301223754883e-01
2.974464893341064453e-01 8.018286228179931641e-01
2.974128425121307373e-01 8.018478155136108398e-01
2.973792254924774170e-01 8.018670082092285156e-01
2.973456382751464844e-01 8.018861413002014160e-01
2.973121106624603271e-01 8.019052743911743164e-01
2.972786128520965576e-01 8.019243478775024414e-01
2.972451746463775635e-01 8.019434213638305664e-01
2.972117662429809570e-01 8.019624948501586914e-01
2.971783876419067383e-01 8.019815087318420410e-01
2.971450686454772949e-01 8.020005226135253906e-01
2.971117794513702393e-01 8.020194768905639648e-01
2.970785498619079590e-01 8.020384311676025391e-01
2.970453500747680664e-01 8.020573854446411133e-01
2.970121800899505615e-01 8.020762801170349121e-01
2.969790697097778320e-01 8.020951747894287109e-01
2.969459891319274902e-01 8.021140098571777344e-01
2.969129681587219238e-01 8.021328449249267578e-01
2.968799769878387451e-01 8.021516799926757812e-01
2.968470156192779541e-01 8.021704554557800293e-01
2.968141138553619385e-01 8.021892309188842773e-01
2.967812418937683105e-01 8.022079467773437500e-01
2.967484295368194580e-01 8.022266626358032227e-01
2.967156469821929932e-01 8.022453784942626953e-01
2.966828942298889160e-01 8.022640347480773926e-01
2.966502010822296143e-01 8.022826910018920898e-01
2.966175377368927002e-01 8.023012876510620117e-01
2.965849339962005615e-01 8.023198843002319336e-01
2.965523600578308105e-01 8.023384809494018555e-01
2.965198159217834473e-01 8.023570179939270020e-01
2.964873313903808594e-01 8.023755550384521484e-01
2.964548766613006592e-01 8.023940324783325195e-01
2.964224815368652344e-01 8.024125099182128906e-01
2.963901162147521973e-01 8.024309873580932617e-01
2.963577806949615479e-01 8.024494051933288574e-01
2.963255047798156738e-01 8.024678230285644531e-01
2.962932586669921875e-01 8.024861812591552734e-01
2.962610423564910889e-01 8.025045394897460938e-01
2.962288856506347656e-01 8.025228977203369141e-01
2.961967587471008301e-01 8.025411963462829590e-01
2.961646914482116699e-01 8.025594949722290039e-01
2.961326539516448975e-01 8.025777339935302734e-01
2.961006462574005127e-01 8.025959730148315430e-01
2.960686981678009033e-01 8.026142120361328125e-01
2.960367798805236816e-01 8.026323914527893066e-01
2.960049211978912354e-01 8.026505708694458008e-01
2.959730923175811768e-01 8.026686906814575195e-01
2.959412932395935059e-01 8.026868104934692383e-01
2.959095537662506104e-01 8.027049303054809570e-01
2.958778440952301025e-01 8.027229905128479004e-01
2.958461642265319824e-01 8.027410507202148438e-01
2.958145439624786377e-01 8.027591109275817871e-01
2.957829535007476807e-01 8.027771115303039551e-01
2.957514226436614990e-01 8.027951121330261230e-01
2.957199215888977051e-01 8.028130531311035156e-01
2.956884503364562988e-01 8.028309941291809082e-01
2.956570386886596680e-01 8.028489351272583008e-01
2.956256568431854248e-01 8.028668165206909180e-01
2.955943048000335693e-01 8.028846979141235352e-01
2.955630123615264893e-01 8.029025197029113770e-01
2.955317497253417969e-01 8.029203414916992188e-01
2.955005168914794922e-01 8.029381632804870605e-01
2.954693436622619629e-01 8.029559254646301270e-01
2.954382002353668213e-01 8.029736876487731934e-01
2.954071164131164551e-01 8.029913902282714844e-01
2.953760623931884766e-01 8.030090928077697754e-01
2.953450381755828857e-01 8.030267953872680664e-01
2.953140735626220703e-01 8.030444383621215820e-01
2.952831387519836426e-01 8.030620813369750977e-01
2.952522337436676025e-01 8.030797243118286133e-01
2.952213883399963379e-01 8.030973076820373535e-01
2.951905727386474609e-01 8.031148910522460938e-01
2.951597869396209717e-01 8.031324148178100586e-01
2.951290607452392578e-01 8.031499385833740234e-01
2.950983643531799316e-01 8.031674623489379883e-01
2.950676977634429932e-01 8.031849265098571777e-01
2.950370907783508301e-01 8.032023906707763672e-01
2.950065135955810547e-01 8.032197952270507812e-01
2.949759960174560547e-01 8.032371997833251953e-01
2.949455082416534424e-01 8.032546043395996094e-01
2.949150502681732178e-01 8.032719492912292480e-01
2.948846518993377686e-01 8.032892942428588867e-01
2.948542833328247070e-01 8.033066391944885254e-01
2.948239445686340332e-01 8.033239245414733887e-01
2.947936654090881348e-01 8.033412098884582520e-01
2.947634160518646240e-01 8.033584356307983398e-01
2.947331964969635010e-01 8.033756613731384277e-01
2.947030365467071533e-01 8.033928871154785156e-01
2.946729063987731934e-01 8.034100532531738281e-01
2.946428060531616211e-01 8.034272193908691406e-01
2.946127653121948242e-01 8.034443259239196777e-01
2.945827543735504150e-01 8.034614324569702148e-01
2.945527732372283936e-01 8.034785389900207520e-01
2.945228517055511475e-01 8.034955859184265137e-01
2.944929599761962891e-01 8.035126328468322754e-01
2.944630980491638184e-01 8.035296797752380371e-01
2.944332957267761230e-01 8.035466670989990234e-01
2.944035232067108154e-01 8.035636544227600098e-01
2.943737804889678955e-01 8.035805821418762207e-01
2.943440973758697510e-01 8.035975098609924316e-01
2.943144440650939941e-01 8.036144375801086426e-01
2.942848205566406250e-01 8.036313056945800781e-01
2.942552566528320312e-01 8.036481738090515137e-01
2.942257225513458252e-01 8.036649823188781738e-01
2.941962182521820068e-01 8.036817908287048340e-01
2.941667735576629639e-01 8.036985993385314941e-01
2.941373586654663086e-01 8.037153482437133789e-01
2.941079735755920410e-01 8.037320971488952637e-01
2.940786480903625488e-01 8.037488460540771484e-01
2.940493524074554443e-01 8.037655353546142578e-01
2.940200865268707275e-01 8.037822246551513672e-01
2.939908802509307861e-01 8.037988543510437012e-01
2.939617037773132324e-01 8.038154840469360352e-01
2.939325571060180664e-01 8.038321137428283691e-01
2.939034700393676758e-01 8.038486838340759277e-01
2.938744127750396729e-01 8.038652539253234863e-01
2.938453853130340576e-01 8.038818240165710449e-01
2.938164174556732178e-01 8.038983345031738281e-01
2.937874794006347656e-01 8.039148449897766113e-01
2.937585711479187012e-01 8.039312958717346191e-01
2.937297224998474121e-01 8.039477467536926270e-01
2.937009036540985107e-01 8.039641976356506348e-01
2.936721146106719971e-01 8.039805889129638672e-01
2.936433553695678711e-01 8.039969801902770996e-01
2.936146557331085205e-01 8.040133714675903320e-01
2.935859858989715576e-01 8.040297031402587891e-01
2.935573458671569824e-01 8.040460348129272461e-01
2.935287654399871826e-01 8.040623068809509277e-01
2.935002148151397705e-01 8.040785789489746094e-01
2.934716939926147461e-01 8.040948510169982910e-01
2.934432327747344971e-01 8.041110634803771973e-01
2.934148013591766357e-01 8.041272759437561035e-01
2.933863997459411621e-01 8.041434884071350098e-01
2.933580577373504639e-01 8.041596412658691406e-01
2.933297455310821533e-01 8.041757941246032715e-01
2.933014631271362305e-01 8.041918873786926270e-01
2.932732403278350830e-01 8.042079806327819824e-01
2.932450473308563232e-01 8.042240738868713379e-01
2.932168841361999512e-01 8.042401075363159180e-01
2.931887507438659668e-01 8.042561411857604980e-01
2.931606769561767578e-01 8.042721748352050781e-01
2.931326329708099365e-01 8.042881488800048828e-01
2.931046187877655029e-01 8.043041229248046875e-01
2.930766642093658447e-01 8.043200969696044922e-01
2.930487394332885742e-01 8.043360114097595215e-01
2.930208444595336914e-01 8.043519258499145508e-01
2.929929792881011963e-01 8.043677806854248047e-01
2.929651737213134766e-01 8.043836355209350586e-01
2.929373979568481445e-01 8.043994903564453125e-01
2.929096519947052002e-01 8.044152855873107910e-01
2.928819656372070312e-01 8.044310808181762695e-01
2.928543090820312500e-01 8.044468760490417480e-01
2.928266823291778564e-01 8.044626116752624512e-01
2.927991151809692383e-01 8.044783473014831543e-01
2.927715778350830078e-01 8.044940233230590820e-01
2.927440702915191650e-01 8.045096993446350098e-01
2.927165925502777100e-01 8.045253753662109375e-01
2.926891744136810303e-01 8.045409917831420898e-01
2.926617860794067383e-01 8.045566082000732422e-01
2.926344275474548340e-01 8.045722246170043945e-01
2.926071286201477051e-01 8.045877814292907715e-01
2.925798594951629639e-01 8.046033382415771484e-01
2.925526201725006104e-01 8.046188950538635254e-01
2.925254106521606445e-01 8.046343922615051270e-01
2.924982607364654541e-01 8.046498894691467285e-01
2.924711406230926514e-01 8.046653270721435547e-01
2.924440503120422363e-01 8.046807646751403809e-01
2.924169898033142090e-01 8.046962022781372070e-01
2.923899888992309570e-01 8.047115802764892578e-01
2.923630177974700928e-01 8.047269582748413086e-01
2.923360764980316162e-01 8.047423362731933594e-01
2.923091948032379150e-01 8.047576546669006348e-01
2.922823429107666016e-01 8.047729730606079102e-01
2.922555208206176758e-01 8.047882914543151855e-01
2.922287285327911377e-01 8.048035502433776855e-01
2.922019958496093750e-01 8.048188090324401855e-01
2.921752929687500000e-01 8.048340082168579102e-01
2.921486198902130127e-01 8.048492074012756348e-01
2.921219766139984131e-01 8.048644065856933594e-01
2.920953929424285889e-01 8.048795461654663086e-01
2.920688390731811523e-01 8.048946857452392578e-01
2.920423150062561035e-01 8.049098253250122070e-01
2.920158207416534424e-01 8.049249053001403809e-01
2.919893860816955566e-01 8.049399852752685547e-01
2.919629812240600586e-01 8.049550652503967285e-01
2.919366061687469482e-01 8.049700856208801270e-01
2.919102907180786133e-01 8.049851059913635254e-01
2.918840050697326660e-01 8.050001263618469238e-01
2.918577492237091064e-01 8.050150871276855469e-01
2.918315231800079346e-01 8.050300478935241699e-01
2.918053567409515381e-01 8.050449490547180176e-01
2.917792201042175293e-01 8.050598502159118652e-01
2.917531132698059082e-01 8.050747513771057129e-01
2.917270362377166748e-01 8.050895929336547852e-01
2.917010188102722168e-01 8.051044344902038574e-01
2.916750311851501465e-01 8.051192760467529297e-01
2.916490733623504639e-01 8.051340579986572266e-01
2.916231453418731689e-01 8.051488399505615234e-01
2.915972769260406494e-01 8.051636219024658203e-01
2.915714383125305176e-01 8.051783442497253418e-01
2.915456295013427734e-01 8.051930665969848633e-01
2.915198504924774170e-01 8.052077889442443848e-01
2.914941012859344482e-01 8.052224516868591309e-01
2.914684116840362549e-01 8.052371144294738770e-01
2.914427518844604492e-01 8.052517175674438477e-01
2.914171218872070312e-01 8.052663207054138184e-01
2.913915216922760010e-01 8.052809238433837891e-01
2.913659811019897461e-01 8.052954673767089844e-01
2.913404703140258789e-01 8.053100109100341797e-01
2.913149893283843994e-01 8.053245544433593750e-01
2.912895381450653076e-01 8.053390383720397949e-01
2.912641465663909912e-01 8.053535223007202148e-01
2.912387847900390625e-01 8.053680062294006348e-01
2.912134528160095215e-01 8.053824305534362793e-01
2.911881506443023682e-01 8.053968548774719238e-01
2.911629080772399902e-01 8.054112792015075684e-01
2.911376953125000000e-01 8.054256439208984375e-01
2.911125123500823975e-01 8.054400086402893066e-01
2.910873591899871826e-01 8.054543733596801758e-01
2.910622358322143555e-01 8.054686784744262695e-01
2.910371720790863037e-01 8.054829835891723633e-01
2.910121381282806396e-01 8.054972290992736816e-01
2.909871339797973633e-01 8.055114746093750000e-01
2.909621596336364746e-01 8.055257201194763184e-01
2.909372448921203613e-01 8.055399060249328613e-01
2.909123599529266357e-01 8.055540919303894043e-01
2.908875048160552979e-01 8.055682778358459473e-01
2.908626794815063477e-01 8.055824041366577148e-01
2.908378839492797852e-01 8.055965304374694824e-01
2.908131480216979980e-01 8.056106567382812500e-01
2.907884418964385986e-01 8.056247234344482422e-01
2.907637655735015869e-01 8.056387901306152344e-01
2.907391190528869629e-01 8.056528568267822266e-01
2.907145321369171143e-01 8.056668639183044434e-01
2.906899750232696533e-01 8.056808710098266602e-01
2.906654477119445801e-01 8.056948781013488770e-01
2.906409502029418945e-01 8.057088255882263184e-01
2.906164824962615967e-01 8.057227730751037598e-01
2.905920743942260742e-01 8.057367205619812012e-01
2.905676960945129395e-01 8.057506084442138672e-01
2.905433475971221924e-01 8.057644963264465332e-01
2.905190289020538330e-01 8.057783842086791992e-01
2.904947400093078613e-01 8.057922124862670898e-01
2.904705107212066650e-01 8.058060407638549805e-01
2.904463112354278564e-01 8.058198094367980957e-01
2.904221415519714355e-01 8.058335781097412109e-01
2.903980016708374023e-01 8.058473467826843262e-01
2.903738915920257568e-01 8.058610558509826660e-01
2.903498411178588867e-01 8.058747649192810059e-01
2.903258204460144043e-01 8.058884739875793457e-01
2.903018295764923096e-01 8.059021234512329102e-01
2.902778685092926025e-01 8.059157729148864746e-01
2.902539372444152832e-01 8.059294223785400391e-01
2.902300655841827393e-01 8.059430122375488281e-01
2.902062237262725830e-01 8.059566020965576172e-01
2.901824116706848145e-01 8.059701919555664062e-01
2.901586294174194336e-01 8.059837222099304199e-01
2.901348769664764404e-01 8.059972524642944336e-01
2.901111841201782227e-01 8.060107827186584473e-01
2.900875210762023926e-01 8.060242533683776855e-01
2.900638878345489502e-01 8.060377240180969238e-01
2.900402843952178955e-01 8.060511946678161621e-01
2.900167107582092285e-01 8.060646057128906250e-01
2.899931967258453369e-01 8.060780167579650879e-01
2.899697124958038330e-01 8.060914278030395508e-01
2.899462580680847168e-01 8.061047792434692383e-01
2.899228334426879883e-01 8.061181306838989258e-01
2.898994386196136475e-01 8.061314821243286133e-01
2.898761034011840820e-01 8.061447739601135254e-01
2.898527979850769043e-01 8.061580657958984375e-01
2.898295223712921143e-01 8.061713576316833496e-01
2.898062765598297119e-01 8.061845898628234863e-01
2.897830605506896973e-01 8.061978220939636230e-01
2.897598743438720703e-01 8.062110543251037598e-01
2.897367477416992188e-01 8.062242269515991211e-01
2.897136509418487549e-01 8.062373995780944824e-01
2.896905839443206787e-01 8.062505722045898438e-01
2.896675467491149902e-01 8.062636852264404297e-01
2.896445393562316895e-01 8.062767982482910156e-01
2.896215617656707764e-01 8.062899112701416016e-01
2.895986437797546387e-01 8.063029646873474121e-01
2.895757555961608887e-01 8.063160181045532227e-01
2.895528972148895264e-01 8.063290715217590332e-01
2.895300686359405518e-01 8.063420653343200684e-01
2.895072698593139648e-01 8.063550591468811035e-01
2.894845306873321533e-01 8.063680529594421387e-01
2.894618213176727295e-01 8.063809871673583984e-01
2.894391417503356934e-01 8.063939213752746582e-01
2.894164919853210449e-01 8.064068555831909180e-01
2.893938720226287842e-01 8.064197301864624023e-01
2.893712818622589111e-01 8.064326047897338867e-01
2.893487215042114258e-01 8.064454793930053711e-01
2.893262207508087158e-01 8.064582943916320801e-01
2.893037497997283936e-01 8.064711093902587891e-01
2.892813086509704590e-01 8.064839243888854980e-01
2.892588973045349121e-01 8.064966797828674316e-01
2.892365157604217529e-01 8.065094351768493652e-01
2.892141640186309814e-01 8.065221905708312988e-01
2.891918718814849854e-01 8.065348863601684570e-01
2.891696095466613770e-01 8.065475821495056152e-01
2.891473770141601562e-01 8.065602779388427734e-01
2.891251742839813232e-01 8.065729141235351562e-01
2.891030013561248779e-01 8.065855503082275391e-01
2.890808582305908203e-01 8.065981864929199219e-01
2.890587449073791504e-01 8.066107630729675293e-01
2.890366911888122559e-01 8.066233396530151367e-01
2.890146672725677490e-01 8.066359162330627441e-01
2.889926731586456299e-01 8.066484332084655762e-01
2.889707088470458984e-01 8.066609501838684082e-01
2.889487743377685547e-01 8.066734671592712402e-01
2.889268696308135986e-01 8.066859245300292969e-01
2.889049947261810303e-01 8.066983819007873535e-01
2.888831794261932373e-01 8.067108392715454102e-01
2.888613939285278320e-01 8.067232966423034668e-01
2.888396382331848145e-01 8.067356944084167480e-01
2.888179123401641846e-01 8.067480921745300293e-01
2.887962162494659424e-01 8.067604899406433105e-01
2.887745499610900879e-01 8.067728281021118164e-01
2.887529134750366211e-01 8.067851662635803223e-01
2.887313365936279297e-01 8.067975044250488281e-01
2.887097895145416260e-01 8.068097829818725586e-01
2.886882722377777100e-01 8.068220615386962891e-01
2.886667847633361816e-01 8.068343400955200195e-01
2.886453270912170410e-01 8.068465590476989746e-01
2.886238992214202881e-01 8.068587779998779297e-01
2.886025011539459229e-01 8.068709969520568848e-01
2.885811328887939453e-01 8.068831562995910645e-01
2.885598242282867432e-01 8.068953156471252441e-01
2.885385453701019287e-01 8.069074749946594238e-01
2.885172963142395020e-01 8.069195747375488281e-01
2.884960770606994629e-01 8.069316744804382324e-01
2.884748876094818115e-01 8.069437742233276367e-01
2.884537279605865479e-01 8.069558143615722656e-01
2.884325981140136719e-01 8.069678544998168945e-01
2.884114980697631836e-01 8.069798946380615234e-01
2.883904278278350830e-01 8.069918751716613770e-01
2.883694171905517578e-01 8.070038557052612305e-01
2.883484363555908203e-01 8.070158362388610840e-01
2.883274853229522705e-01 8.070277571678161621e-01
2.883065640926361084e-01 8.070396780967712402e-01
2.882856726646423340e-01 8.070515990257263184e-01
2.882648110389709473e-01 8.070635199546813965e-01
2.882439792156219482e-01 8.070753812789916992e-01
2.882231771945953369e-01 8.070872426033020020e-01
2.882024049758911133e-01 8.070991039276123047e-01
2.881816923618316650e-01 8.071109056472778320e-01
2.881610095500946045e-01 8.071227073669433594e-01
2.881403565406799316e-01 8.071345090866088867e-01
2.881197333335876465e-01 8.071462512016296387e-01
2.880991399288177490e-01 8.071579933166503906e-01
2.880785763263702393e-01 8.071697354316711426e-01
2.880580425262451172e-01 8.071814179420471191e-01
2.880375385284423828e-01 8.071931004524230957e-01
2.880170643329620361e-01 8.072047829627990723e-01
2.879966199398040771e-01 8.072164058685302734e-01
2.879762351512908936e-01 8.072280287742614746e-01
2.879558801651000977e-01 8.072396516799926758e-01
2.879355549812316895e-01 8.072512745857238770e-01
2.879152595996856689e-01 8.072628378868103027e-01
2.878949940204620361e-01 8.072744011878967285e-01
2.878747582435607910e-01 8.072859644889831543e-01
2.878545522689819336e-01 8.072974681854248047e-01
2.878343760967254639e-01 8.073089718818664551e-01
2.878142297267913818e-01 8.073204755783081055e-01
2.877941131591796875e-01 8.073319196701049805e-01
2.877740263938903809e-01 8.073433637619018555e-01
2.877539694309234619e-01 8.073548078536987305e-01
2.877339720726013184e-01 8.073661923408508301e-01
2.877140045166015625e-01 8.073775768280029297e-01
2.876940667629241943e-01 8.073889613151550293e-01
2.876741588115692139e-01 8.074002861976623535e-01
2.876542806625366211e-01 8.074116110801696777e-01
2.876344323158264160e-01 8.074229359626770020e-01
2.876146137714385986e-01 8.074342608451843262e-01
2.875948250293731689e-01 8.074455261230468750e-01
2.875750660896301270e-01 8.074567914009094238e-01
2.875553369522094727e-01 8.074680566787719727e-01
2.875356376171112061e-01 8.074792623519897461e-01
2.875159680843353271e-01 8.074904680252075195e-01
2.874963283538818359e-01 8.075016736984252930e-01
2.874767482280731201e-01 8.075128197669982910e-01
2.874571979045867920e-01 8.075239658355712891e-01
2.874376773834228516e-01 8.075351119041442871e-01
2.874181866645812988e-01 8.075462579727172852e-01
2.873987257480621338e-01 8.075573444366455078e-01
2.873792946338653564e-01 8.075684309005737305e-01
2.873598933219909668e-01 8.075795173645019531e-01
2.873405218124389648e-01 8.075905442237854004e-01
2.873211801052093506e-01 8.076015710830688477e-01
2.873018682003021240e-01 8.076125979423522949e-01
2.872825860977172852e-01 8.076235651969909668e-01
2.872633337974548340e-01 8.076345324516296387e-01
2.872441112995147705e-01 8.076454997062683105e-01
2.872249186038970947e-01 8.076564073562622070e-01
2.872057557106018066e-01 8.076673150062561035e-01
2.871866226196289062e-01 8.076782226562500000e-01
2.871675491333007812e-01 8.076891303062438965e-01
2.871485054492950439e-01 8.076999783515930176e-01
2.871294915676116943e-01 8.077108263969421387e-01
2.871105074882507324e-01 8.077216744422912598e-01
2.870915532112121582e-01 8.077324628829956055e-01
2.870726287364959717e-01 8.077432513236999512e-01
2.870537340641021729e-01 8.077540397644042969e-01
2.870348691940307617e-01 8.077647686004638672e-01
2.870160341262817383e-01 8.077754974365234375e-01
2.869972288608551025e-01 8.077862262725830078e-01
2.869784533977508545e-01 8.077969551086425781e-01
2.869597077369689941e-01 8.078076243400573730e-01
2.869409918785095215e-01 8.078182935714721680e-01
2.869223058223724365e-01 8.078289628028869629e-01
2.869036495685577393e-01 8.078395724296569824e-01
2.868850231170654297e-01 8.078501820564270020e-01
2.868664264678955078e-01 8.078607916831970215e-01
2.868478596210479736e-01 8.078714013099670410e-01
2.868293225765228271e-01 8.078819513320922852e-01
2.868108153343200684e-01 8.078925013542175293e-01
2.867923378944396973e-01 8.079030513763427734e-01
2.867738902568817139e-01 8.079135417938232422e-01
2.867554724216461182e-01 8.079240322113037109e-01
2.867371141910552979e-01 8.079345226287841797e-01
2.867187857627868652e-01 8.079449534416198730e-01
2.867004871368408203e-01 8.079553842544555664e-01
2.866822183132171631e-01 8.079658150672912598e-01
2.866639792919158936e-01 8.079762458801269531e-01
2.866457700729370117e-01 8.079866170883178711e-01
2.866275906562805176e-01 8.079969882965087891e-01
2.866094410419464111e-01 8.080073595046997070e-01
2.865913212299346924e-01 8.080176711082458496e-01
2.865732312202453613e-01 8.080279827117919922e-01
2.865551710128784180e-01 8.080382943153381348e-01
2.865371406078338623e-01 8.080486059188842773e-01
2.865191400051116943e-01 8.080588579177856445e-01
2.865011692047119141e-01 8.080691099166870117e-01
2.864832282066345215e-01 8.080793619155883789e-01
2.864653170108795166e-01 8.080895543098449707e-01
2.864474356174468994e-01 8.080997467041015625e-01
2.864295840263366699e-01 8.081099390983581543e-01
2.864117622375488281e-01 8.081201314926147461e-01
2.863939702510833740e-01 8.081302642822265625e-01
2.863762080669403076e-01 8.081403970718383789e-01
2.863584756851196289e-01 8.081505298614501953e-01
2.863407731056213379e-01 8.081606030464172363e-01
2.863231003284454346e-01 8.081706762313842773e-01
2.863054573535919189e-01 8.081807494163513184e-01
2.862878441810607910e-01 8.081907629966735840e-01
2.862702608108520508e-01 8.082007765769958496e-01
2.862527072429656982e-01 8.082107901573181152e-01
2.862351834774017334e-01 8.082208037376403809e-01
2.862176895141601562e-01 8.082307577133178711e-01
2.862002253532409668e-01 8.082407116889953613e-01
2.861827909946441650e-01 8.082506656646728516e-01
2.861653864383697510e-01 8.082605600357055664e-01
2.861480116844177246e-01 8.082704544067382812e-01
2.861306667327880859e-01 8.082803487777709961e-01
2.861133515834808350e-01 8.082902431488037109e-01
2.860960662364959717e-01 8.083000779151916504e-01
2.860788106918334961e-01 8.083099126815795898e-01
2.860615849494934082e-01 8.083197474479675293e-01
2.860443890094757080e-01 8.083295822143554688e-01
2.860272228717803955e-01 8.083393573760986328e-01
2.860100865364074707e-01 8.083491325378417969e-01
2.859929800033569336e-01 8.083589076995849609e-01
2.859759032726287842e-01 8.083686232566833496e-01
2.859588563442230225e-01 8.083783388137817383e-01
2.859418392181396484e-01 8.083880543708801270e-01
2.859248518943786621e-01 8.083977699279785156e-01
2.859078943729400635e-01 8.084074258804321289e-01
2.858909666538238525e-01 8.084170818328857422e-01
2.858740687370300293e-01 8.084267377853393555e-01
2.858572006225585938e-01 8.084363341331481934e-01
2.858403623104095459e-01 8.084459304809570312e-01
2.858235538005828857e-01 8.084555268287658691e-01
2.858067750930786133e-01 8.084651231765747070e-01
2.857899963855743408e-01 8.084746599197387695e-01
2.857732474803924561e-01 8.084841966629028320e-01
2.857565283775329590e-01 8.084937334060668945e-01
2.857398390769958496e-01 8.085032105445861816e-01
2.857231795787811279e-01 8.085126876831054688e-01
2.857065498828887939e-01 8.085221648216247559e-01
2.856899499893188477e-01 8.085316419601440430e-01
2.856733798980712891e-01 8.085410594940185547e-01
2.856568396091461182e-01 8.085504770278930664e-01
2.856403291225433350e-01 8.085598945617675781e-01
2.856238484382629395e-01 8.085693120956420898e-01
2.856073975563049316e-01 8.085786700248718262e-01
2.855909764766693115e-01 8.085880279541015625e-01
2.855745851993560791e-01 8.085973858833312988e-01
2.855582237243652344e-01 8.086066842079162598e-01
2.855418920516967773e-01 8.086159825325012207e-01
2.855255901813507080e-01 8.086252808570861816e-01
2.855093181133270264e-01 8.086345791816711426e-01
2.854930758476257324e-01 8.086438179016113281e-01
2.854768633842468262e-01 8.086530566215515137e-01
2.854606807231903076e-01 8.086622953414916992e-01
2.854445278644561768e-01 8.086715340614318848e-01
2.854284048080444336e-01 8.086807131767272949e-01
2.854123115539550781e-01 8.086898922920227051e-01
2.853962481021881104e-01 8.086990714073181152e-01
2.853802144527435303e-01 8.087081909179687500e-01
2.853642106056213379e-01 8.087173104286193848e-01
2.853482067584991455e-01 8.087264299392700195e-01
2.853322327136993408e-01 8.087355494499206543e-01
2.853162884712219238e-01 8.087446093559265137e-01
2.853003740310668945e-01 8.087536692619323730e-01
2.852844893932342529e-01 8.087627291679382324e-01
2.852686345577239990e-01 8.087717890739440918e-01
2.852528095245361328e-01 8.087807893753051758e-01
2.852370142936706543e-01 8.087897896766662598e-01
2.852212488651275635e-01 8.087987899780273438e-01
2.852055132389068604e-01 8.088077902793884277e-01
2.851898074150085449e-01 8.088167309761047363e-01
2.851741313934326172e-01 8.088256716728210449e-01
2.851584851741790771e-01 8.088346123695373535e-01
2.851428687572479248e-01 8.088434934616088867e-01
2.851272821426391602e-01 8.088523745536804199e-01
2.851117253303527832e-01 8.088612556457519531e-01
2.850961685180664062e-01 8.088701367378234863e-01
2.850806415081024170e-01 8.088789582252502441e-01
2.850651443004608154e-01 8.088877797126770020e-01
2.850496768951416016e-01 8.088966012001037598e-01
2.850342392921447754e-01 8.089054226875305176e-01
2.850188314914703369e-01 8.089141845703125000e-01
2.850034534931182861e-01 8.089229464530944824e-01
2.849881052970886230e-01 8.089317083358764648e-01
2.849727869033813477e-01 8.089404702186584473e-01
2.849574983119964600e-01 8.089491724967956543e-01
2.849422395229339600e-01 8.089578747749328613e-01
2.849270105361938477e-01 8.089665770530700684e-01
2.849118113517761230e-01 8.089752793312072754e-01
2.848966121673583984e-01 8.089839220046997070e-01
2.848814427852630615e-01 8.089925646781921387e-01
2.848663032054901123e-01 8.090012073516845703e-01
2.848511934280395508e-01 8.090097904205322266e-01
2.848361134529113770e-01 8.090183734893798828e-01
2.848210632801055908e-01 8.090269565582275391e-01
2.848060429096221924e-01 8.090355396270751953e-01
2.847910523414611816e-01 8.090440630912780762e-01
2.847760915756225586e-01 8.090525865554809570e-01
2.847611606121063232e-01 8.090611100196838379e-01
2.847462594509124756e-01 8.090696334838867188e-01
2.847313582897186279e-01 8.090780973434448242e-01
2.847164869308471680e-01 8.090865612030029297e-01
2.847016453742980957e-01 8.090950250625610352e-01
2.846868336200714111e-01 8.091034889221191406e-01
2.846720516681671143e-01 8.091118931770324707e-01
2.846572995185852051e-01 8.091202974319458008e-01
2.846425771713256836e-01 8.091287016868591309e-01
2.846278846263885498e-01 8.091371059417724609e-01
2.846132218837738037e-01 8.091454505920410156e-01
2.845985889434814453e-01 8.091537952423095703e-01
2.845839560031890869e-01 8.091621398925781250e-01
2.845693528652191162e-01 8.091704845428466797e-01
2.845547795295715332e-01 8.091787695884704590e-01
2.845402359962463379e-01 8.091870546340942383e-01
2.845257222652435303e-01 8.091953396797180176e-01
2.845112383365631104e-01 8.092036247253417969e-01
2.844967842102050781e-01 8.092118501663208008e-01
2.844823598861694336e-01 8.092200756072998047e-01
2.844679653644561768e-01 8.092283010482788086e-01
2.844535708427429199e-01 8.092365264892578125e-01
2.844392061233520508e-01 8.092446923255920410e-01
2.844248712062835693e-01 8.092528581619262695e-01
2.844105660915374756e-01 8.092610239982604980e-01
2.843962907791137695e-01 8.092691898345947266e-01
2.843820452690124512e-01 8.092772960662841797e-01
2.843678295612335205e-01 8.092854022979736328e-01
2.843536436557769775e-01 8.092935085296630859e-01
2.843394875526428223e-01 8.093016147613525391e-01
2.843253314495086670e-01 8.093096613883972168e-01
2.843112051486968994e-01 8.093177080154418945e-01
2.842971086502075195e-01 8.093257546424865723e-01
2.842830419540405273e-01 8.093338012695312500e-01
2.842690050601959229e-01 8.093417882919311523e-01
2.842549979686737061e-01 8.093497753143310547e-01
2.842410206794738770e-01 8.093577623367309570e-01
2.842270433902740479e-01 8.093657493591308594e-01
2.842130959033966064e-01 8.093736767768859863e-01
2.841991782188415527e-01 8.093816041946411133e-01
2.841852903366088867e-01 8.093895316123962402e-01
2.841714322566986084e-01 8.093974590301513672e-01
2.841576039791107178e-01 8.094053268432617188e-01
2.841438055038452148e-01 8.094131946563720703e-01
2.841300070285797119e-01 8.094210624694824219e-01
2.841162383556365967e-01 8.094289302825927734e-01
2.841024994850158691e-01 8.094367384910583496e-01
2.840887904167175293e-01 8.094445466995239258e-01
2.840751111507415771e-01 8.094523549079895020e-01
2.840614616870880127e-01 8.094601631164550781e-01
2.840478420257568359e-01 8.094679117202758789e-01
2.840342223644256592e-01 8.094756603240966797e-01
2.840206325054168701e-01 8.094834089279174805e-01
2.840070724487304688e-01 8.094911575317382812e-01
2.839935421943664551e-01 8.094988465309143066e-01
2.839800417423248291e-01 8.095065355300903320e-01
2.839665710926055908e-01 8.095142245292663574e-01
2.839531302452087402e-01 8.095219135284423828e-01
2.839396893978118896e-01 8.095295429229736328e-01
2.839262783527374268e-01 8.095371723175048828e-01
2.839128971099853516e-01 8.095448017120361328e-01
2.838995456695556641e-01 8.095524311065673828e-01
2.838862240314483643e-01 8.095600008964538574e-01
2.838729321956634521e-01 8.095675706863403320e-01
2.838596701622009277e-01 8.095751404762268066e-01
2.838464081287384033e-01 8.095827102661132812e-01
2.838331758975982666e-01 8.095902204513549805e-01
2.838199734687805176e-01 8.095977306365966797e-01
2.838068008422851562e-01 8.096052408218383789e-01
2.837936580181121826e-01 8.096127510070800781e-01
2.837805449962615967e-01 8.096202611923217773e-01
2.837674319744110107e-01 8.096277117729187012e-01
2.837543487548828125e-01 8.096351623535156250e-01
2.837412953376770020e-01 8.096426129341125488e-01
2.837282717227935791e-01 8.096500635147094727e-01
2.837152779102325439e-01 8.096574544906616211e-01
2.837023138999938965e-01 8.096648454666137695e-01
2.836893498897552490e-01 8.096722364425659180e-01
2.836764156818389893e-01 8.096796274185180664e-01
2.836635112762451172e-01 8.096869587898254395e-01
2.836506366729736328e-01 8.096942901611328125e-01
2.836377918720245361e-01 8.097016215324401855e-01
2.836249470710754395e-01 8.097089529037475586e-01
2.836121320724487305e-01 8.097162246704101562e-01
2.835993468761444092e-01 8.097234964370727539e-01
2.835865914821624756e-01 8.097307682037353516e-01
2.835738658905029297e-01 8.097380399703979492e-01
2.835611701011657715e-01 8.097453117370605469e-01
2.835484743118286133e-01 8.097525238990783691e-01
2.835358083248138428e-01 8.097597360610961914e-01
2.835231721401214600e-01 8.097669482231140137e-01
2.835105657577514648e-01 8.097741603851318359e-01
2.834979891777038574e-01 8.097813129425048828e-01
2.834854125976562500e-01 8.097884654998779297e-01
2.834728658199310303e-01 8.097956180572509766e-01
2.834603488445281982e-01 8.098027706146240234e-01
2.834478616714477539e-01 8.098098635673522949e-01
2.834354043006896973e-01 8.098169565200805664e-01
2.834229767322540283e-01 8.098240494728088379e-01
2.834105491638183594e-01 8.098311424255371094e-01
2.833981513977050781e-01 8.098382353782653809e-01
2.833857834339141846e-01 8.098452687263488770e-01
2.833734452724456787e-01 8.098523020744323730e-01
2.833611369132995605e-01 8.098593354225158691e-01
2.833488285541534424e-01 8.098663687705993652e-01
2.833365499973297119e-01 8.098733425140380859e-01
2.833243012428283691e-01 8.098803162574768066e-01
2.833120822906494141e-01 8.098872900009155273e-01
2.832998931407928467e-01 8.098942637443542480e-01
2.832877039909362793e-01 8.099012374877929688e-01
2.832755446434020996e-01 8.099081516265869141e-01
2.832634150981903076e-01 8.099150657653808594e-01
2.832513153553009033e-01 8.099219799041748047e-01
2.832392156124114990e-01 8.099288940429687500e-01
2.832271456718444824e-01 8.099357485771179199e-01
2.832151055335998535e-01 8.099426031112670898e-01
2.832030951976776123e-01 8.099494576454162598e-01
2.831911146640777588e-01 8.099563121795654297e-01
2.831791341304779053e-01 8.099631071090698242e-01
2.831671833992004395e-01 8.099699020385742188e-01
2.831552624702453613e-01 8.099766969680786133e-01
2.831433713436126709e-01 8.099834918975830078e-01
2.831315100193023682e-01 8.099902868270874023e-01
2.831196486949920654e-01 8.099970221519470215e-01
2.831078171730041504e-01 8.100037574768066406e-01
2.830960154533386230e-01 8.100104928016662598e-01
2.830842435359954834e-01 8.100172281265258789e-01
2.830724716186523438e-01 8.100239038467407227e-01
2.830607295036315918e-01 8.100305795669555664e-01
2.830490171909332275e-01 8.100372552871704102e-01
2.830373346805572510e-01 8.100439310073852539e-01
2.830256819725036621e-01 8.100506067276000977e-01
2.830140292644500732e-01 8.100572228431701660e-01
2.830024063587188721e-01 8.100638389587402344e-01
2.829908132553100586e-01 8.100704550743103027e-01
2.829792499542236328e-01 8.100770711898803711e-01
2.829676866531372070e-01 8.100836873054504395e-01
2.829561531543731689e-01 8.100902438163757324e-01
2.829446494579315186e-01 8.100968003273010254e-01
2.829331755638122559e-01 8.101033568382263184e-01
2.829217016696929932e-01 8.101099133491516113e-01
2.829102575778961182e-01 8.101164102554321289e-01
2.828988432884216309e-01 8.101229071617126465e-01
2.828874588012695312e-01 8.101294040679931641e-01
2.828760743141174316e-01 8.101359009742736816e-01
2.828647196292877197e-01 8.101423978805541992e-01
2.828533947467803955e-01 8.101488351821899414e-01
2.828420996665954590e-01 8.101552724838256836e-01
2.828308045864105225e-01 8.101617097854614258e-01
2.828195393085479736e-01 8.101681470870971680e-01
2.828083038330078125e-01 8.101745247840881348e-01
2.827970981597900391e-01 8.101809024810791016e-01
2.827858924865722656e-01 8.101872801780700684e-01
2.827747166156768799e-01 8.101936578750610352e-01
2.827635705471038818e-01 8.102000355720520020e-01
2.827524542808532715e-01 8.102063536643981934e-01
2.827413380146026611e-01 8.102126717567443848e-01
2.827302515506744385e-01 8.102189898490905762e-01
2.827191948890686035e-01 8.102253079414367676e-01
2.827081680297851562e-01 8.102316260337829590e-01
2.826971411705017090e-01 8.102378845214843750e-01
2.826861441135406494e-01 8.102441430091857910e-01
2.826751768589019775e-01 8.102504014968872070e-01
2.826642394065856934e-01 8.102566599845886230e-01
2.826533019542694092e-01 8.102629184722900391e-01
2.826423943042755127e-01 8.102691173553466797e-01
2.826315164566040039e-01 8.102753162384033203e-01
2.826206684112548828e-01 8.102815151214599609e-01
2.826098203659057617e-01 8.102877140045166016e-01
2.825990021228790283e-01 8.102938532829284668e-01
2.825882136821746826e-01 8.102999925613403320e-01
2.825774550437927246e-01 8.103061318397521973e-01
2.825666964054107666e-01 8.103122711181640625e-01
2.825559675693511963e-01 8.103184103965759277e-01
2.825452685356140137e-01 8.103244900703430176e-01
2.825345695018768311e-01 8.103305697441101074e-01
2.825239002704620361e-01 8.103366494178771973e-01
2.825132608413696289e-01 8.103427290916442871e-01
2.825026512145996094e-01 8.103488087654113770e-01
2.824920415878295898e-01 8.103548288345336914e-01
2.824814617633819580e-01 8.103608489036560059e-01
2.824709117412567139e-01 8.103668689727783203e-01
2.824603915214538574e-01 8.103728890419006348e-01
2.824498713016510010e-01 8.103789091110229492e-01
2.824393808841705322e-01 8.103848695755004883e-01
2.824289202690124512e-01 8.103908300399780273e-01
2.824184596538543701e-01 8.103967905044555664e-01
2.824080288410186768e-01 8.104027509689331055e-01
2.823976278305053711e-01 8.104087114334106445e-01
2.823872566223144531e-01 8.104146122932434082e-01
2.823768854141235352e-01 8.104205131530761719e-01
2.823665440082550049e-01 8.104264140129089355e-01
2.823562324047088623e-01 8.104323148727416992e-01
2.823459208011627197e-01 8.104382157325744629e-01
2.823356389999389648e-01 8.104440569877624512e-01
2.823253870010375977e-01 8.104498982429504395e-01
2.823151350021362305e-01 8.104557394981384277e-01
2.823049128055572510e-01 8.104615807533264160e-01
2.822947204113006592e-01 8.104674220085144043e-01
2.822845578193664551e-01 8.104732036590576172e-01
2.822743952274322510e-01 8.104789853096008301e-01
2.822642624378204346e-01 8.104847669601440430e-01
2.822541594505310059e-01 8.104905486106872559e-01
2.822440564632415771e-01 8.104962706565856934e-01
2.822339832782745361e-01 8.105019927024841309e-01
2.822239398956298828e-01 8.105077147483825684e-01
2.822138965129852295e-01 8.105134367942810059e-01
2.822038829326629639e-01 8.105191588401794434e-01
2.821938991546630859e-01 8.105248808860778809e-01
2.821839451789855957e-01 8.105305433273315430e-01
2.821739912033081055e-01 8.105362057685852051e-01
2.821640670299530029e-01 8.105418682098388672e-01
2.821541726589202881e-01 8.105475306510925293e-01
2.821442782878875732e-01 8.105531930923461914e-01
2.821344137191772461e-01 8.105587959289550781e-01
2.821245789527893066e-01 8.105643987655639648e-01
2.821147441864013672e-01 8.105700016021728516e-01
2.821049392223358154e-01 8.105756044387817383e-01
2.820951640605926514e-01 8.105812072753906250e-01
2.820853888988494873e-01 8.105867505073547363e-01
2.820756435394287109e-01 8.105922937393188477e-01
2.820659279823303223e-01 8.105978369712829590e-01
2.820562124252319336e-01 8.106033802032470703e-01
2.820465266704559326e-01 8.106089234352111816e-01
2.820368707180023193e-01 8.106144070625305176e-01
2.820272445678710938e-01 8.106198906898498535e-01
2.820176184177398682e-01 8.106253743171691895e-01
2.820080220699310303e-01 8.106308579444885254e-01
2.819984555244445801e-01 8.106363415718078613e-01
2.819888889789581299e-01 8.106417655944824219e-01
2.819793522357940674e-01 8.106471896171569824e-01
2.819698452949523926e-01 8.106526136398315430e-01
2.819603383541107178e-01 8.106580376625061035e-01
2.819508612155914307e-01 8.106634616851806641e-01
2.819414138793945312e-01 8.106688261032104492e-01
2.819319665431976318e-01 8.106741905212402344e-01
2.819225490093231201e-01 8.106795549392700195e-01
2.819131612777709961e-01 8.106849193572998047e-01
2.819037735462188721e-01 8.106902837753295898e-01
2.818944156169891357e-01 8.106956481933593750e-01
2.818850874900817871e-01 8.107009530067443848e-01
2.818757593631744385e-01 8.107062578201293945e-01
2.818664610385894775e-01 8.107115626335144043e-01
2.818571925163269043e-01 8.107168674468994141e-01
2.818479239940643311e-01 8.107221722602844238e-01
2.818386852741241455e-01 8.107274174690246582e-01
2.818294465541839600e-01 8.107326626777648926e-01
2.818202376365661621e-01 8.107379078865051270e-01
2.818110585212707520e-01 8.107431530952453613e-01
2.818018794059753418e-01 8.107483983039855957e-01
2.817927300930023193e-01 8.107535839080810547e-01
2.817836105823516846e-01 8.107587695121765137e-01
2.817744910717010498e-01 8.107639551162719727e-01
2.817654013633728027e-01 8.107691407203674316e-01
2.817563414573669434e-01 8.107743263244628906e-01
2.817472815513610840e-01 8.107795119285583496e-01
2.817382514476776123e-01 8.107846379280090332e-01
2.817292511463165283e-01 8.107897639274597168e-01
2.817202508449554443e-01 8.107948899269104004e-01
2.817112803459167480e-01 8.108000159263610840e-01
2.817023396492004395e-01 8.108051419258117676e-01
2.816933989524841309e-01 8.108102083206176758e-01
2.816844880580902100e-01 8.108152747154235840e-01
2.816756069660186768e-01 8.108203411102294922e-01
2.816667258739471436e-01 8.108254075050354004e-01
2.816578745841979980e-01 8.108304738998413086e-01
2.816490232944488525e-01 8.108355402946472168e-01
2.816402018070220947e-01 8.108405470848083496e-01
2.816314101219177246e-01 8.108455538749694824e-01
2.816226184368133545e-01 8.108505606651306152e-01
2.816138565540313721e-01 8.108555674552917480e-01
2.816051244735717773e-01 8.108605742454528809e-01
2.815963923931121826e-01 8.108655214309692383e-01
2.815876901149749756e-01 8.108704686164855957e-01
2.815790176391601562e-01 8.108754158020019531e-01
2.815703451633453369e-01 8.108803629875183105e-01
2.815617024898529053e-01 8.108853101730346680e-01
2.815530598163604736e-01 8.108902573585510254e-01
2.815444469451904297e-01 8.108951449394226074e-01
2.815358638763427734e-01 8.109000325202941895e-01
2.815272808074951172e-01 8.109049201011657715e-01
2.815187275409698486e-01 8.109098076820373535e-01
2.815102040767669678e-01 8.109146952629089355e-01
2.815016806125640869e-01 8.109195232391357422e-01
2.814931869506835938e-01 8.109243512153625488e-01
2.814846932888031006e-01 8.109291791915893555e-01
2.814762294292449951e-01 8.109340071678161621e-01
2.814677953720092773e-01 8.109388351440429688e-01
2.814593613147735596e-01 8.109436631202697754e-01
2.814509570598602295e-01 8.109484314918518066e-01
2.814425528049468994e-01 8.109531998634338379e-01
2.814341783523559570e-01 8.109579682350158691e-01
2.814258337020874023e-01 8.109627366065979004e-01
2.814174890518188477e-01 8.109675049781799316e-01
2.814091742038726807e-01 8.109722733497619629e-01
2.814008891582489014e-01 8.109769821166992188e-01
2.813926041126251221e-01 8.109816908836364746e-01
2.813843488693237305e-01 8.109863996505737305e-01
2.813760936260223389e-01 8.109911084175109863e-01
2.813678681850433350e-01 8.109958171844482422e-01
2.813596725463867188e-01 8.110004663467407227e-01
2.813514769077301025e-01 8.110051155090332031e-01
2.813433110713958740e-01 8.110097646713256836e-01
2.813351452350616455e-01 8.110144138336181641e-01
2.813270092010498047e-01 8.110190629959106445e-01
2.813189029693603516e-01 8.110237121582031250e-01
2.813107967376708984e-01 8.110283017158508301e-01
2.813027203083038330e-01 8.110328912734985352e-01
2.812946438789367676e-01 8.110374808311462402e-01
2.812865972518920898e-01 8.110420703887939453e-01
2.812785804271697998e-01 8.110466599464416504e-01
2.812705636024475098e-01 8.110512495040893555e-01
2.812625765800476074e-01 8.110557794570922852e-01
2.812545895576477051e-01 8.110603094100952148e-01
2.812466323375701904e-01 8.110648393630981445e-01
2.812387049198150635e-01 8.110693693161010742e-01
2.812307775020599365e-01 8.110738992691040039e-01
2.812228798866271973e-01 8.110784292221069336e-01
2.812149822711944580e-01 8.110828995704650879e-01
2.812071144580841064e-01 8.110873699188232422e-01
2.811992764472961426e-01 8.110918402671813965e-01
2.811914384365081787e-01 8.110963106155395508e-01
2.811836302280426025e-01 8.111007809638977051e-01
2.811758220195770264e-01 8.111052513122558594e-01
2.811680436134338379e-01 8.111096620559692383e-01
2.811602652072906494e-01 8.111140727996826172e-01
2.811525166034698486e-01 8.111184835433959961e-01
2.811447978019714355e-01 8.111228942871093750e-01
2.811370790004730225e-01 8.111273050308227539e-01
2.811293900012969971e-01 8.111317157745361328e-01
2.811217010021209717e-01 8.111360669136047363e-01
2.811140418052673340e-01 8.111404180526733398e-01
2.811063826084136963e-01 8.111447691917419434e-01
2.810987532138824463e-01 8.111491203308105469e-01
2.810911536216735840e-01 8.111534714698791504e-01
2.810835540294647217e-01 8.111578226089477539e-01
2.810759842395782471e-01 8.111621141433715820e-01
2.810684144496917725e-01 8.111664056777954102e-01
2.810608744621276855e-01 8.111706972122192383e-01
2.810533642768859863e-01 8.111749887466430664e-01
2.810458540916442871e-01 8.111792802810668945e-01
2.810383737087249756e-01 8.111835718154907227e-01
2.810308933258056641e-01 8.111878633499145508e-01
2.810234427452087402e-01 8.111920952796936035e-01
2.810159921646118164e-01 8.111963272094726562e-01
2.810085713863372803e-01 8.112005591392517090e-01
2.810011506080627441e-01 8.112047910690307617e-01
2.809937596321105957e-01 8.112090229988098145e-01
2.809863984584808350e-01 8.112132549285888672e-01
2.809790372848510742e-01 8.112174272537231445e-01
2.809717059135437012e-01 8.112215995788574219e-01
2.809643745422363281e-01 8.112257719039916992e-01
2.809570729732513428e-01 8.112299442291259766e-01
2.809497714042663574e-01 8.112341165542602539e-01
2.809424996376037598e-01 8.112382888793945312e-01
2.809352278709411621e-01 8.112424015998840332e-01
2.809279859066009521e-01 8.112465143203735352e-01
2.809207737445831299e-01 8.112506270408630371e-01
2.809135615825653076e-01 8.112547397613525391e-01
2.809063792228698730e-01 8.112588524818420410e-01
2.808991968631744385e-01 8.112629652023315430e-01
2.808920443058013916e-01 8.112670779228210449e-01
2.808848917484283447e-01 8.112711310386657715e-01
2.808777689933776855e-01 8.112751841545104980e-01
2.808706462383270264e-01 8.112792372703552246e-01
2.808635532855987549e-01 8.112832903861999512e-01
2.808564603328704834e-01 8.112873435020446777e-01
2.808493971824645996e-01 8.112913966178894043e-01
2.808423638343811035e-01 8.112953901290893555e-01
2.808353304862976074e-01 8.112993836402893066e-01
2.808283269405364990e-01 8.113033771514892578e-01
2.808213233947753906e-01 8.113073706626892090e-01
2.808143496513366699e-01 8.113113641738891602e-01
2.808073759078979492e-01 8.113153576850891113e-01
2.808004319667816162e-01 8.113192915916442871e-01
2.807934880256652832e-01 8.113232254981994629e-01
2.807865738868713379e-01 8.113271594047546387e-01
2.807796597480773926e-01 8.113310933113098145e-01
2.807727754116058350e-01 8.113350272178649902e-01
2.807658910751342773e-01 8.113389611244201660e-01
2.807590365409851074e-01 8.113428950309753418e-01
2.807522118091583252e-01 8.113467693328857422e-01
2.807453870773315430e-01 8.113506436347961426e-01
2.807385921478271484e-01 8.113545179367065430e-01
2.807317972183227539e-01 8.113583922386169434e-01
2.807250320911407471e-01 8.113622665405273438e-01
2.807182669639587402e-01 8.113661408424377441e-01
2.807115316390991211e-01 8.113700151443481445e-01
2.807047963142395020e-01 8.113738298416137695e-01
2.806980907917022705e-01 8.113776445388793945e-01
2.806913852691650391e-01 8.113814592361450195e-01
2.806847095489501953e-01 8.113852739334106445e-01
2.806780338287353516e-01 8.113890886306762695e-01
2.806713879108428955e-01 8.113929033279418945e-01
2.806647419929504395e-01 8.113966584205627441e-01
2.806581258773803711e-01 8.114004135131835938e-01
2.806515097618103027e-01 8.114041686058044434e-01
2.806449234485626221e-01 8.114079236984252930e-01
2.806383371353149414e-01 8.114116787910461426e-01
2.806317806243896484e-01 8.114154338836669922e-01
2.806252241134643555e-01 8.114191889762878418e-01
2.806186974048614502e-01 8.114228844642639160e-01
2.806121706962585449e-01 8.114265799522399902e-01
2.806056737899780273e-01 8.114302754402160645e-01
2.805991768836975098e-01 8.114339709281921387e-01
2.805927097797393799e-01 8.114376664161682129e-01
2.805862724781036377e-01 8.114413619041442871e-01
2.805798351764678955e-01 8.114450573921203613e-01
2.805734276771545410e-01 8.114486932754516602e-01
2.805670201778411865e-01 8.114523291587829590e-01
2.805606424808502197e-01 8.114559650421142578e-01
2.805542647838592529e-01 8.114596009254455566e-01
2.805479168891906738e-01 8.114632368087768555e-01
2.805415689945220947e-01 8.114668726921081543e-01
2.805352509021759033e-01 8.114705085754394531e-01
2.805289328098297119e-01 8.114740848541259766e-01
2.805226445198059082e-01 8.114776611328125000e-01
2.805163562297821045e-01 8.114812374114990234e-01
2.805100977420806885e-01 8.114848136901855469e-01
2.805038392543792725e-01 8.114883899688720703e-01
2.804976105690002441e-01 8.114919662475585938e-01
2.804913818836212158e-01 8.114955425262451172e-01
2.804851830005645752e-01 8.114990592002868652e-01
2.804789841175079346e-01 8.115025758743286133e-01
2.804727852344512939e-01 8.115060925483703613e-01
2.804666161537170410e-01 8.115096092224121094e-01
2.804604470729827881e-01 8.115131258964538574e-01
2.804543077945709229e-01 8.115166425704956055e-01
2.804481685161590576e-01 8.115201592445373535e-01
2.804420590400695801e-01 8.115236163139343262e-01
2.804359495639801025e-01 8.115270733833312988e-01
2.804298698902130127e-01 8.115305304527282715e-01
2.804237902164459229e-01 8.115339875221252441e-01
2.804177403450012207e-01 8.115374445915222168e-01
2.804116904735565186e-01 8.115409016609191895e-01
2.804056704044342041e-01 8.115443587303161621e-01
2.803996503353118896e-01 8.115477561950683594e-01
2.803936600685119629e-01 8.115511536598205566e-01
2.803876698017120361e-01 8.115545511245727539e-01
2.803817093372344971e-01 8.115579485893249512e-01
2.803757488727569580e-01 8.115613460540771484e-01
2.803698182106018066e-01 8.115647435188293457e-01
2.803638875484466553e-01 8.115681409835815430e-01
2.803579866886138916e-01 8.115715384483337402e-01
2.803520858287811279e-01 8.115748763084411621e-01
2.803462147712707520e-01 8.115782141685485840e-01
2.803403437137603760e-01 8.115815520286560059e-01
2.803345024585723877e-01 8.115848898887634277e-01
2.803286612033843994e-01 8.115882277488708496e-01
2.803228497505187988e-01 8.115915656089782715e-01
2.803170382976531982e-01 8.115949034690856934e-01
2.803112566471099854e-01 8.115981817245483398e-01
2.803054749965667725e-01 8.116014599800109863e-01
2.802996933460235596e-01 8.116047382354736328e-01
2.802939414978027344e-01 8.116080164909362793e-01
2.802881896495819092e-01 8.116112947463989258e-01
2.802824676036834717e-01 8.116145730018615723e-01
2.802767455577850342e-01 8.116178512573242188e-01
2.802710533142089844e-01 8.116211295127868652e-01
2.802653610706329346e-01 8.116243481636047363e-01
2.802596986293792725e-01 8.116275668144226074e-01
2.802540361881256104e-01 8.116307854652404785e-01
2.802484035491943359e-01 8.116340041160583496e-01
2.802427709102630615e-01 8.116372227668762207e-01
2.802371680736541748e-01 8.116404414176940918e-01
2.802315652370452881e-01 8.116436600685119629e-01
2.802259624004364014e-01 8.116468191146850586e-01
2.802203893661499023e-01 8.116499781608581543e-01
2.802148163318634033e-01 8.116531372070312500e-01
2.802092730998992920e-01 8.116562962532043457e-01
2.802037298679351807e-01 8.116594552993774414e-01
2.801982164382934570e-01 8.116626143455505371e-01
2.801927030086517334e-01 8.116657733917236328e-01
2.801872193813323975e-01 8.116689324378967285e-01
2.801817357540130615e-01 8.116720318794250488e-01
2.801762819290161133e-01 8.116751313209533691e-01
2.801708281040191650e-01 8.116782307624816895e-01
2.801653742790222168e-01 8.116813302040100098e-01
2.801599502563476562e-01 8.116844296455383301e-01
2.801545262336730957e-01 8.116875290870666504e-01
2.801491320133209229e-01 8.116906285285949707e-01
2.801437377929687500e-01 8.116937279701232910e-01
2.801383733749389648e-01 8.116967678070068359e-01
2.801330089569091797e-01 8.116998076438903809e-01
2.801276743412017822e-01 8.117028474807739258e-01
2.801223397254943848e-01 8.117058873176574707e-01
2.801170051097869873e-01 8.117089271545410156e-01
2.801117002964019775e-01 8.117119669914245605e-01
2.801063954830169678e-01 8.117150068283081055e-01
2.801011204719543457e-01 8.117180466651916504e-01
2.800958454608917236e-01 8.117210268974304199e-01
2.800906002521514893e-01 8.117240071296691895e-01
2.800853550434112549e-01 8.117269873619079590e-01
2.800801098346710205e-01 8.117299675941467285e-01
2.800748944282531738e-01 8.117329478263854980e-01
2.800696790218353271e-01 8.117359280586242676e-01
2.800644934177398682e-01 8.117389082908630371e-01
2.800593078136444092e-01 8.117418885231018066e-01
2.800541520118713379e-01 8.117448091506958008e-01
2.800489962100982666e-01 8.117477297782897949e-01
2.800438404083251953e-01 8.117506504058837891e-01
2.800387144088745117e-01 8.117535710334777832e-01
2.800335884094238281e-01 8.117564916610717773e-01
2.800284922122955322e-01 8.117594122886657715e-01
2.800233960151672363e-01 8.117623329162597656e-01
2.800183296203613281e-01 8.117652535438537598e-01
2.800132632255554199e-01 8.117681145668029785e-01
2.800081968307495117e-01 8.117709755897521973e-01
2.800031602382659912e-01 8.117738366127014160e-01
2.799981236457824707e-01 8.117766976356506348e-01
2.799931168556213379e-01 8.117795586585998535e-01
2.799881100654602051e-01 8.117824196815490723e-01
2.799831330776214600e-01 8.117852807044982910e-01
2.799781560897827148e-01 8.117881417274475098e-01
2.799731791019439697e-01 8.117909431457519531e-01
2.799682319164276123e-01 8.117937445640563965e-01
2.799632847309112549e-01 8.117965459823608398e-01
2.799583673477172852e-01 8.117993474006652832e-01
2.799534499645233154e-01 8.118021488189697266e-01
2.799485623836517334e-01 8.118049502372741699e-01
2.799436748027801514e-01 8.118077516555786133e-01
2.799387872219085693e-01 8.118105530738830566e-01
2.799339294433593750e-01 8.118133544921875000e-01
2.799290716648101807e-01 8.118160963058471680e-01
2.799242436885833740e-01 8.118188381195068359e-01
2.799194157123565674e-01 8.118215799331665039e-01
2.799145877361297607e-01 8.118243217468261719e-01
2.799097895622253418e-01 8.118270635604858398e-01
2.799049913883209229e-01 8.118298053741455078e-01
2.799002230167388916e-01 8.118325471878051758e-01
2.798954546451568604e-01 8.118352890014648438e-01
2.798906862735748291e-01 8.118379712104797363e-01
2.798859477043151855e-01 8.118406534194946289e-01
2.798812091350555420e-01 8.118433356285095215e-01
2.798765003681182861e-01 8.118460178375244141e-01
2.798717916011810303e-01 8.118487000465393066e-01
2.798670828342437744e-01 8.118513822555541992e-01
2.798624038696289062e-01 8.118540644645690918e-01
2.798577249050140381e-01 8.118567466735839844e-01
2.798530757427215576e-01 8.118594288825988770e-01
2.798484265804290771e-01 8.118620514869689941e-01
2.798437774181365967e-01 8.118646740913391113e-01
2.798391580581665039e-01 8.118672966957092285e-01
2.798345386981964111e-01 8.118699193000793457e-01
2.798299491405487061e-01 8.118725419044494629e-01
2.798253595829010010e-01 8.118751645088195801e-01
2.798207700252532959e-01 8.118777871131896973e-01
2.798162102699279785e-01 8.118804097175598145e-01
2.798116505146026611e-01 8.118830323219299316e-01
2.798071205615997314e-01 8.118855953216552734e-01
2.798025906085968018e-01 8.118881583213806152e-01
2.797980606555938721e-01 8.118907213211059570e-01
2.797935605049133301e-01 8.118932843208312988e-01
2.797890603542327881e-01 8.118958473205566406e-01
2.797845900058746338e-01 8.118984103202819824e-01
2.797801196575164795e-01 8.119009733200073242e-01
2.797756493091583252e-01 8.119035363197326660e-01
2.797712087631225586e-01 8.119060993194580078e-01
2.797667682170867920e-01 8.119086027145385742e-01
2.797623574733734131e-01 8.119111061096191406e-01
2.797579467296600342e-01 8.119136095046997070e-01
2.797535359859466553e-01 8.119161128997802734e-01
2.797491550445556641e-01 8.119186162948608398e-01
2.797447741031646729e-01 8.119211196899414062e-01
2.797403931617736816e-01 8.119236230850219727e-01
2.797360420227050781e-01 8.119261264801025391e-01
2.797316908836364746e-01 8.119286298751831055e-01
2.797273695468902588e-01 8.119310736656188965e-01
2.797230482101440430e-01 8.119335174560546875e-01
2.797187268733978271e-01 8.119359612464904785e-01
2.797144353389739990e-01 8.119384050369262695e-01
2.797101438045501709e-01 8.119408488273620605e-01
2.797058522701263428e-01 8.119432926177978516e-01
2.797015905380249023e-01 8.119457364082336426e-01
2.796973288059234619e-01 8.119481801986694336e-01
2.796930968761444092e-01 8.119506239891052246e-01
2.796888649463653564e-01 8.119530677795410156e-01
2.796846330165863037e-01 8.119554519653320312e-01
2.796804308891296387e-01 8.119578361511230469e-01
2.796762287616729736e-01 8.119602203369140625e-01
2.796720266342163086e-01 8.119626045227050781e-01
2.796678543090820312e-01 8.119649887084960938e-01
2.796636819839477539e-01 8.119673728942871094e-01
2.796595096588134766e-01 8.119697570800781250e-01
2.796553671360015869e-01 8.119721412658691406e-01
2.796512246131896973e-01 8.119745254516601562e-01
2.796471118927001953e-01 8.119768500328063965e-01
2.796429991722106934e-01 8.119791746139526367e-01
2.796388864517211914e-01 8.119814991950988770e-01
2.796348035335540771e-01 8.119838237762451172e-01
2.796307206153869629e-01 8.119861483573913574e-01
2.796266376972198486e-01 8.119884729385375977e-01
2.796225845813751221e-01 8.119907975196838379e-01
2.796185314655303955e-01 8.119931221008300781e-01
2.796144783496856689e-01 8.119954466819763184e-01
2.796104550361633301e-01 8.119977712631225586e-01
2.796064317226409912e-01 8.120000362396240234e-01
2.796024382114410400e-01 8.120023012161254883e-01
2.795984447002410889e-01 8.120045661926269531e-01
2.795944511890411377e-01 8.120068311691284180e-01
2.795904874801635742e-01 8.120090961456298828e-01
2.795865237712860107e-01 8.120113611221313477e-01
2.795825600624084473e-01 8.120136260986328125e-01
2.795786261558532715e-01 8.120158910751342773e-01
2.795746922492980957e-01 8.120181560516357422e-01
2.795707583427429199e-01 8.120204210281372070e-01
2.795668542385101318e-01 8.120226263999938965e-01
2.795629501342773438e-01 8.120248317718505859e-01
2.795590460300445557e-01 8.120270371437072754e-01
2.795551717281341553e-01 8.120292425155639648e-01
2.795512974262237549e-01 8.120314478874206543e-01
2.795474231243133545e-01 8.120336532592773438e-01
2.795435786247253418e-01 8.120358586311340332e-01
2.795397341251373291e-01 8.120380640029907227e-01
2.795358896255493164e-01 8.120402693748474121e-01
2.795320749282836914e-01 8.120424747467041016e-01
2.795282602310180664e-01 8.120446205139160156e-01
2.795244455337524414e-01 8.120467662811279297e-01
2.795206606388092041e-01 8.120489120483398438e-01
2.795168757438659668e-01 8.120510578155517578e-01
2.795131206512451172e-01 8.120532035827636719e-01
2.795093655586242676e-01 8.120553493499755859e-01
2.795056104660034180e-01 8.120574951171875000e-01
2.795018851757049561e-01 8.120596408843994141e-01
2.794981598854064941e-01 8.120617866516113281e-01
2.794944345951080322e-01 8.120639324188232422e-01
2.794907391071319580e-01 8.120660185813903809e-01
2.794870436191558838e-01 8.120681047439575195e-01
2.794833481311798096e-01 8.120701909065246582e-01
2.794796824455261230e-01 8.120722770690917969e-01
2.794760167598724365e-01 8.120743632316589355e-01
2.794723510742187500e-01 8.120764493942260742e-01
2.794687151908874512e-01 8.120785355567932129e-01
2.794650793075561523e-01 8.120806217193603516e-01
2.794614434242248535e-01 8.120827078819274902e-01
2.794578373432159424e-01 8.120847940444946289e-01
2.794542312622070312e-01 8.120868802070617676e-01
2.794506251811981201e-01 8.120889067649841309e-01
2.794470191001892090e-01 8.120909333229064941e-01
2.794434428215026855e-01 8.120929598808288574e-01
2.794398665428161621e-01 8.120949864387512207e-01
2.794362902641296387e-01 8.120970129966735840e-01
2.794327437877655029e-01 8.120990395545959473e-01
2.794291973114013672e-01 8.121010661125183105e-01
2.794256508350372314e-01 8.121030926704406738e-01
2.794221341609954834e-01 8.121051192283630371e-01
2.794186174869537354e-01 8.121071457862854004e-01
2.794151008129119873e-01 8.121091723442077637e-01
2.794116139411926270e-01 8.121111392974853516e-01
2.794081270694732666e-01 8.121131062507629395e-01
2.794046401977539062e-01 8.121150732040405273e-01
2.794011831283569336e-01 8.121170401573181152e-01
2.793977260589599609e-01 8.121190071105957031e-01
2.793942689895629883e-01 8.121209740638732910e-01
2.793908417224884033e-01 8.121229410171508789e-01
2.793874144554138184e-01 8.121249079704284668e-01
2.793839871883392334e-01 8.121268749237060547e-01
2.793805897235870361e-01 8.121288418769836426e-01
2.793771922588348389e-01 8.121308088302612305e-01
2.793737947940826416e-01 8.121327161788940430e-01
2.793703973293304443e-01 8.121346235275268555e-01
2.793670296669006348e-01 8.121365308761596680e-01
2.793636620044708252e-01 8.121384382247924805e-01
2.793602943420410156e-01 8.121403455734252930e-01
2.793569564819335938e-01 8.121422529220581055e-01
2.793536186218261719e-01 8.121441602706909180e-01
2.793502807617187500e-01 8.121460676193237305e-01
2.793469727039337158e-01 8.121479749679565430e-01
2.793436646461486816e-01 8.121498823165893555e-01
2.793403565883636475e-01 8.121517896652221680e-01
2.793370783329010010e-01 8.121536374092102051e-01
2.793338000774383545e-01 8.121554851531982422e-01
2.793305218219757080e-01 8.121573328971862793e-01
2.793272435665130615e-01 8.121591806411743164e-01
2.793239951133728027e-01 8.121610283851623535e-01
2.793207466602325439e-01 8.121628761291503906e-01
2.793174982070922852e-01 8.121647238731384277e-01
2.793142795562744141e-01 8.121665716171264648e-01
2.793110609054565430e-01 8.121684193611145020e-01
2.793078422546386719e-01 8.121702671051025391e-01
2.793046534061431885e-01 8.121721148490905762e-01
2.793014645576477051e-01 8.121739625930786133e-01
2.792982757091522217e-01 8.121757507324218750e-01
2.792951166629791260e-01 8.121775388717651367e-01
2.792919576168060303e-01 8.121793270111083984e-01
2.792887985706329346e-01 8.121811151504516602e-01
2.792856395244598389e-01 8.121829032897949219e-01
2.792825102806091309e-01 8.121846914291381836e-01
2.792793810367584229e-01 8.121864795684814453e-01
2.792762517929077148e-01 8.121882677078247070e-01
2.792731523513793945e-01 8.121900558471679688e-01
2.792700529098510742e-01 8.121918439865112305e-01
2.792669534683227539e-01 8.121936321258544922e-01
2.792638540267944336e-01 8.121954202651977539e-01
2.792607843875885010e-01 8.121971487998962402e-01
2.792577147483825684e-01 8.121988773345947266e-01
2.792546451091766357e-01 8.122006058692932129e-01
2.792516052722930908e-01 8.122023344039916992e-01
2.792485654354095459e-01 8.122040629386901855e-01
2.792455255985260010e-01 8.122057914733886719e-01
2.792424857616424561e-01 8.122075200080871582e-01
2.792394757270812988e-01 8.122092485427856445e-01
2.792364656925201416e-01 8.122109770774841309e-01
2.792334556579589844e-01 8.122127056121826172e-01
2.792304754257202148e-01 8.122144341468811035e-01
2.792274951934814453e-01 8.122161626815795898e-01
2.792245149612426758e-01 8.122178316116333008e-01
2.792215347290039062e-01 8.122195005416870117e-01
2.792185842990875244e-01 8.122211694717407227e-01
2.792156338691711426e-01 8.122228384017944336e-01
2.792126834392547607e-01 8.122245073318481445e-01
2.792097628116607666e-01 8.122261762619018555e-01
2.792068421840667725e-01 8.122278451919555664e-01
2.792039215564727783e-01 8.122295141220092773e-01
2.792010009288787842e-01 8.122311830520629883e-01
2.791981101036071777e-01 8.122328519821166992e-01
2.791952192783355713e-01 8.122345209121704102e-01
2.791923284530639648e-01 8.122361898422241211e-01
2.791894376277923584e-01 8.122377991676330566e-01
2.791865766048431396e-01 8.122394084930419922e-01
2.791837155818939209e-01 8.122410178184509277e-01
2.791808545589447021e-01 8.122426271438598633e-01
2.791780233383178711e-01 8.122442364692687988e-01
2.791751921176910400e-01 8.122458457946777344e-01
2.791723608970642090e-01 8.122474551200866699e-01
2.791695296764373779e-01 8.122490644454956055e-01
2.791667282581329346e-01 8.122506737709045410e-01
2.791639268398284912e-01 8.122522830963134766e-01
2.791611254215240479e-01 8.122538924217224121e-01
2.791583538055419922e-01 8.122555017471313477e-01
2.791555821895599365e-01 8.122571110725402832e-01
2.791528105735778809e-01 8.122587203979492188e-01
2.791500389575958252e-01 8.122602701187133789e-01
2.791472971439361572e-01 8.122618198394775391e-01
2.791445553302764893e-01 8.122633695602416992e-01
2.791418135166168213e-01 8.122649192810058594e-01
2.791390717029571533e-01 8.122664690017700195e-01
2.791363596916198730e-01 8.122680187225341797e-01
2.791336476802825928e-01 8.122695684432983398e-01
2.791309356689453125e-01 8.122711181640625000e-01
2.791282236576080322e-01 8.122726678848266602e-01
2.791255414485931396e-01 8.122742176055908203e-01
2.791228592395782471e-01 8.122757673263549805e-01
2.791201770305633545e-01 8.122773170471191406e-01
2.791174948215484619e-01 8.122788667678833008e-01
2.791148424148559570e-01 8.122803568840026855e-01
2.791121900081634521e-01 8.122818470001220703e-01
2.791095376014709473e-01 8.122833371162414551e-01
2.791068851947784424e-01 8.122848272323608398e-01
2.791042625904083252e-01 8.122863173484802246e-01
2.791016399860382080e-01 8.122878074645996094e-01
2.790990173816680908e-01 8.122892975807189941e-01
2.790964245796203613e-01 8.122907876968383789e-01
2.790938317775726318e-01 8.122922778129577637e-01
2.790912389755249023e-01 8.122937679290771484e-01
2.790886461734771729e-01 8.122952580451965332e-01
2.790860831737518311e-01 8.122967481613159180e-01
2.790835201740264893e-01 8.122982382774353027e-01
2.790809571743011475e-01 8.122996687889099121e-01
2.790783941745758057e-01 8.123010993003845215e-01
2.790758609771728516e-01 8.123025298118591309e-01
2.790733277797698975e-01 8.123039603233337402e-01
2.790707945823669434e-01 8.123053908348083496e-01
2.790682613849639893e-01 8.123068213462829590e-01
2.790657579898834229e-01 8.123082518577575684e-01
2.790632545948028564e-01 8.123096823692321777e-01
2.790607511997222900e-01 8.123111128807067871e-01
2.790582478046417236e-01 8.123125433921813965e-01
2.790557742118835449e-01 8.123139739036560059e-01
2.790533006191253662e-01 8.123154044151306152e-01
2.790508270263671875e-01 8.123168349266052246e-01
2.790483534336090088e-01 8.123182654380798340e-01
2.790458798408508301e-01 8.123196959495544434e-01
2.790434360504150391e-01 8.123210668563842773e-01
2.790409922599792480e-01 8.123224377632141113e-01
2.790385484695434570e-01 8.123238086700439453e-01
2.790361046791076660e-01 8.123251795768737793e-01
2.790336906909942627e-01 8.123265504837036133e-01
2.790312767028808594e-01 8.123279213905334473e-01
2.790288627147674561e-01 8.123292922973632812e-01
2.790264487266540527e-01 8.123306632041931152e-01
2.790240645408630371e-01 8.123320341110229492e-01
2.790216803550720215e-01 8.123334050178527832e-01
2.790192961692810059e-01 8.123347759246826172e-01
2.790169119834899902e-01 8.123361468315124512e-01
2.790145576000213623e-01 8.123375177383422852e-01
2.790122032165527344e-01 8.123388886451721191e-01
2.790098488330841064e-01 8.123401999473571777e-01
2.790074944496154785e-01 8.123415112495422363e-01
2.790051698684692383e-01 8.123428225517272949e-01
2.790028452873229980e-01 8.123441338539123535e-01
2.790005207061767578e-01 8.123454451560974121e-01
2.789981961250305176e-01 8.123467564582824707e-01
2.789958715438842773e-01 8.123480677604675293e-01
2.789935767650604248e-01 8.123493790626525879e-01
2.789912819862365723e-01 8.123506903648376465e-01
2.789889872074127197e-01 8.123520016670227051e-01
2.789866924285888672e-01 8.123533129692077637e-01
2.789844274520874023e-01 8.123546242713928223e-01
2.789821624755859375e-01 8.123559355735778809e-01
2.789798974990844727e-01 8.123572468757629395e-01
2.789776325225830078e-01 8.123585581779479980e-01
2.789753973484039307e-01 8.123598694801330566e-01
2.789731621742248535e-01 8.123611211776733398e-01
2.789709270000457764e-01 8.123623728752136230e-01
2.789686918258666992e-01 8.123636245727539062e-01
2.789664566516876221e-01 8.123648762702941895e-01
2.789642512798309326e-01 8.123661279678344727e-01
2.789620459079742432e-01 8.123673796653747559e-01
2.789598405361175537e-01 8.123686313629150391e-01
2.789576351642608643e-01 8.123698830604553223e-01
2.789554595947265625e-01 8.123711347579956055e-01
2.789532840251922607e-01 8.123723864555358887e-01
2.789511084556579590e-01 8.123736381530761719e-01
2.789489328861236572e-01 8.123748898506164551e-01
2.789467573165893555e-01 8.123761415481567383e-01
2.789446115493774414e-01 8.123773932456970215e-01
2.789424657821655273e-01 8.123786449432373047e-01
2.789403200149536133e-01 8.123798966407775879e-01
2.789381742477416992e-01 8.123810887336730957e-01
2.789360284805297852e-01 8.123822808265686035e-01
2.789339125156402588e-01 8.123834729194641113e-01
2.789317965507507324e-01 8.123846650123596191e-01
2.789296805858612061e-01 8.123858571052551270e-01
2.789275646209716797e-01 8.123870491981506348e-01
2.789254784584045410e-01 8.123882412910461426e-01
2.789233922958374023e-01 8.123894333839416504e-01
2.789213061332702637e-01 8.123906254768371582e-01
2.789192199707031250e-01 8.123918175697326660e-01
2.789171338081359863e-01 8.123930096626281738e-01
2.789150774478912354e-01 8.123942017555236816e-01
2.789130210876464844e-01 8.123953938484191895e-01
2.789109647274017334e-01 8.123965859413146973e-01
2.789089083671569824e-01 8.123977780342102051e-01
2.789068520069122314e-01 8.123989701271057129e-01
2.789048254489898682e-01 8.124001026153564453e-01
2.789027988910675049e-01 8.124012351036071777e-01
2.789007723331451416e-01 8.124023675918579102e-01
2.788987457752227783e-01 8.124035000801086426e-01
2.788967192173004150e-01 8.124046325683593750e-01
2.788947224617004395e-01 8.124057650566101074e-01
2.788927257061004639e-01 8.124068975448608398e-01
2.788907289505004883e-01 8.124080300331115723e-01
2.788887321949005127e-01 8.124091625213623047e-01
2.788867652416229248e-01 8.124102950096130371e-01
2.788847982883453369e-01 8.124114274978637695e-01
2.788828313350677490e-01 8.124125599861145020e-01
2.788808643817901611e-01 8.124136924743652344e-01
2.788788974285125732e-01 8.124148249626159668e-01
2.788769602775573730e-01 8.124159574508666992e-01
2.788750231266021729e-01 8.124170899391174316e-01
2.788730859756469727e-01 8.124182224273681641e-01
2.788711488246917725e-01 8.124192953109741211e-01
2.788692116737365723e-01 8.124203681945800781e-01
2.788673043251037598e-01 8.124214410781860352e-01
2.788653969764709473e-01 8.124225139617919922e-01
2.788634896278381348e-01 8.124235868453979492e-01
2.788615822792053223e-01 8.124246597290039062e-01
2.788596749305725098e-01 8.124257326126098633e-01
2.788577973842620850e-01 8.124268054962158203e-01
2.788559198379516602e-01 8.124278783798217773e-01
2.788540422916412354e-01 8.124289512634277344e-01
2.788521647453308105e-01 8.124300241470336914e-01
2.788502871990203857e-01 8.124310970306396484e-01
2.788484394550323486e-01 8.124321699142456055e-01
2.788465917110443115e-01 8.124332427978515625e-01
2.788447439670562744e-01 8.124343156814575195e-01
2.788428962230682373e-01 8.124353885650634766e-01
2.788410484790802002e-01 8.124364614486694336e-01
2.788392007350921631e-01 8.124375343322753906e-01
2.788373827934265137e-01 8.124385476112365723e-01
2.788355648517608643e-01 8.124395608901977539e-01
2.788337469100952148e-01 8.124405741691589355e-01
2.788319289684295654e-01 8.124415874481201172e-01
2.788301110267639160e-01 8.124426007270812988e-01
2.788283228874206543e-01 8.124436140060424805e-01
2.788265347480773926e-01 8.124446272850036621e-01
2.788247466087341309e-01 8.124456405639648438e-01
2.788229584693908691e-01 8.124466538429260254e-01
2.788211703300476074e-01 8.124476671218872070e-01
2.788194119930267334e-01 8.124486804008483887e-01
2.788176536560058594e-01 8.124496936798095703e-01
2.788158953189849854e-01 8.124507069587707520e-01
2.788141369819641113e-01 8.124517202377319336e-01
2.788123786449432373e-01 8.124527335166931152e-01
2.788106501102447510e-01 8.124537467956542969e-01
2.788089215755462646e-01 8.124547600746154785e-01
2.788071930408477783e-01 8.124557733535766602e-01
2.788054645061492920e-01 8.124567866325378418e-01
2.788037359714508057e-01 8.124577403068542480e-01
2.788020074367523193e-01 8.124586939811706543e-01
2.788003087043762207e-01 8.124596476554870605e-01
2.787986099720001221e-01 8.124606013298034668e-01
2.787969112396240234e-01 8.124615550041198730e-01
2.787952125072479248e-01 8.124625086784362793e-01
2.787935137748718262e-01 8.124634623527526855e-01
2.787918448448181152e-01 8.124644160270690918e-01
2.787901759147644043e-01 8.124653697013854980e-01
2.787885069847106934e-01 8.124663233757019043e-01
2.787868380546569824e-01 8.124672770500183105e-01
2.787851691246032715e-01 8.124682307243347168e-01
2.787835001945495605e-01 8.124691843986511230e-01
2.787818610668182373e-01 8.124701380729675293e-01
2.787802219390869141e-01 8.124710917472839355e-01
2.787785828113555908e-01 8.124720454216003418e-01
2.787769436836242676e-01 8.124729990959167480e-01
2.787753045558929443e-01 8.124739527702331543e-01
2.787736654281616211e-01 8.124749064445495605e-01
2.787720561027526855e-01 8.124758005142211914e-01
2.787704467773437500e-01 8.124766945838928223e-01
2.787688374519348145e-01 8.124775886535644531e-01
2.787672281265258789e-01 8.124784827232360840e-01
2.787656188011169434e-01 8.124793767929077148e-01
2.787640094757080078e-01 8.124802708625793457e-01
2.787624299526214600e-01 8.124811649322509766e-01
2.787608504295349121e-01 8.124820590019226074e-01
2.787592709064483643e-01 8.124829530715942383e-01
2.787576913833618164e-01 8.124838471412658691e-01
2.787561118602752686e-01 8.124847412109375000e-01
2.787545621395111084e-01 8.124856352806091309e-01
2.787530124187469482e-01 8.124865293502807617e-01
2.787514626979827881e-01 8.124874234199523926e-01
2.787499129772186279e-01 8.124883174896240234e-01
2.787483632564544678e-01 8.124892115592956543e-01
2.787468135356903076e-01 8.124901056289672852e-01
2.787452936172485352e-01 8.124909996986389160e-01
2.787437736988067627e-01 8.124918937683105469e-01
2.787422537803649902e-01 8.124927878379821777e-01
2.787407338619232178e-01 8.124936819076538086e-01
2.787392139434814453e-01 8.124945163726806641e-01
2.787376940250396729e-01 8.124953508377075195e-01
2.787361741065979004e-01 8.124961853027343750e-01
2.787346839904785156e-01 8.124970197677612305e-01
2.787331938743591309e-01 8.124978542327880859e-01
2.787317037582397461e-01 8.124986886978149414e-01
2.787302136421203613e-01 8.124995231628417969e-01
2.787287235260009766e-01 8.125003576278686523e-01
2.787272632122039795e-01 8.125011920928955078e-01
2.787258028984069824e-01 8.125020265579223633e-01
2.787243425846099854e-01 8.125028610229492188e-01
2.787228822708129883e-01 8.125036954879760742e-01
2.787214219570159912e-01 8.125045299530029297e-01
2.787199616432189941e-01 8.125053644180297852e-01
2.787185013294219971e-01 8.125061988830566406e-01
2.787170708179473877e-01 8.125070333480834961e-01
2.787156403064727783e-01 8.125078678131103516e-01
2.787142097949981689e-01 8.125087022781372070e-01
2.787127792835235596e-01 8.125095367431640625e-01
2.787113487720489502e-01 8.125103712081909180e-01
2.787099182605743408e-01 8.125112056732177734e-01
2.787085175514221191e-01 8.125120401382446289e-01
2.787071168422698975e-01 8.125128149986267090e-01
2.787057161331176758e-01 8.125135898590087891e-01
2.787043154239654541e-01 8.125143647193908691e-01
2.787029147148132324e-01 8.125151395797729492e-01
2.787015140056610107e-01 8.125159144401550293e-01
2.787001132965087891e-01 8.125166893005371094e-01
2.786987423896789551e-01 8.125174641609191895e-01
2.786973714828491211e-01 8.125182390213012695e-01
2.786960005760192871e-01 8.125190138816833496e-01
2.786946296691894531e-01 8.125197887420654297e-01
2.786932587623596191e-01 8.125205636024475098e-01
2.786918878555297852e-01 8.125213384628295898e-01
2.786905467510223389e-01 8.125221133232116699e-01
2.786892056465148926e-01 8.125228881835937500e-01
2.786878645420074463e-01 8.125236630439758301e-01
2.786865234375000000e-01 8.125244379043579102e-01
2.786851823329925537e-01 8.125252127647399902e-01
2.786838412284851074e-01 8.125259876251220703e-01
2.786825001239776611e-01 8.125267624855041504e-01
2.786811888217926025e-01 8.125275373458862305e-01
2.786798775196075439e-01 8.125283122062683105e-01
2.786785662174224854e-01 8.125290870666503906e-01
2.786772549152374268e-01 8.125298619270324707e-01
2.786759436130523682e-01 8.125306367874145508e-01
2.786746323108673096e-01 8.125313520431518555e-01
2.786733210086822510e-01 8.125320672988891602e-01
2.786720395088195801e-01 8.125327825546264648e-01
2.786707580089569092e-01 8.125334978103637695e-01
2.786694765090942383e-01 8.125342130661010742e-01
2.786681950092315674e-01 8.125349283218383789e-01
2.786669135093688965e-01 8.125356435775756836e-01
2.786656320095062256e-01 8.125363588333129883e-01
2.786643505096435547e-01 8.125370740890502930e-01
2.786630988121032715e-01 8.125377893447875977e-01
2.786618471145629883e-01 8.125385046005249023e-01
2.786605954170227051e-01 8.125392198562622070e-01
2.786593437194824219e-01 8.125399351119995117e-01
2.786580920219421387e-01 8.125406503677368164e-01
2.786568403244018555e-01 8.125413656234741211e-01
2.786555886268615723e-01 8.125420808792114258e-01
2.786543667316436768e-01 8.125427961349487305e-01
2.786531448364257812e-01 8.125435113906860352e-01
2.786519229412078857e-01 8.125442266464233398e-01
2.786507010459899902e-01 8.125449419021606445e-01
2.786494791507720947e-01 8.125456571578979492e-01
2.786482572555541992e-01 8.125463724136352539e-01
2.786470353603363037e-01 8.125470876693725586e-01
2.786458432674407959e-01 8.125478029251098633e-01
2.786446511745452881e-01 8.125484585762023926e-01
2.786434590816497803e-01 8.125491142272949219e-01
2.786422669887542725e-01 8.125497698783874512e-01
2.786410748958587646e-01 8.125504255294799805e-01
2.786398828029632568e-01 8.125510811805725098e-01
2.786386907100677490e-01 8.125517368316650391e-01
2.786374986171722412e-01 8.125523924827575684e-01
2.786363363265991211e-01 8.125530481338500977e-01
2.786351740360260010e-01 8.125537037849426270e-01
2.786340117454528809e-01 8.125543594360351562e-01
2.786328494548797607e-01 8.125550150871276855e-01
2.786316871643066406e-01 8.125556707382202148e-01
2.786305248737335205e-01 8.125563263893127441e-01
2.786293625831604004e-01 8.125569820404052734e-01
2.786282300949096680e-01 8.125576376914978027e-01
2.786270976066589355e-01 8.125582933425903320e-01
2.786259651184082031e-01 8.125589489936828613e-01
2.786248326301574707e-01 8.125596046447753906e-01
2.786237001419067383e-01 8.125602602958679199e-01
2.786225676536560059e-01 8.125609159469604492e-01
2.786214351654052734e-01 8.125615715980529785e-01
2.786203324794769287e-01 8.125622272491455078e-01
2.786192297935485840e-01 8.125628829002380371e-01
2.786181271076202393e-01 8.125635385513305664e-01
2.786170244216918945e-01 8.125641942024230957e-01
2.786159217357635498e-01 8.125648498535156250e-01
2.786148190498352051e-01 8.125655055046081543e-01
2.786137163639068604e-01 8.125661015510559082e-01
2.786126136779785156e-01 8.125666975975036621e-01
2.786115109920501709e-01 8.125672936439514160e-01
2.786104381084442139e-01 8.125678896903991699e-01
2.786093652248382568e-01 8.125684857368469238e-01
2.786082923412322998e-01 8.125690817832946777e-01
2.786072194576263428e-01 8.125696778297424316e-01
2.786061465740203857e-01 8.125702738761901855e-01
2.786050736904144287e-01 8.125708699226379395e-01
2.786040008068084717e-01 8.125714659690856934e-01
2.786029279232025146e-01 8.125720620155334473e-01
2.786018848419189453e-01 8.125726580619812012e-01
2.786008417606353760e-01 8.125732541084289551e-01
2.785997986793518066e-01 8.125738501548767090e-01
2.785987555980682373e-01 8.125744462013244629e-01
2.785977125167846680e-01 8.125750422477722168e-01
2.785966694355010986e-01 8.125756382942199707e-01
2.785956263542175293e-01 8.125762343406677246e-01
2.785945832729339600e-01 8.125768303871154785e-01
2.785935699939727783e-01 8.125774264335632324e-01
2.785925567150115967e-01 8.125780224800109863e-01
2.785915434360504150e-01 8.125786185264587402e-01
2.785905301570892334e-01 8.125792145729064941e-01
2.785895168781280518e-01 8.125798106193542480e-01
2.785885035991668701e-01 8.125804066658020020e-01
2.785874903202056885e-01 8.125810027122497559e-01
2.785864770412445068e-01 8.125815987586975098e-01
2.785854935646057129e-01 8.125821948051452637e-01
2.785845100879669189e-01 8.125827908515930176e-01
2.785835266113281250e-01 8.125833272933959961e-01
2.785825431346893311e-01 8.125838637351989746e-01
2.785815596580505371e-01 8.125844001770019531e-01
2.785805761814117432e-01 8.125849366188049316e-01
2.785795927047729492e-01 8.125854730606079102e-01
2.785786092281341553e-01 8.125860095024108887e-01
2.785776257514953613e-01 8.125865459442138672e-01
2.785766720771789551e-01 8.125870823860168457e-01
2.785757184028625488e-01 8.125876188278198242e-01
2.785747647285461426e-01 8.125881552696228027e-01
2.785738110542297363e-01 8.125886917114257812e-01
2.785728573799133301e-01 8.125892281532287598e-01
2.785719037055969238e-01 8.125897645950317383e-01
2.785709500312805176e-01 8.125903010368347168e-01
2.785699963569641113e-01 8.125908374786376953e-01
2.785690426826477051e-01 8.125913739204406738e-01
2.785681188106536865e-01 8.125919103622436523e-01
2.785671949386596680e-01 8.125924468040466309e-01
2.785662710666656494e-01 8.125929832458496094e-01
2.785653471946716309e-01 8.125935196876525879e-01
2.785644233226776123e-01 8.125940561294555664e-01
2.785634994506835938e-01 8.125945925712585449e-01
2.785625755786895752e-01 8.125951290130615234e-01
2.785616517066955566e-01 8.125956654548645020e-01
2.785607278347015381e-01 8.125962018966674805e-01
2.785598337650299072e-01 8.125967383384704590e-01
2.785589396953582764e-01 8.125972747802734375e-01
2.785580456256866455e-01 8.125978112220764160e-01
2.785571515560150146e-01 8.125983476638793945e-01
2.785562574863433838e-01 8.125988841056823730e-01
2.785553634166717529e-01 8.125994205474853516e-01
2.785544693470001221e-01 8.125998973846435547e-01
2.785535752773284912e-01 8.126003742218017578e-01
2.785526812076568604e-01 8.126008510589599609e-01
2.785517871379852295e-01 8.126013278961181641e-01
2.785509228706359863e-01 8.126018047332763672e-01
2.785500586032867432e-01 8.126022815704345703e-01
2.785491943359375000e-01 8.126027584075927734e-01
2.785483300685882568e-01 8.126032352447509766e-01
2.785474658012390137e-01 8.126037120819091797e-01
2.785466015338897705e-01 8.126041889190673828e-01
2.785457372665405273e-01 8.126046657562255859e-01
2.785448729991912842e-01 8.126051425933837891e-01
2.785440087318420410e-01 8.126056194305419922e-01
2.785431742668151855e-01 8.126060962677001953e-01
2.785423398017883301e-01 8.126065731048583984e-01
2.785415053367614746e-01 8.126070499420166016e-01
2.785406708717346191e-01 8.126075267791748047e-01
2.785398364067077637e-01 8.126080036163330078e-01
2.785390019416809082e-01 8.126084804534912109e-01
2.785381674766540527e-01 8.126089572906494141e-01
2.785373330116271973e-01 8.126094341278076172e-01
2.785364985466003418e-01 8.126099109649658203e-01
2.785356938838958740e-01 8.126103878021240234e-01
2.785348892211914062e-01 8.126108646392822266e-01
2.785340845584869385e-01 8.126113414764404297e-01
2.785332798957824707e-01 8.126118183135986328e-01
2.785324752330780029e-01 8.126122951507568359e-01
2.785316705703735352e-01 8.126127719879150391e-01
2.785308659076690674e-01 8.126132488250732422e-01
2.785300612449645996e-01 8.126137256622314453e-01
2.785292565822601318e-01 8.126142024993896484e-01
2.785284519195556641e-01 8.126146793365478516e-01
2.785276472568511963e-01 8.126151561737060547e-01
2.785268723964691162e-01 8.126156330108642578e-01
2.785260975360870361e-01 8.126161098480224609e-01
2.785253226757049561e-01 8.126165866851806641e-01
2.785245478153228760e-01 8.126170039176940918e-01
2.785237729549407959e-01 8.126174211502075195e-01
2.785229980945587158e-01 8.126178383827209473e-01
2.785222232341766357e-01 8.126182556152343750e-01
2.785214483737945557e-01 8.126186728477478027e-01
2.785206735134124756e-01 8.126190900802612305e-01
2.785198986530303955e-01 8.126195073127746582e-01
2.785191237926483154e-01 8.126199245452880859e-01
2.785183489322662354e-01 8.126203417778015137e-01
2.785176038742065430e-01 8.126207590103149414e-01
2.785168588161468506e-01 8.126211762428283691e-01
2.785161137580871582e-01 8.126215934753417969e-01
2.785153687000274658e-01 8.126220107078552246e-01
2.785146236419677734e-01 8.126224279403686523e-01
2.785138785839080811e-01 8.126228451728820801e-01
2.785131335258483887e-01 8.126232624053955078e-01
2.785123884677886963e-01 8.126236796379089355e-01
2.785116434097290039e-01 8.126240968704223633e-01
2.785108983516693115e-01 8.126245141029357910e-01
2.785101830959320068e-01 8.126249313354492188e-01
2.785094678401947021e-01 8.126253485679626465e-01
2.785087525844573975e-01 8.126257658004760742e-01
2.785080373287200928e-01 8.126261830329895020e-01
2.785073220729827881e-01 8.126266002655029297e-01
2.785066068172454834e-01 8.126270174980163574e-01
2.785058915615081787e-01 8.126274347305297852e-01
2.785051763057708740e-01 8.126278519630432129e-01
2.785044610500335693e-01 8.126282691955566406e-01
2.785037457942962646e-01 8.126286864280700684e-01
2.785030305385589600e-01 8.126291036605834961e-01
2.785023450851440430e-01 8.126295208930969238e-01
2.785016596317291260e-01 8.126299381256103516e-01
2.785009741783142090e-01 8.126303553581237793e-01
2.785002887248992920e-01 8.126307725906372070e-01
2.784996032714843750e-01 8.126311898231506348e-01
2.784989178180694580e-01 8.126316070556640625e-01
2.784982323646545410e-01 8.126320242881774902e-01
2.784975469112396240e-01 8.126324415206909180e-01
2.784968614578247070e-01 8.126327991485595703e-01
2.784961760044097900e-01 8.126331567764282227e-01
2.784954905509948730e-01 8.126335144042968750e-01
2.784948050975799561e-01 8.126338720321655273e-01
2.784941196441650391e-01 8.126342296600341797e-01
2.784934639930725098e-01 8.126345872879028320e-01
2.784928083419799805e-01 8.126349449157714844e-01
2.784921526908874512e-01 8.126353025436401367e-01
2.784914970397949219e-01 8.126356601715087891e-01
2.784908413887023926e-01 8.126360177993774414e-01
2.784901857376098633e-01 8.126363754272460938e-01
2.784895300865173340e-01 8.126367330551147461e-01
2.784888744354248047e-01 8.126370906829833984e-01
2.784882187843322754e-01 8.126374483108520508e-01
2.784875631332397461e-01 8.126378059387207031e-01
2.784869074821472168e-01 8.126381635665893555e-01
2.784862816333770752e-01 8.126385211944580078e-01
2.784856557846069336e-01 8.126388788223266602e-01
2.784850299358367920e-01 8.126392364501953125e-01
2.784844040870666504e-01 8.126395940780639648e-01
2.784837782382965088e-01 8.126399517059326172e-01
2.784831523895263672e-01 8.126403093338012695e-01
2.784825265407562256e-01 8.126406669616699219e-01
2.784819006919860840e-01 8.126410245895385742e-01
2.784812748432159424e-01 8.126413822174072266e-01
2.784806489944458008e-01 8.126417398452758789e-01
2.784800231456756592e-01 8.126420974731445312e-01
2.784794270992279053e-01 8.126424551010131836e-01
2.784788310527801514e-01 8.126428127288818359e-01
2.784782350063323975e-01 8.126431703567504883e-01
2.784776389598846436e-01 8.126435279846191406e-01
2.784770429134368896e-01 8.126438856124877930e-01
2.784764468669891357e-01 8.126442432403564453e-01
2.784758508205413818e-01 8.126446008682250977e-01
2.784752547740936279e-01 8.126449584960937500e-01
2.784746587276458740e-01 8.126453161239624023e-01
2.784740626811981201e-01 8.126456737518310547e-01
2.784734666347503662e-01 8.126460313796997070e-01
2.784728705883026123e-01 8.126463890075683594e-01
2.784722745418548584e-01 8.126467466354370117e-01
2.784716784954071045e-01 8.126471042633056641e-01
2.784710824489593506e-01 8.126474618911743164e-01
2.784705162048339844e-01 8.126478195190429688e-01
2.784699499607086182e-01 8.126481771469116211e-01
2.784693837165832520e-01 8.126484751701354980e-01
2.784688174724578857e-01 8.126487731933593750e-01
2.784682512283325195e-01 8.126490712165832520e-01
2.784676849842071533e-01 8.126493692398071289e-01
2.784671187400817871e-01 8.126496672630310059e-01
2.784665524959564209e-01 8.126499652862548828e-01
2.784659862518310547e-01 8.126502633094787598e-01
2.784654200077056885e-01 8.126505613327026367e-01
2.784648537635803223e-01 8.126508593559265137e-01
2.784642875194549561e-01 8.126511573791503906e-01
2.784637212753295898e-01 8.126514554023742676e-01
2.784631550312042236e-01 8.126517534255981445e-01
2.784626185894012451e-01 8.126520514488220215e-01
2.784620821475982666e-01 8.126523494720458984e-01
2.784615457057952881e-01 8.126526474952697754e-01
2.784610092639923096e-01 8.126529455184936523e-01
2.784604728221893311e-01 8.126532435417175293e-01
2.784599363803863525e-01 8.126535415649414062e-01
2.784593999385833740e-01 8.126538395881652832e-01
2.784588634967803955e-01 8.126541376113891602e-01
2.784583270549774170e-01 8.126544356346130371e-01
2.784577906131744385e-01 8.126547336578369141e-01
2.784572541713714600e-01 8.126550316810607910e-01
2.784567177295684814e-01 8.126553297042846680e-01
2.784562110900878906e-01 8.126556277275085449e-01
2.784557044506072998e-01 8.126559257507324219e-01
2.784551978111267090e-01 8.126562237739562988e-01
2.784546911716461182e-01 8.126565217971801758e-01
2.784541845321655273e-01 8.126568198204040527e-01
2.784536778926849365e-01 8.126571178436279297e-01
2.784531712532043457e-01 8.126574158668518066e-01
2.784526646137237549e-01 8.126577138900756836e-01
2.784521579742431641e-01 8.126580119132995605e-01
2.784516513347625732e-01 8.126583099365234375e-01
2.784511446952819824e-01 8.126586079597473145e-01
2.784506380558013916e-01 8.126589059829711914e-01
2.784501314163208008e-01 8.126592040061950684e-01
2.784496247768402100e-01 8.126595020294189453e-01
2.784491181373596191e-01 8.126598000526428223e-01
2.784486114978790283e-01 8.126600980758666992e-01
2.784481346607208252e-01 8.126603960990905762e-01
2.784476578235626221e-01 8.126606941223144531e-01
2.784471809864044189e-01 8.126609921455383301e-01
2.784467041492462158e-01 8.126612901687622070e-01
2.784462273120880127e-01 8.126615881919860840e-01
2.784457504749298096e-01 8.126618862152099609e-01
2.784452736377716064e-01 8.126621842384338379e-01
2.784447968006134033e-01 8.126624822616577148e-01
2.784443199634552002e-01 8.126627802848815918e-01
2.784438431262969971e-01 8.126630783081054688e-01
2.784433662891387939e-01 8.126633763313293457e-01
2.784428894519805908e-01 8.126636147499084473e-01
2.784424126148223877e-01 8.126638531684875488e-01
2.784419357776641846e-01 8.126640915870666504e-01
2.784414589405059814e-01 8.126643300056457520e-01
2.784409821033477783e-01 8.126645684242248535e-01
2.784405052661895752e-01 8.126648068428039551e-01
2.784400284290313721e-01 8.126650452613830566e-01
2.784395515918731689e-01 8.126652836799621582e-01
2.784391045570373535e-01 8.126655220985412598e-01
2.784386575222015381e-01 8.126657605171203613e-01
2.784382104873657227e-01 8.126659989356994629e-01
2.784377634525299072e-01 8.126662373542785645e-01
2.784373164176940918e-01 8.126664757728576660e-01
2.784368693828582764e-01 8.126667141914367676e-01
2.784364223480224609e-01 8.126669526100158691e-01
2.784359753131866455e-01 8.126671910285949707e-01
2.784355282783508301e-01 8.126674294471740723e-01
2.784350812435150146e-01 8.126676678657531738e-01
2.784346342086791992e-01 8.126679062843322754e-01
2.784341871738433838e-01 8.126681447029113770e-01
2.784337401390075684e-01 8.126683831214904785e-01
2.784333229064941406e-01 8.126686215400695801e-01
2.784329056739807129e-01 8.126688599586486816e-01
2.784324884414672852e-01 8.126690983772277832e-01
2.784320712089538574e-01 8.126693367958068848e-01
2.784316539764404297e-01 8.126695752143859863e-01
2.784312367439270020e-01 8.126698136329650879e-01
2.784308195114135742e-01 8.126700520515441895e-01
2.784304022789001465e-01 8.126702904701232910e-01
2.784299850463867188e-01 8.126705288887023926e-01
2.784295678138732910e-01 8.126707673072814941e-01
2.784291505813598633e-01 8.126710057258605957e-01
2.784287333488464355e-01 8.126712441444396973e-01
2.784283161163330078e-01 8.126714825630187988e-01
2.784278988838195801e-01 8.126717209815979004e-01
2.784274816513061523e-01 8.126719594001770020e-01
2.784270942211151123e-01 8.126721978187561035e-01
2.784267067909240723e-01 8.126724362373352051e-01
2.784263193607330322e-01 8.126726746559143066e-01
2.784259319305419922e-01 8.126729130744934082e-01
2.784255445003509521e-01 8.126731514930725098e-01
2.784251570701599121e-01 8.126733899116516113e-01
2.784247696399688721e-01 8.126736283302307129e-01
2.784243822097778320e-01 8.126738667488098145e-01
2.784239947795867920e-01 8.126741051673889160e-01
2.784236073493957520e-01 8.126743435859680176e-01
2.784232199192047119e-01 8.126745820045471191e-01
2.784228324890136719e-01 8.126748204231262207e-01
2.784224450588226318e-01 8.126750588417053223e-01
2.784220576286315918e-01 8.126752972602844238e-01
2.784216701984405518e-01 8.126755356788635254e-01
2.784212827682495117e-01 8.126757740974426270e-01
2.784208953380584717e-01 8.126760125160217285e-01
2.784205079078674316e-01 8.126762509346008301e-01
2.784201204776763916e-01 8.126764893531799316e-01
2.784197330474853516e-01 8.126767277717590332e-01
2.784193456172943115e-01 8.126769661903381348e-01
2.784189581871032715e-01 8.126772046089172363e-01
2.784185707569122314e-01 8.126774430274963379e-01
2.784181833267211914e-01 8.126776814460754395e-01
2.784177958965301514e-01 8.126779198646545410e-01
2.784174084663391113e-01 8.126781582832336426e-01
2.784170210361480713e-01 8.126783370971679688e-01
2.784166336059570312e-01 8.126785159111022949e-01
2.784162759780883789e-01 8.126786947250366211e-01
2.784159183502197266e-01 8.126788735389709473e-01
2.784155607223510742e-01 8.126790523529052734e-01
2.784152030944824219e-01 8.126792311668395996e-01
2.784148454666137695e-01 8.126794099807739258e-01
2.784144878387451172e-01 8.126795887947082520e-01
2.784141302108764648e-01 8.126797676086425781e-01
2.784137725830078125e-01 8.126799464225769043e-01
2.784134149551391602e-01 8.126801252365112305e-01
2.784130573272705078e-01 8.126803040504455566e-01
2.784126996994018555e-01 8.126804828643798828e-01
2.784123420715332031e-01 8.126806616783142090e-01
2.784119844436645508e-01 8.126808404922485352e-01
2.784116268157958984e-01 8.126810193061828613e-01
2.784112691879272461e-01 8.126811981201171875e-01
2.784109413623809814e-01 8.126813769340515137e-01
2.784106135368347168e-01 8.126815557479858398e-01
2.784102857112884521e-01 8.126817345619201660e-01
2.784099578857421875e-01 8.126819133758544922e-01
2.784096300601959229e-01 8.126820921897888184e-01
2.784093022346496582e-01 8.126822710037231445e-01
2.784089744091033936e-01 8.126824498176574707e-01
2.784086465835571289e-01 8.126826286315917969e-01
2.784083187580108643e-01 8.126828074455261230e-01
2.784079909324645996e-01 8.126829862594604492e-01
2.784076631069183350e-01 8.126831650733947754e-01
2.784073352813720703e-01 8.126833438873291016e-01
2.784070074558258057e-01 8.126835227012634277e-01
2.784066796302795410e-01 8.126837015151977539e-01
2.784063518047332764e-01 8.126838803291320801e-01
2.784060239791870117e-01 8.126840591430664062e-01
2.784057259559631348e-01 8.126842379570007324e-01
2.784054279327392578e-01 8.126844167709350586e-01
2.784051299095153809e-01 8.126845955848693848e-01
2.784048318862915039e-01 8.126847743988037109e-01
2.784045338630676270e-01 8.126849532127380371e-01
2.784042358398437500e-01 8.126851320266723633e-01
2.784039378166198730e-01 8.126853108406066895e-01
2.784036397933959961e-01 8.126854896545410156e-01
2.784033417701721191e-01 8.126856684684753418e-01
2.784030437469482422e-01 8.126858472824096680e-01
2.784027457237243652e-01 8.126860260963439941e-01
2.784024477005004883e-01 8.126862049102783203e-01
2.784021496772766113e-01 8.126863837242126465e-01
2.784018516540527344e-01 8.126865625381469727e-01
2.784015536308288574e-01 8.126867413520812988e-01
2.784012556076049805e-01 8.126869201660156250e-01
2.784009575843811035e-01 8.126870989799499512e-01
2.784006595611572266e-01 8.126872777938842773e-01
2.784003615379333496e-01 8.126874566078186035e-01
2.784000635147094727e-01 8.126876354217529297e-01
2.783997654914855957e-01 8.126878142356872559e-01
2.783994674682617188e-01 8.126879930496215820e-01
2.783991694450378418e-01 8.126881718635559082e-01
2.783988714218139648e-01 8.126883506774902344e-01
2.783985733985900879e-01 8.126885294914245605e-01
2.783983051776885986e-01 8.126887083053588867e-01
2.783980369567871094e-01 8.126888871192932129e-01
2.783977687358856201e-01 8.126890659332275391e-01
2.783975005149841309e-01 8.126892447471618652e-01
2.783972322940826416e-01 8.126894235610961914e-01
2.783969640731811523e-01 8.126896023750305176e-01
2.783966958522796631e-01 8.126897811889648438e-01
2.783964276313781738e-01 8.126899600028991699e-01
2.783961594104766846e-01 8.126901388168334961e-01
2.783958911895751953e-01 8.126903176307678223e-01
2.783956229686737061e-01 8.126904964447021484e-01
2.783953547477722168e-01 8.126906752586364746e-01
2.783950865268707275e-01 8.126908540725708008e-01
2.783948183059692383e-01 8.126910328865051270e-01
2.783945500850677490e-01 8.126912117004394531e-01
2.783942818641662598e-01 8.126913905143737793e-01
2.783940136432647705e-01 8.126915693283081055e-01
2.783937454223632812e-01 8.126917481422424316e-01
2.783934772014617920e-01 8.126919269561767578e-01
2.783932089805603027e-01 8.126920461654663086e-01
2.783929407596588135e-01 8.126921653747558594e-01
2.783926725387573242e-01 8.126922845840454102e-01
2.783924043178558350e-01 8.126924037933349609e-01
2.783921360969543457e-01 8.126925230026245117e-01
2.783918678760528564e-01 8.126926422119140625e-01
2.783915996551513672e-01 8.126927614212036133e-01
2.783913314342498779e-01 8.126928806304931641e-01
2.783910632133483887e-01 8.126929998397827148e-01
2.783907949924468994e-01 8.126931190490722656e-01
2.783905267715454102e-01 8.126932382583618164e-01
2.783902585506439209e-01 8.126933574676513672e-01
2.783899903297424316e-01 8.126934766769409180e-01
2.783897221088409424e-01 8.126935958862304688e-01
2.783894538879394531e-01 8.126937150955200195e-01
2.783891856670379639e-01 8.126938343048095703e-01
2.783889174461364746e-01 8.126939535140991211e-01
2.783886790275573730e-01 8.126940727233886719e-01
2.783884406089782715e-01 8.126941919326782227e-01
2.783882021903991699e-01 8.126943111419677734e-01
2.783879637718200684e-01 8.126944303512573242e-01
2.783877253532409668e-01 8.126945495605468750e-01
2.783874869346618652e-01 8.126946687698364258e-01
2.783872485160827637e-01 8.126947879791259766e-01
2.783870100975036621e-01 8.126949071884155273e-01
2.783867716789245605e-01 8.126950263977050781e-01
2.783865332603454590e-01 8.126951456069946289e-01
2.783862948417663574e-01 8.126952648162841797e-01
2.783860564231872559e-01 8.126953840255737305e-01
2.783858180046081543e-01 8.126955032348632812e-01
2.783855795860290527e-01 8.126956224441528320e-01
2.783853411674499512e-01 8.126957416534423828e-01
2.783851325511932373e-01 8.126958608627319336e-01
2.783849239349365234e-01 8.126959800720214844e-01
2.783847153186798096e-01 8.126960992813110352e-01
2.783845067024230957e-01 8.126962184906005859e-01
2.783842980861663818e-01 8.126963376998901367e-01
2.783840894699096680e-01 8.126964569091796875e-01
2.783838808536529541e-01 8.126965761184692383e-01
2.783836722373962402e-01 8.126966953277587891e-01
2.783834636211395264e-01 8.126968145370483398e-01
2.783832550048828125e-01 8.126969337463378906e-01
2.783830463886260986e-01 8.126970529556274414e-01
2.783828377723693848e-01 8.126971721649169922e-01
2.783826291561126709e-01 8.126972913742065430e-01
2.783824205398559570e-01 8.126974105834960938e-01
2.783822119235992432e-01 8.126975297927856445e-01
2.783820033073425293e-01 8.126976490020751953e-01
2.783817946910858154e-01 8.126977682113647461e-01
2.783815860748291016e-01 8.126978874206542969e-01
2.783813774585723877e-01 8.126980066299438477e-01
2.783811688423156738e-01 8.126981258392333984e-01
2.783809602260589600e-01 8.126982450485229492e-01
2.783807516098022461e-01 8.126983642578125000e-01
2.783805429935455322e-01 8.126984834671020508e-01
2.783803343772888184e-01 8.126986026763916016e-01
2.783801555633544922e-01 8.126987218856811523e-01
2.783799767494201660e-01 8.126988410949707031e-01
2.783797979354858398e-01 8.126989603042602539e-01
2.783796191215515137e-01 8.126990795135498047e-01
2.783794403076171875e-01 8.126991987228393555e-01
2.783792614936828613e-01 8.126993179321289062e-01
2.783790826797485352e-01 8.126994371414184570e-01
2.783789038658142090e-01 8.126995563507080078e-01
2.783787250518798828e-01 8.126996755599975586e-01
2.783785462379455566e-01 8.126997947692871094e-01
2.783783674240112305e-01 8.126999139785766602e-01
2.783781886100769043e-01 8.127000331878662109e-01
2.783780097961425781e-01 8.127001523971557617e-01
2.783778309822082520e-01 8.127002716064453125e-01
2.783776521682739258e-01 8.127003908157348633e-01
2.783774733543395996e-01 8.127005100250244141e-01
2.783772945404052734e-01 8.127006292343139648e-01
2.783771157264709473e-01 8.127007484436035156e-01
2.783769369125366211e-01 8.127008676528930664e-01
2.783767580986022949e-01 8.127009868621826172e-01
2.783765792846679688e-01 8.127011060714721680e-01
2.783764004707336426e-01 8.127012252807617188e-01
2.783762216567993164e-01 8.127013444900512695e-01
2.783760428428649902e-01 8.127014636993408203e-01
2.783758640289306641e-01 8.127015829086303711e-01
2.783756852149963379e-01 8.127017021179199219e-01
2.783755064010620117e-01 8.127018213272094727e-01
2.783753275871276855e-01 8.127019405364990234e-01
2.783751487731933594e-01 8.127020597457885742e-01
2.783749699592590332e-01 8.127021789550781250e-01
2.783747911453247070e-01 8.127022981643676758e-01
2.783746123313903809e-01 8.127024173736572266e-01
2.783744335174560547e-01 8.127025365829467773e-01
2.783742547035217285e-01 8.127026557922363281e-01
2.783740758895874023e-01 8.127027750015258789e-01
2.783738970756530762e-01 8.127028942108154297e-01
2.783737182617187500e-01 8.127030134201049805e-01
2.783735394477844238e-01 8.127031326293945312e-01
2.783733606338500977e-01 8.127032518386840820e-01
2.783731818199157715e-01 8.127033710479736328e-01
2.783730030059814453e-01 8.127034902572631836e-01
2.783728241920471191e-01 8.127036094665527344e-01
2.783726453781127930e-01 8.127037286758422852e-01
2.783724665641784668e-01 8.127038478851318359e-01
2.783722877502441406e-01 8.127039670944213867e-01
2.783721089363098145e-01 8.127040863037109375e-01
2.783719301223754883e-01 8.127042055130004883e-01
2.783717513084411621e-01 8.127043247222900391e-01
2.783715724945068359e-01 8.127044439315795898e-01
2.783713936805725098e-01 8.127045631408691406e-01
2.783712148666381836e-01 8.127046227455139160e-01
2.783710360527038574e-01 8.127046823501586914e-01
2.783708572387695312e-01 8.127047419548034668e-01
2.783706784248352051e-01 8.127048015594482422e-01
2.783704996109008789e-01 8.127048611640930176e-01
2.783703207969665527e-01 8.127049207687377930e-01
2.783701419830322266e-01 8.127049803733825684e-01
2.783699631690979004e-01 8.127050399780273438e-01
2.783697843551635742e-01 8.127050995826721191e-01
2.783696055412292480e-01 8.127051591873168945e-01
2.783694267272949219e-01 8.127052187919616699e-01
2.783692479133605957e-01 8.127052783966064453e-01
2.783690690994262695e-01 8.127053380012512207e-01
2.783688902854919434e-01 8.127054572105407715e-01
2.783687114715576172e-01 8.127055764198303223e-01
2.783685326576232910e-01 8.127056956291198730e-01
2.783683836460113525e-01 8.127058148384094238e-01
2.783682346343994141e-01 8.127059340476989746e-01
2.783680856227874756e-01 8.127060532569885254e-01
2.783679366111755371e-01 8.127061724662780762e-01
2.783677875995635986e-01 8.127062916755676270e-01
2.783676385879516602e-01 8.127063512802124023e-01
2.783674895763397217e-01 8.127064108848571777e-01
2.783673405647277832e-01 8.127064704895019531e-01
2.783671915531158447e-01 8.127065300941467285e-01
2.783670425415039062e-01 8.127065896987915039e-01
2.783668935298919678e-01 8.127066493034362793e-01
2.783667445182800293e-01 8.127067089080810547e-01
2.783665955066680908e-01 8.127067685127258301e-01
2.783664464950561523e-01 8.127068281173706055e-01
2.783662974834442139e-01 8.127068877220153809e-01
2.783661484718322754e-01 8.127069473266601562e-01
2.783659994602203369e-01 8.127070069313049316e-01
2.783658504486083984e-01 8.127071261405944824e-01
2.783657014369964600e-01 8.127072453498840332e-01
2.783655524253845215e-01 8.127073645591735840e-01
2.783654034137725830e-01 8.127074837684631348e-01
2.783652544021606445e-01 8.127075433731079102e-01
2.783651053905487061e-01 8.127076029777526855e-01
2.783649563789367676e-01 8.127076625823974609e-01
2.783648073673248291e-01 8.127077221870422363e-01
2.783646583557128906e-01 8.127077817916870117e-01
2.783645093441009521e-01 8.127078413963317871e-01
2.783643603324890137e-01 8.127079010009765625e-01
2.783642113208770752e-01 8.127079606056213379e-01
2.783640921115875244e-01 8.127080202102661133e-01
2.783639729022979736e-01 8.127081394195556641e-01
2.783638536930084229e-01 8.127082586288452148e-01
2.783637344837188721e-01 8.127083182334899902e-01
2.783636152744293213e-01 8.127083778381347656e-01
2.783634960651397705e-01 8.127084374427795410e-01
2.783633768558502197e-01 8.127084970474243164e-01
2.783632576465606689e-01 8.127085566520690918e-01
2.783631384372711182e-01 8.127086162567138672e-01
2.783630192279815674e-01 8.127086758613586426e-01
2.783629000186920166e-01 8.127087354660034180e-01
2.783627808094024658e-01 8.127087950706481934e-01
2.783626616001129150e-01 8.127088546752929688e-01
2.783625423908233643e-01 8.127089142799377441e-01
2.783624231815338135e-01 8.127089738845825195e-01
2.783623039722442627e-01 8.127090334892272949e-01
2.783621847629547119e-01 8.127090930938720703e-01
2.783620655536651611e-01 8.127091526985168457e-01
2.783619463443756104e-01 8.127092123031616211e-01
2.783618271350860596e-01 8.127092719078063965e-01
2.783617079257965088e-01 8.127093315124511719e-01
2.783615887165069580e-01 8.127093911170959473e-01
2.783614695072174072e-01 8.127094507217407227e-01
2.783613502979278564e-01 8.127095103263854980e-01
2.783612310886383057e-01 8.127095699310302734e-01
2.783611118793487549e-01 8.127096295356750488e-01
2.783609926700592041e-01 8.127096891403198242e-01
2.783608734607696533e-01 8.127097487449645996e-01
2.783607542514801025e-01 8.127098083496093750e-01
2.783606350421905518e-01 8.127098679542541504e-01
2.783605158329010010e-01 8.127099275588989258e-01
2.783603966236114502e-01 8.127099871635437012e-01
2.783602774143218994e-01 8.127100467681884766e-01
2.783601582050323486e-01 8.127101063728332520e-01
2.783600687980651855e-01 8.127101659774780273e-01
2.783599793910980225e-01 8.127102255821228027e-01
2.783598899841308594e-01 8.127102851867675781e-01
2.783598005771636963e-01 8.127103447914123535e-01
2.783597111701965332e-01 8.127104043960571289e-01
2.783596217632293701e-01 8.127104640007019043e-01
2.783595323562622070e-01 8.127105236053466797e-01
2.783594429492950439e-01 8.127105832099914551e-01
2.783593535423278809e-01 8.127106428146362305e-01
2.783592641353607178e-01 8.127107024192810059e-01
2.783591747283935547e-01 8.127107620239257812e-01
2.783590853214263916e-01 8.127108216285705566e-01
2.783589959144592285e-01 8.127108812332153320e-01
2.783589065074920654e-01 8.127109408378601074e-01
2.783588171005249023e-01 8.127110004425048828e-01
2.783587276935577393e-01 8.127110600471496582e-01
2.783586382865905762e-01 8.127111196517944336e-01
2.783585488796234131e-01 8.127111792564392090e-01
2.783584594726562500e-01 8.127112388610839844e-01
2.783583700656890869e-01 8.127112984657287598e-01
2.783582806587219238e-01 8.127113580703735352e-01
2.783581912517547607e-01 8.127114176750183105e-01
2.783581018447875977e-01 8.127114772796630859e-01
2.783580124378204346e-01 8.127115368843078613e-01
2.783579230308532715e-01 8.127115964889526367e-01
2.783578336238861084e-01 8.127116560935974121e-01
2.783577442169189453e-01 8.127117156982421875e-01
2.783576548099517822e-01 8.127117753028869629e-01
2.783575654029846191e-01 8.127118349075317383e-01
2.783574759960174561e-01 8.127118945121765137e-01
2.783573865890502930e-01 8.127119541168212891e-01
2.783572971820831299e-01 8.127120137214660645e-01
2.783572077751159668e-01 8.127120733261108398e-01
2.783571183681488037e-01 8.127121329307556152e-01
2.783570289611816406e-01 8.127121925354003906e-01
2.783569395542144775e-01 8.127122521400451660e-01
2.783568501472473145e-01 8.127123117446899414e-01
2.783567607402801514e-01 8.127123713493347168e-01
2.783566713333129883e-01 8.127124309539794922e-01
2.783565819263458252e-01 8.127124905586242676e-01
2.783564925193786621e-01 8.127125501632690430e-01
2.783564031124114990e-01 8.127126097679138184e-01
2.783563137054443359e-01 8.127126693725585938e-01
2.783562242984771729e-01 8.127127289772033691e-01
2.783561348915100098e-01 8.127127885818481445e-01
2.783560454845428467e-01 8.127128481864929199e-01
2.783559560775756836e-01 8.127129077911376953e-01
2.783558666706085205e-01 8.127129673957824707e-01
2.783557772636413574e-01 8.127130270004272461e-01
2.783556878566741943e-01 8.127130866050720215e-01
2.783555984497070312e-01 8.127131462097167969e-01
2.783555090427398682e-01 8.127132058143615723e-01
2.783554196357727051e-01 8.127132654190063477e-01
2.783553302288055420e-01 8.127133250236511230e-01
2.783552408218383789e-01 8.127133846282958984e-01
2.783551514148712158e-01 8.127134442329406738e-01
2.783550620079040527e-01 8.127135038375854492e-01
2.783549726009368896e-01 8.127135634422302246e-01
2.783548831939697266e-01 8.127136230468750000e-01
2.783547937870025635e-01 8.127136826515197754e-01
2.783547043800354004e-01 8.127137422561645508e-01
2.783546149730682373e-01 8.127138018608093262e-01
2.783545255661010742e-01 8.127138614654541016e-01
2.783544361591339111e-01 8.127139210700988770e-01
2.783543467521667480e-01 8.127139806747436523e-01
2.783542573451995850e-01 8.127140402793884277e-01
2.783541679382324219e-01 8.127140998840332031e-01
2.783540785312652588e-01 8.127141594886779785e-01
2.783539891242980957e-01 8.127142190933227539e-01
2.783538997173309326e-01 8.127142786979675293e-01
2.783538103103637695e-01 8.127143383026123047e-01
2.783537209033966064e-01 8.127143979072570801e-01
2.783536314964294434e-01 8.127144575119018555e-01
2.783535420894622803e-01 8.127145171165466309e-01
2.783534526824951172e-01 8.127145767211914062e-01
2.783533632755279541e-01 8.127146363258361816e-01
2.783532738685607910e-01 8.127146959304809570e-01
2.783531844615936279e-01 8.127147555351257324e-01
2.783530950546264648e-01 8.127148151397705078e-01
2.783530056476593018e-01 8.127148747444152832e-01
2.783529162406921387e-01 8.127149343490600586e-01
2.783528268337249756e-01 8.127149939537048340e-01
2.783527374267578125e-01 8.127150535583496094e-01
2.783526480197906494e-01 8.127151131629943848e-01
2.783525586128234863e-01 8.127151727676391602e-01
2.783524692058563232e-01 8.127152323722839355e-01
2.783523797988891602e-01 8.127152919769287109e-01
2.783522903919219971e-01 8.127153515815734863e-01
2.783522009849548340e-01 8.127154111862182617e-01
2.783521115779876709e-01 8.127154707908630371e-01
2.783520221710205078e-01 8.127155303955078125e-01
2.783519327640533447e-01 8.127155900001525879e-01
2.783518433570861816e-01 8.127156496047973633e-01
2.783517539501190186e-01 8.127157092094421387e-01
2.783516645431518555e-01 8.127157688140869141e-01
2.783515751361846924e-01 8.127158284187316895e-01
2.783514857292175293e-01 8.127158880233764648e-01
2.783513963222503662e-01 8.127159476280212402e-01
2.783513069152832031e-01 8.127160072326660156e-01
2.783512175083160400e-01 8.127160668373107910e-01
2.783511281013488770e-01 8.127160668373107910e-01
2.783510386943817139e-01 8.127160668373107910e-01
2.783509492874145508e-01 8.127160668373107910e-01
2.783508598804473877e-01 8.127160668373107910e-01
2.783507704734802246e-01 8.127160668373107910e-01
2.783506810665130615e-01 8.127161264419555664e-01
2.783505916595458984e-01 8.127161860466003418e-01
2.783505022525787354e-01 8.127162456512451172e-01
2.783504128456115723e-01 8.127163052558898926e-01
2.783503234386444092e-01 8.127163648605346680e-01
2.783502340316772461e-01 8.127164244651794434e-01
2.783501446247100830e-01 8.127164840698242188e-01
2.783500552177429199e-01 8.127165436744689941e-01
2.783499658107757568e-01 8.127166032791137695e-01
2.783498764038085938e-01 8.127166628837585449e-01
2.783497869968414307e-01 8.127167224884033203e-01
2.783496975898742676e-01 8.127167820930480957e-01
2.783496081829071045e-01 8.127167820930480957e-01
2.783495187759399414e-01 8.127167820930480957e-01
2.783494293689727783e-01 8.127168416976928711e-01
2.783493399620056152e-01 8.127169013023376465e-01
2.783492505550384521e-01 8.127169609069824219e-01
2.783491611480712891e-01 8.127170205116271973e-01
2.783490717411041260e-01 8.127170205116271973e-01
2.783489823341369629e-01 8.127170801162719727e-01
2.783488929271697998e-01 8.127171397209167480e-01
2.783488035202026367e-01 8.127171993255615234e-01
2.783487141132354736e-01 8.127171993255615234e-01
2.783486247062683105e-01 8.127172589302062988e-01
2.783485352993011475e-01 8.127173185348510742e-01
2.783484458923339844e-01 8.127173781394958496e-01
2.783483564853668213e-01 8.127174377441406250e-01
2.783482670783996582e-01 8.127174377441406250e-01
2.783482074737548828e-01 8.127174377441406250e-01
2.783481478691101074e-01 8.127174973487854004e-01
2.783480882644653320e-01 8.127175569534301758e-01
2.783480286598205566e-01 8.127176165580749512e-01
2.783479690551757812e-01 8.127176761627197266e-01
2.783479094505310059e-01 8.127176761627197266e-01
2.783478498458862305e-01 8.127176761627197266e-01
2.783477902412414551e-01 8.127176761627197266e-01
2.783477306365966797e-01 8.127176761627197266e-01
2.783476710319519043e-01 8.127177357673645020e-01
2.783476114273071289e-01 8.127177953720092773e-01
2.783475518226623535e-01 8.127178549766540527e-01
2.783474922180175781e-01 8.127178549766540527e-01
2.783474326133728027e-01 8.127178549766540527e-01
2.783473730087280273e-01 8.127179145812988281e-01
2.783473134040832520e-01 8.127179741859436035e-01
2.783472537994384766e-01 8.127180337905883789e-01
2.783471941947937012e-01 8.127180337905883789e-01
2.783471345901489258e-01 8.127180337905883789e-01
2.783470749855041504e-01 8.127180337905883789e-01
2.783470153808593750e-01 8.127180337905883789e-01
2.783469557762145996e-01 8.127180933952331543e-01
2.783468961715698242e-01 8.127181529998779297e-01
2.783468365669250488e-01 8.127182126045227051e-01
2.783467769622802734e-01 8.127182722091674805e-01
2.783467173576354980e-01 8.127183318138122559e-01
2.783466577529907227e-01 8.127183318138122559e-01
2.783465981483459473e-01 8.127183318138122559e-01
2.783465385437011719e-01 8.127183318138122559e-01
2.783464789390563965e-01 8.127183318138122559e-01
2.783464193344116211e-01 8.127183318138122559e-01
2.783463597297668457e-01 8.127183914184570312e-01
2.783463001251220703e-01 8.127184510231018066e-01
2.783462405204772949e-01 8.127185106277465820e-01
2.783461809158325195e-01 8.127185702323913574e-01
2.783461213111877441e-01 8.127186298370361328e-01
2.783460617065429688e-01 8.127186298370361328e-01
2.783460021018981934e-01 8.127186298370361328e-01
2.783459424972534180e-01 8.127186298370361328e-01
2.783458828926086426e-01 8.127186298370361328e-01
2.783458232879638672e-01 8.127186894416809082e-01
2.783457636833190918e-01 8.127187490463256836e-01
2.783457040786743164e-01 8.127188086509704590e-01
2.783456444740295410e-01 8.127188682556152344e-01
2.783455848693847656e-01 8.127188682556152344e-01
2.783455252647399902e-01 8.127188682556152344e-01
2.783454656600952148e-01 8.127188682556152344e-01
2.783454060554504395e-01 8.127188682556152344e-01
2.783453464508056641e-01 8.127189278602600098e-01
2.783452868461608887e-01 8.127189874649047852e-01
2.783452272415161133e-01 8.127190470695495605e-01
2.783451676368713379e-01 8.127191066741943359e-01
2.783451080322265625e-01 8.127191066741943359e-01
2.783450484275817871e-01 8.127191066741943359e-01
2.783449888229370117e-01 8.127191066741943359e-01
2.783449292182922363e-01 8.127191662788391113e-01
2.783448696136474609e-01 8.127192258834838867e-01
2.783448100090026855e-01 8.127192854881286621e-01
2.783447802066802979e-01 8.127192854881286621e-01
2.783447504043579102e-01 8.127192854881286621e-01
2.783447206020355225e-01 8.127192854881286621e-01
2.783446907997131348e-01 8.127192854881286621e-01
2.783446609973907471e-01 8.127192854881286621e-01
2.783446311950683594e-01 8.127193450927734375e-01
2.783446013927459717e-01 8.127193450927734375e-01
2.783445715904235840e-01 8.127193450927734375e-01
2.783445417881011963e-01 8.127194046974182129e-01
2.783445119857788086e-01 8.127194046974182129e-01
2.783444821834564209e-01 8.127194046974182129e-01
2.783444523811340332e-01 8.127194046974182129e-01
2.783444225788116455e-01 8.127194643020629883e-01
2.783443927764892578e-01 8.127194643020629883e-01
2.783443629741668701e-01 8.127194643020629883e-01
2.783443331718444824e-01 8.127194643020629883e-01
2.783443033695220947e-01 8.127195239067077637e-01
2.783442735671997070e-01 8.127195239067077637e-01
2.783442437648773193e-01 8.127195239067077637e-01
2.783442139625549316e-01 8.127195835113525391e-01
2.783441841602325439e-01 8.127195835113525391e-01
2.783441543579101562e-01 8.127195835113525391e-01
2.783441245555877686e-01 8.127195835113525391e-01
2.783440947532653809e-01 8.127195835113525391e-01
2.783440649509429932e-01 8.127196431159973145e-01
2.783440351486206055e-01 8.127196431159973145e-01
2.783440053462982178e-01 8.127196431159973145e-01
2.783439755439758301e-01 8.127197027206420898e-01
2.783439457416534424e-01 8.127197027206420898e-01
2.783439159393310547e-01 8.127197027206420898e-01
2.783438861370086670e-01 8.127197027206420898e-01
2.783438563346862793e-01 8.127197623252868652e-01
2.783438265323638916e-01 8.127197623252868652e-01
2.783437967300415039e-01 8.127197623252868652e-01
2.783437669277191162e-01 8.127197623252868652e-01
2.783437371253967285e-01 8.127197623252868652e-01
2.783437073230743408e-01 8.127198219299316406e-01
2.783436775207519531e-01 8.127198815345764160e-01
2.783436477184295654e-01 8.127198815345764160e-01
2.783436179161071777e-01 8.127198815345764160e-01
2.783435881137847900e-01 8.127198815345764160e-01
2.783435583114624023e-01 8.127198815345764160e-01
2.783435285091400146e-01 8.127198815345764160e-01
2.783434987068176270e-01 8.127198815345764160e-01
2.783434689044952393e-01 8.127199411392211914e-01
2.783434391021728516e-01 8.127200007438659668e-01
2.783434092998504639e-01 8.127200007438659668e-01
2.783433794975280762e-01 8.127200007438659668e-01
2.783433496952056885e-01 8.127200007438659668e-01
2.783433198928833008e-01 8.127200007438659668e-01
2.783432900905609131e-01 8.127200007438659668e-01
2.783432602882385254e-01 8.127200007438659668e-01
2.783432304859161377e-01 8.127200603485107422e-01
2.783432006835937500e-01 8.127201199531555176e-01
2.783431708812713623e-01 8.127201199531555176e-01
2.783431410789489746e-01 8.127201199531555176e-01
2.783431112766265869e-01 8.127201199531555176e-01
2.783430814743041992e-01 8.127201199531555176e-01
2.783430516719818115e-01 8.127201199531555176e-01
2.783430218696594238e-01 8.127201795578002930e-01
2.783429920673370361e-01 8.127202391624450684e-01
2.783429622650146484e-01 8.127202391624450684e-01
2.783429324626922607e-01 8.127202391624450684e-01
2.783429026603698730e-01 8.127202391624450684e-01
2.783428728580474854e-01 8.127202391624450684e-01
2.783428430557250977e-01 8.127202391624450684e-01
2.783428132534027100e-01 8.127202391624450684e-01
2.783427834510803223e-01 8.127202987670898438e-01
2.783427536487579346e-01 8.127203583717346191e-01
2.783427238464355469e-01 8.127203583717346191e-01
2.783426940441131592e-01 8.127203583717346191e-01
2.783426642417907715e-01 8.127203583717346191e-01
2.783426344394683838e-01 8.127203583717346191e-01
2.783426046371459961e-01 8.127203583717346191e-01
2.783425748348236084e-01 8.127203583717346191e-01
2.783425450325012207e-01 8.127204179763793945e-01
2.783425152301788330e-01 8.127204775810241699e-01
2.783424854278564453e-01 8.127204775810241699e-01
2.783424556255340576e-01 8.127204775810241699e-01
2.783424258232116699e-01 8.127204775810241699e-01
2.783423960208892822e-01 8.127204775810241699e-01
2.783423662185668945e-01 8.127204775810241699e-01
2.783423364162445068e-01 8.127205371856689453e-01
2.783423066139221191e-01 8.127205967903137207e-01
2.783422768115997314e-01 8.127205967903137207e-01
2.783422470092773438e-01 8.127205967903137207e-01
2.783422172069549561e-01 8.127205967903137207e-01
2.783421874046325684e-01 8.127205967903137207e-01
2.783421576023101807e-01 8.127205967903137207e-01
2.783421277999877930e-01 8.127205967903137207e-01
2.783420979976654053e-01 8.127206563949584961e-01
2.783420681953430176e-01 8.127206563949584961e-01
2.783420383930206299e-01 8.127207159996032715e-01
2.783420085906982422e-01 8.127207159996032715e-01
2.783419787883758545e-01 8.127207159996032715e-01
2.783419489860534668e-01 8.127207159996032715e-01
2.783419191837310791e-01 8.127207159996032715e-01
2.783418893814086914e-01 8.127207756042480469e-01
2.783418595790863037e-01 8.127207756042480469e-01
2.783418297767639160e-01 8.127207756042480469e-01
2.783417999744415283e-01 8.127208352088928223e-01
2.783417701721191406e-01 8.127208352088928223e-01
2.783417403697967529e-01 8.127208352088928223e-01
2.783417105674743652e-01 8.127208352088928223e-01
2.783416807651519775e-01 8.127208352088928223e-01
2.783416509628295898e-01 8.127208948135375977e-01
2.783416211605072021e-01 8.127209544181823730e-01
2.783415913581848145e-01 8.127209544181823730e-01
2.783415615558624268e-01 8.127209544181823730e-01
2.783415317535400391e-01 8.127209544181823730e-01
2.783415019512176514e-01 8.127209544181823730e-01
2.783414721488952637e-01 8.127209544181823730e-01
2.783414423465728760e-01 8.127209544181823730e-01
2.783414125442504883e-01 8.127210140228271484e-01
2.783413827419281006e-01 8.127210140228271484e-01
2.783413529396057129e-01 8.127210736274719238e-01
2.783413529396057129e-01 8.127210736274719238e-01
2.783413529396057129e-01 8.127210736274719238e-01
2.783413529396057129e-01 8.127210736274719238e-01
2.783413529396057129e-01 8.127210736274719238e-01
2.783413529396057129e-01 8.127210736274719238e-01
2.783413529396057129e-01 8.127210736274719238e-01
2.783413529396057129e-01 8.127210736274719238e-01
2.783413529396057129e-01 8.127210736274719238e-01
2.783413529396057129e-01 8.127210736274719238e-01
2.783413529396057129e-01 8.127210736274719238e-01
2.783413529396057129e-01 8.127210736274719238e-01
2.783413529396057129e-01 8.127210736274719238e-01
2.783413529396057129e-01 8.127210736274719238e-01
2.783413529396057129e-01 8.127210736274719238e-01
2.783413529396057129e-01 8.127210736274719238e-01
2.783413529396057129e-01 8.127210736274719238e-01
2.783413529396057129e-01 8.127210736274719238e-01
2.783413529396057129e-01 8.127210736274719238e-01
2.783413529396057129e-01 8.127210736274719238e-01
2.783413529396057129e-01 8.127210736274719238e-01
2.783413529396057129e-01 8.127210736274719238e-01
2.783413529396057129e-01 8.127210736274719238e-01
2.783413529396057129e-01 8.127210736274719238e-01
2.783413529396057129e-01 8.127210736274719238e-01
2.783413529396057129e-01 8.127210736274719238e-01
2.783413529396057129e-01 8.127210736274719238e-01
2.783413529396057129e-01 8.127210736274719238e-01
2.783413529396057129e-01 8.127210736274719238e-01
2.783413529396057129e-01 8.127210736274719238e-01
2.783413529396057129e-01 8.127210736274719238e-01
2.783413529396057129e-01 8.127210736274719238e-01
2.783413529396057129e-01 8.127210736274719238e-01
2.783413529396057129e-01 8.127210736274719238e-01
2.783413529396057129e-01 8.127210736274719238e-01
2.783413529396057129e-01 8.127210736274719238e-01
2.783413529396057129e-01 8.127210736274719238e-01
2.783413529396057129e-01 8.127210736274719238e-01
2.783413529396057129e-01 8.127210736274719238e-01
2.783413529396057129e-01 8.127210736274719238e-01
2.783413529396057129e-01 8.127210736274719238e-01
2.783413529396057129e-01 8.127210736274719238e-01
2.783413529396057129e-01 8.127210736274719238e-01
2.783413529396057129e-01 8.127210736274719238e-01
2.783413529396057129e-01 8.127210736274719238e-01
2.783413529396057129e-01 8.127210736274719238e-01
2.783413529396057129e-01 8.127210736274719238e-01
2.783413529396057129e-01 8.127210736274719238e-01
2.783413529396057129e-01 8.127210736274719238e-01
2.783413529396057129e-01 8.127210736274719238e-01
2.783413529396057129e-01 8.127210736274719238e-01
2.783413529396057129e-01 8.127210736274719238e-01
2.783413529396057129e-01 8.127210736274719238e-01
2.783413529396057129e-01 8.127210736274719238e-01
2.783413529396057129e-01 8.127210736274719238e-01
2.783413529396057129e-01 8.127210736274719238e-01
2.783413529396057129e-01 8.127210736274719238e-01
2.783413529396057129e-01 8.127210736274719238e-01
2.783413529396057129e-01 8.127210736274719238e-01
2.783413529396057129e-01 8.127210736274719238e-01
2.783413529396057129e-01 8.127210736274719238e-01
2.783413529396057129e-01 8.127210736274719238e-01
2.783413529396057129e-01 8.127210736274719238e-01
2.783413529396057129e-01 8.127210736274719238e-01
2.783413529396057129e-01 8.127210736274719238e-01
2.783413529396057129e-01 8.127210736274719238e-01
2.783413529396057129e-01 8.127210736274719238e-01
2.783413529396057129e-01 8.127210736274719238e-01
2.783413529396057129e-01 8.127210736274719238e-01
2.783413529396057129e-01 8.127210736274719238e-01
2.783413529396057129e-01 8.127210736274719238e-01
2.783413529396057129e-01 8.127210736274719238e-01
2.783413529396057129e-01 8.127210736274719238e-01
2.783413529396057129e-01 8.127210736274719238e-01
2.783413529396057129e-01 8.127210736274719238e-01
2.783413529396057129e-01 8.127210736274719238e-01
2.783413529396057129e-01 8.127210736274719238e-01
2.783413529396057129e-01 8.127210736274719238e-01
2.783413529396057129e-01 8.127210736274719238e-01
2.783413529396057129e-01 8.127210736274719238e-01
2.783413529396057129e-01 8.127210736274719238e-01
2.783413529396057129e-01 8.127210736274719238e-01
2.783413231372833252e-01 8.127210736274719238e-01
2.783413231372833252e-01 8.127210736274719238e-01
2.783413231372833252e-01 8.127210736274719238e-01
2.783413231372833252e-01 8.127210736274719238e-01
2.783413231372833252e-01 8.127210736274719238e-01
2.783413231372833252e-01 8.127210736274719238e-01
2.783413231372833252e-01 8.127210736274719238e-01
2.783413231372833252e-01 8.127210736274719238e-01
2.783413231372833252e-01 8.127210736274719238e-01
2.783413231372833252e-01 8.127210736274719238e-01
2.783413231372833252e-01 8.127210736274719238e-01
2.783413231372833252e-01 8.127210736274719238e-01
2.783413231372833252e-01 8.127210736274719238e-01
2.783413231372833252e-01 8.127210736274719238e-01
2.783413231372833252e-01 8.127210736274719238e-01
2.783413231372833252e-01 8.127211332321166992e-01
2.783413231372833252e-01 8.127211332321166992e-01
2.783413231372833252e-01 8.127211332321166992e-01
2.783412933349609375e-01 8.127211332321166992e-01
2.783412635326385498e-01 8.127211332321166992e-01
2.783412337303161621e-01 8.127211332321166992e-01
2.783412039279937744e-01 8.127211332321166992e-01
2.783412039279937744e-01 8.127211332321166992e-01
2.783412039279937744e-01 8.127211332321166992e-01
2.783412039279937744e-01 8.127211332321166992e-01
2.783412039279937744e-01 8.127211332321166992e-01
2.783412039279937744e-01 8.127211332321166992e-01
2.783412039279937744e-01 8.127211332321166992e-01
2.783412039279937744e-01 8.127211332321166992e-01
2.783412039279937744e-01 8.127211332321166992e-01
2.783412039279937744e-01 8.127211332321166992e-01
2.783412039279937744e-01 8.127211928367614746e-01
2.783412039279937744e-01 8.127211928367614746e-01
2.783412039279937744e-01 8.127211928367614746e-01
2.783412039279937744e-01 8.127211928367614746e-01
2.783412039279937744e-01 8.127211928367614746e-01
2.783412039279937744e-01 8.127211928367614746e-01
2.783412039279937744e-01 8.127211928367614746e-01
2.783411741256713867e-01 8.127211928367614746e-01
2.783411443233489990e-01 8.127211928367614746e-01
2.783411145210266113e-01 8.127211928367614746e-01
2.783411145210266113e-01 8.127211928367614746e-01
2.783411145210266113e-01 8.127211928367614746e-01
2.783411145210266113e-01 8.127211928367614746e-01
2.783411145210266113e-01 8.127211928367614746e-01
2.783411145210266113e-01 8.127211928367614746e-01
2.783411145210266113e-01 8.127211928367614746e-01
2.783411145210266113e-01 8.127211928367614746e-01
2.783411145210266113e-01 8.127211928367614746e-01
2.783411145210266113e-01 8.127211928367614746e-01
2.783411145210266113e-01 8.127211928367614746e-01
2.783411145210266113e-01 8.127211928367614746e-01
2.783411145210266113e-01 8.127211928367614746e-01
2.783411145210266113e-01 8.127211928367614746e-01
2.783411145210266113e-01 8.127211928367614746e-01
2.783411145210266113e-01 8.127211928367614746e-01
2.783411145210266113e-01 8.127211928367614746e-01
2.783411145210266113e-01 8.127211928367614746e-01
2.783411145210266113e-01 8.127211928367614746e-01
2.783411145210266113e-01 8.127211928367614746e-01
2.783411145210266113e-01 8.127211928367614746e-01
2.783411145210266113e-01 8.127211928367614746e-01
2.783411145210266113e-01 8.127212524414062500e-01
2.783411145210266113e-01 8.127212524414062500e-01
2.783411145210266113e-01 8.127212524414062500e-01
2.783411145210266113e-01 8.127212524414062500e-01
2.783411145210266113e-01 8.127212524414062500e-01
2.783411145210266113e-01 8.127212524414062500e-01
2.783411145210266113e-01 8.127212524414062500e-01
2.783411145210266113e-01 8.127212524414062500e-01
2.783410847187042236e-01 8.127212524414062500e-01
2.783410549163818359e-01 8.127212524414062500e-01
2.783410251140594482e-01 8.127212524414062500e-01
2.783410251140594482e-01 8.127212524414062500e-01
2.783410251140594482e-01 8.127212524414062500e-01
2.783410251140594482e-01 8.127212524414062500e-01
2.783410251140594482e-01 8.127212524414062500e-01
2.783410251140594482e-01 8.127212524414062500e-01
2.783410251140594482e-01 8.127212524414062500e-01
2.783410251140594482e-01 8.127212524414062500e-01
2.783410251140594482e-01 8.127212524414062500e-01
2.783410251140594482e-01 8.127212524414062500e-01
2.783410251140594482e-01 8.127212524414062500e-01
2.783410251140594482e-01 8.127212524414062500e-01
2.783410251140594482e-01 8.127212524414062500e-01
2.783410251140594482e-01 8.127212524414062500e-01
2.783410251140594482e-01 8.127212524414062500e-01
2.783410251140594482e-01 8.127212524414062500e-01
2.783410251140594482e-01 8.127212524414062500e-01
2.783410251140594482e-01 8.127212524414062500e-01
2.783410251140594482e-01 8.127212524414062500e-01
2.783410251140594482e-01 8.127212524414062500e-01
2.783410251140594482e-01 8.127212524414062500e-01
2.783410251140594482e-01 8.127212524414062500e-01
2.783410251140594482e-01 8.127212524414062500e-01
2.783410251140594482e-01 8.127212524414062500e-01
2.783410251140594482e-01 8.127212524414062500e-01
2.783410251140594482e-01 8.127212524414062500e-01
2.783410251140594482e-01 8.127212524414062500e-01
2.783410251140594482e-01 8.127212524414062500e-01
2.783410251140594482e-01 8.127212524414062500e-01
2.783410251140594482e-01 8.127212524414062500e-01
2.783410251140594482e-01 8.127212524414062500e-01
2.783410251140594482e-01 8.127212524414062500e-01
2.783410251140594482e-01 8.127212524414062500e-01
2.783410251140594482e-01 8.127212524414062500e-01
2.783410251140594482e-01 8.127212524414062500e-01
2.783410251140594482e-01 8.127212524414062500e-01
2.783410251140594482e-01 8.127212524414062500e-01
2.783410251140594482e-01 8.127213120460510254e-01
2.783410251140594482e-01 8.127213120460510254e-01
2.783410251140594482e-01 8.127213120460510254e-01
2.783410251140594482e-01 8.127213120460510254e-01
2.783410251140594482e-01 8.127213120460510254e-01
2.783410251140594482e-01 8.127213120460510254e-01
2.783409953117370605e-01 8.127213120460510254e-01
2.783409655094146729e-01 8.127213120460510254e-01
2.783409357070922852e-01 8.127213120460510254e-01
2.783409357070922852e-01 8.127213120460510254e-01
2.783409357070922852e-01 8.127213120460510254e-01
2.783409357070922852e-01 8.127213120460510254e-01
2.783409357070922852e-01 8.127213120460510254e-01
2.783409357070922852e-01 8.127213120460510254e-01
2.783409357070922852e-01 8.127213120460510254e-01
2.783409357070922852e-01 8.127213120460510254e-01
2.783409357070922852e-01 8.127213120460510254e-01
2.783409357070922852e-01 8.127213120460510254e-01
2.783409357070922852e-01 8.127213120460510254e-01
2.783409357070922852e-01 8.127213120460510254e-01
2.783409357070922852e-01 8.127213120460510254e-01
2.783409357070922852e-01 8.127213120460510254e-01
2.783409357070922852e-01 8.127213120460510254e-01
2.783409357070922852e-01 8.127213120460510254e-01
2.783409357070922852e-01 8.127213120460510254e-01
2.783409357070922852e-01 8.127213120460510254e-01
2.783409357070922852e-01 8.127213120460510254e-01
2.783409357070922852e-01 8.127213120460510254e-01
2.783409357070922852e-01 8.127213120460510254e-01
2.783409357070922852e-01 8.127213120460510254e-01
2.783409357070922852e-01 8.127213120460510254e-01
2.783409357070922852e-01 8.127213120460510254e-01
2.783409357070922852e-01 8.127213120460510254e-01
2.783409357070922852e-01 8.127213120460510254e-01
2.783409357070922852e-01 8.127213120460510254e-01
2.783409357070922852e-01 8.127213120460510254e-01
2.783409357070922852e-01 8.127213120460510254e-01
2.783409357070922852e-01 8.127213120460510254e-01
2.783409357070922852e-01 8.127213120460510254e-01
2.783409357070922852e-01 8.127213120460510254e-01
2.783409357070922852e-01 8.127213120460510254e-01
2.783409357070922852e-01 8.127213120460510254e-01
2.783409357070922852e-01 8.127213120460510254e-01
2.783409357070922852e-01 8.127213120460510254e-01
2.783409357070922852e-01 8.127213120460510254e-01
2.783409357070922852e-01 8.127213120460510254e-01
2.783409357070922852e-01 8.127213120460510254e-01
2.783409357070922852e-01 8.127213120460510254e-01
2.783409357070922852e-01 8.127213120460510254e-01
2.783409357070922852e-01 8.127213120460510254e-01
2.783409357070922852e-01 8.127213120460510254e-01
2.783409357070922852e-01 8.127213120460510254e-01
2.783409357070922852e-01 8.127213716506958008e-01
2.783409357070922852e-01 8.127213716506958008e-01
2.783409357070922852e-01 8.127213716506958008e-01
2.783409357070922852e-01 8.127213716506958008e-01
2.783409357070922852e-01 8.127213716506958008e-01
2.783409059047698975e-01 8.127213716506958008e-01
2.783408761024475098e-01 8.127213716506958008e-01
2.783408463001251221e-01 8.127213716506958008e-01
2.783408164978027344e-01 8.127213716506958008e-01
2.783408164978027344e-01 8.127213716506958008e-01
2.783408164978027344e-01 8.127213716506958008e-01
2.783408164978027344e-01 8.127213716506958008e-01
2.783408164978027344e-01 8.127213716506958008e-01
2.783408164978027344e-01 8.127213716506958008e-01
2.783408164978027344e-01 8.127213716506958008e-01
2.783408164978027344e-01 8.127213716506958008e-01
2.783408164978027344e-01 8.127213716506958008e-01
2.783408164978027344e-01 8.127213716506958008e-01
2.783408164978027344e-01 8.127213716506958008e-01
2.783408164978027344e-01 8.127213716506958008e-01
2.783408164978027344e-01 8.127213716506958008e-01
2.783408164978027344e-01 8.127213716506958008e-01
2.783408164978027344e-01 8.127213716506958008e-01
2.783408164978027344e-01 8.127214312553405762e-01
2.783408164978027344e-01 8.127214312553405762e-01
2.783408164978027344e-01 8.127214312553405762e-01
2.783408164978027344e-01 8.127214312553405762e-01
2.783408164978027344e-01 8.127214312553405762e-01
2.783408164978027344e-01 8.127214312553405762e-01
2.783408164978027344e-01 8.127214312553405762e-01
2.783408164978027344e-01 8.127214312553405762e-01
2.783408164978027344e-01 8.127214312553405762e-01
2.783407866954803467e-01 8.127214312553405762e-01
2.783407866954803467e-01 8.127214312553405762e-01
2.783407866954803467e-01 8.127214312553405762e-01
2.783407866954803467e-01 8.127214312553405762e-01
2.783407866954803467e-01 8.127214312553405762e-01
2.783407866954803467e-01 8.127214312553405762e-01
2.783407866954803467e-01 8.127214312553405762e-01
2.783407866954803467e-01 8.127214312553405762e-01
2.783407866954803467e-01 8.127214312553405762e-01
2.783407866954803467e-01 8.127214312553405762e-01
2.783407866954803467e-01 8.127214312553405762e-01
2.783407866954803467e-01 8.127214312553405762e-01
2.783407866954803467e-01 8.127214312553405762e-01
2.783407866954803467e-01 8.127214312553405762e-01
2.783407866954803467e-01 8.127214312553405762e-01
2.783407866954803467e-01 8.127214312553405762e-01
2.783407866954803467e-01 8.127214312553405762e-01
2.783407866954803467e-01 8.127214312553405762e-01
2.783407866954803467e-01 8.127214312553405762e-01
2.783407866954803467e-01 8.127214312553405762e-01
2.783407866954803467e-01 8.127214312553405762e-01
2.783407866954803467e-01 8.127214312553405762e-01
2.783407866954803467e-01 8.127214312553405762e-01
2.783407866954803467e-01 8.127214312553405762e-01
2.783407866954803467e-01 8.127214312553405762e-01
2.783407866954803467e-01 8.127214312553405762e-01
2.783407866954803467e-01 8.127214312553405762e-01
2.783407866954803467e-01 8.127214312553405762e-01
2.783407866954803467e-01 8.127214312553405762e-01
2.783407866954803467e-01 8.127214312553405762e-01
2.783407568931579590e-01 8.127214312553405762e-01
2.783407568931579590e-01 8.127214312553405762e-01
2.783407568931579590e-01 8.127214312553405762e-01
2.783407568931579590e-01 8.127214312553405762e-01
2.783407568931579590e-01 8.127214312553405762e-01
2.783407568931579590e-01 8.127214312553405762e-01
2.783407568931579590e-01 8.127214312553405762e-01
2.783407568931579590e-01 8.127214312553405762e-01
2.783407568931579590e-01 8.127214312553405762e-01
2.783407568931579590e-01 8.127214312553405762e-01
2.783407568931579590e-01 8.127214312553405762e-01
2.783407568931579590e-01 8.127214312553405762e-01
2.783407568931579590e-01 8.127214312553405762e-01
2.783407568931579590e-01 8.127214312553405762e-01
2.783407568931579590e-01 8.127214312553405762e-01
2.783407568931579590e-01 8.127214312553405762e-01
2.783407568931579590e-01 8.127214312553405762e-01
2.783407568931579590e-01 8.127214312553405762e-01
2.783407568931579590e-01 8.127214312553405762e-01
2.783407568931579590e-01 8.127214312553405762e-01
2.783407568931579590e-01 8.127214312553405762e-01
2.783407568931579590e-01 8.127214312553405762e-01
2.783407568931579590e-01 8.127214312553405762e-01
2.783407568931579590e-01 8.127214312553405762e-01
2.783407568931579590e-01 8.127214312553405762e-01
2.783407568931579590e-01 8.127214312553405762e-01
2.783407568931579590e-01 8.127214312553405762e-01
2.783407568931579590e-01 8.127214312553405762e-01
2.783407568931579590e-01 8.127214312553405762e-01
2.783407568931579590e-01 8.127214312553405762e-01
2.783407568931579590e-01 8.127214312553405762e-01
2.783407568931579590e-01 8.127214312553405762e-01
2.783407568931579590e-01 8.127214312553405762e-01
2.783407568931579590e-01 8.127214312553405762e-01
2.783407568931579590e-01 8.127214312553405762e-01
2.783407568931579590e-01 8.127214312553405762e-01
2.783407568931579590e-01 8.127214312553405762e-01
2.783407568931579590e-01 8.127214312553405762e-01
2.783407568931579590e-01 8.127214312553405762e-01
2.783407568931579590e-01 8.127214312553405762e-01
2.783407568931579590e-01 8.127214312553405762e-01
2.783407568931579590e-01 8.127214312553405762e-01
2.783407568931579590e-01 8.127214312553405762e-01
2.783407568931579590e-01 8.127214312553405762e-01
2.783407568931579590e-01 8.127214312553405762e-01
2.783407568931579590e-01 8.127214312553405762e-01
2.783407568931579590e-01 8.127214312553405762e-01
2.783407568931579590e-01 8.127214312553405762e-01
2.783407568931579590e-01 8.127214312553405762e-01
2.783407568931579590e-01 8.127214312553405762e-01
2.783407568931579590e-01 8.127214312553405762e-01
2.783407568931579590e-01 8.127214312553405762e-01
2.783407568931579590e-01 8.127214312553405762e-01
2.783407568931579590e-01 8.127214312553405762e-01
2.783407568931579590e-01 8.127214312553405762e-01
2.783407568931579590e-01 8.127214312553405762e-01
2.783407568931579590e-01 8.127214312553405762e-01
2.783407568931579590e-01 8.127214312553405762e-01
2.783407568931579590e-01 8.127214312553405762e-01
2.783407568931579590e-01 8.127214312553405762e-01
2.783407568931579590e-01 8.127214312553405762e-01
2.783407568931579590e-01 8.127214312553405762e-01
2.783407568931579590e-01 8.127214312553405762e-01
2.783407568931579590e-01 8.127214312553405762e-01
2.783407568931579590e-01 8.127214312553405762e-01
2.783407568931579590e-01 8.127214312553405762e-01
2.783407568931579590e-01 8.127214312553405762e-01
2.783407568931579590e-01 8.127214312553405762e-01
2.783407568931579590e-01 8.127214312553405762e-01
2.783407568931579590e-01 8.127214312553405762e-01
2.783407568931579590e-01 8.127214312553405762e-01
2.783407568931579590e-01 8.127214312553405762e-01
2.783407568931579590e-01 8.127214312553405762e-01
2.783407568931579590e-01 8.127214908599853516e-01
2.783407568931579590e-01 8.127214908599853516e-01
2.783407270908355713e-01 8.127214908599853516e-01
2.783406972885131836e-01 8.127214908599853516e-01
2.783406674861907959e-01 8.127214908599853516e-01
2.783406376838684082e-01 8.127214908599853516e-01
2.783406078815460205e-01 8.127214908599853516e-01
2.783406078815460205e-01 8.127214908599853516e-01
2.783406078815460205e-01 8.127214908599853516e-01
2.783406078815460205e-01 8.127214908599853516e-01
2.783406078815460205e-01 8.127214908599853516e-01
2.783406078815460205e-01 8.127215504646301270e-01
2.783406078815460205e-01 8.127215504646301270e-01
2.783406078815460205e-01 8.127215504646301270e-01
2.783406078815460205e-01 8.127215504646301270e-01
2.783406078815460205e-01 8.127215504646301270e-01
2.783406078815460205e-01 8.127215504646301270e-01
2.783406078815460205e-01 8.127215504646301270e-01
2.783406078815460205e-01 8.127215504646301270e-01
2.783406078815460205e-01 8.127215504646301270e-01
2.783405780792236328e-01 8.127215504646301270e-01
2.783405482769012451e-01 8.127215504646301270e-01
2.783405482769012451e-01 8.127215504646301270e-01
2.783405482769012451e-01 8.127215504646301270e-01
2.783405482769012451e-01 8.127215504646301270e-01
2.783405482769012451e-01 8.127215504646301270e-01
2.783405482769012451e-01 8.127215504646301270e-01
2.783405482769012451e-01 8.127215504646301270e-01
2.783405482769012451e-01 8.127215504646301270e-01
2.783405482769012451e-01 8.127215504646301270e-01
2.783405482769012451e-01 8.127215504646301270e-01
2.783405482769012451e-01 8.127215504646301270e-01
2.783405482769012451e-01 8.127215504646301270e-01
2.783405482769012451e-01 8.127215504646301270e-01
2.783405482769012451e-01 8.127215504646301270e-01
2.783405482769012451e-01 8.127215504646301270e-01
2.783405482769012451e-01 8.127215504646301270e-01
2.783405482769012451e-01 8.127215504646301270e-01
2.783405482769012451e-01 8.127215504646301270e-01
2.783405482769012451e-01 8.127215504646301270e-01
2.783405482769012451e-01 8.127215504646301270e-01
2.783405482769012451e-01 8.127215504646301270e-01
2.783405482769012451e-01 8.127215504646301270e-01
2.783405482769012451e-01 8.127215504646301270e-01
2.783405482769012451e-01 8.127215504646301270e-01
2.783405482769012451e-01 8.127215504646301270e-01
2.783405482769012451e-01 8.127215504646301270e-01
2.783405482769012451e-01 8.127215504646301270e-01
2.783405482769012451e-01 8.127215504646301270e-01
2.783405482769012451e-01 8.127215504646301270e-01
2.783405482769012451e-01 8.127215504646301270e-01
2.783405482769012451e-01 8.127215504646301270e-01
2.783405482769012451e-01 8.127215504646301270e-01
2.783405482769012451e-01 8.127215504646301270e-01
2.783405482769012451e-01 8.127215504646301270e-01
2.783405482769012451e-01 8.127215504646301270e-01
2.783405482769012451e-01 8.127215504646301270e-01
2.783405482769012451e-01 8.127216100692749023e-01
2.783405482769012451e-01 8.127216100692749023e-01
2.783405482769012451e-01 8.127216100692749023e-01
2.783405482769012451e-01 8.127216100692749023e-01
2.783405482769012451e-01 8.127216100692749023e-01
2.783405184745788574e-01 8.127216100692749023e-01
2.783404886722564697e-01 8.127216100692749023e-01
2.783404588699340820e-01 8.127216100692749023e-01
2.783404290676116943e-01 8.127216100692749023e-01
2.783404290676116943e-01 8.127216100692749023e-01
2.783404290676116943e-01 8.127216100692749023e-01
2.783404290676116943e-01 8.127216100692749023e-01
2.783404290676116943e-01 8.127216100692749023e-01
2.783404290676116943e-01 8.127216100692749023e-01
2.783404290676116943e-01 8.127216100692749023e-01
2.783404290676116943e-01 8.127216100692749023e-01
2.783404290676116943e-01 8.127216100692749023e-01
2.783404290676116943e-01 8.127216100692749023e-01
2.783404290676116943e-01 8.127216100692749023e-01
2.783404290676116943e-01 8.127216100692749023e-01
2.783404290676116943e-01 8.127216100692749023e-01
2.783404290676116943e-01 8.127216696739196777e-01
2.783404290676116943e-01 8.127216696739196777e-01
2.783404290676116943e-01 8.127216696739196777e-01
2.783404290676116943e-01 8.127216696739196777e-01
2.783404290676116943e-01 8.127216696739196777e-01
2.783404290676116943e-01 8.127216696739196777e-01
2.783404290676116943e-01 8.127216696739196777e-01
2.783404290676116943e-01 8.127216696739196777e-01
2.783404290676116943e-01 8.127216696739196777e-01
2.783404290676116943e-01 8.127216696739196777e-01
2.783403992652893066e-01 8.127216696739196777e-01
2.783403694629669189e-01 8.127216696739196777e-01
2.783403694629669189e-01 8.127216696739196777e-01
2.783403694629669189e-01 8.127216696739196777e-01
2.783403694629669189e-01 8.127216696739196777e-01
2.783403694629669189e-01 8.127216696739196777e-01
2.783403694629669189e-01 8.127216696739196777e-01
2.783403694629669189e-01 8.127216696739196777e-01
2.783403694629669189e-01 8.127216696739196777e-01
2.783403694629669189e-01 8.127216696739196777e-01
2.783403694629669189e-01 8.127216696739196777e-01
2.783403694629669189e-01 8.127216696739196777e-01
2.783403694629669189e-01 8.127216696739196777e-01
2.783403694629669189e-01 8.127216696739196777e-01
2.783403694629669189e-01 8.127216696739196777e-01
2.783403694629669189e-01 8.127216696739196777e-01
2.783403694629669189e-01 8.127216696739196777e-01
2.783403694629669189e-01 8.127216696739196777e-01
2.783403694629669189e-01 8.127216696739196777e-01
2.783403694629669189e-01 8.127216696739196777e-01
2.783403694629669189e-01 8.127216696739196777e-01
2.783403694629669189e-01 8.127216696739196777e-01
2.783403694629669189e-01 8.127216696739196777e-01
2.783403694629669189e-01 8.127216696739196777e-01
2.783403694629669189e-01 8.127216696739196777e-01
2.783403694629669189e-01 8.127216696739196777e-01
2.783403694629669189e-01 8.127216696739196777e-01
2.783403694629669189e-01 8.127216696739196777e-01
2.783403694629669189e-01 8.127216696739196777e-01
2.783403694629669189e-01 8.127216696739196777e-01
2.783403694629669189e-01 8.127216696739196777e-01
2.783403694629669189e-01 8.127216696739196777e-01
2.783403694629669189e-01 8.127216696739196777e-01
2.783403694629669189e-01 8.127216696739196777e-01
2.783403694629669189e-01 8.127216696739196777e-01
2.783403694629669189e-01 8.127216696739196777e-01
2.783403694629669189e-01 8.127216696739196777e-01
2.783403694629669189e-01 8.127216696739196777e-01
2.783403694629669189e-01 8.127216696739196777e-01
2.783403694629669189e-01 8.127216696739196777e-01
2.783403694629669189e-01 8.127216696739196777e-01
2.783403694629669189e-01 8.127216696739196777e-01
2.783403694629669189e-01 8.127216696739196777e-01
2.783403694629669189e-01 8.127216696739196777e-01
2.783403694629669189e-01 8.127216696739196777e-01
2.783403694629669189e-01 8.127216696739196777e-01
2.783403694629669189e-01 8.127216696739196777e-01
2.783403694629669189e-01 8.127216696739196777e-01
2.783403694629669189e-01 8.127216696739196777e-01
2.783403694629669189e-01 8.127216696739196777e-01
2.783403694629669189e-01 8.127216696739196777e-01
2.783403694629669189e-01 8.127216696739196777e-01
2.783403694629669189e-01 8.127216696739196777e-01
2.783403694629669189e-01 8.127216696739196777e-01
2.783403694629669189e-01 8.127216696739196777e-01
2.783403694629669189e-01 8.127216696739196777e-01
2.783403694629669189e-01 8.127216696739196777e-01
2.783403694629669189e-01 8.127216696739196777e-01
2.783403694629669189e-01 8.127216696739196777e-01
2.783403694629669189e-01 8.127216696739196777e-01
2.783403694629669189e-01 8.127216696739196777e-01
2.783403694629669189e-01 8.127216696739196777e-01
2.783403694629669189e-01 8.127216696739196777e-01
2.783403694629669189e-01 8.127216696739196777e-01
2.783403694629669189e-01 8.127216696739196777e-01
2.783403694629669189e-01 8.127216696739196777e-01
2.783403694629669189e-01 8.127216696739196777e-01
2.783403694629669189e-01 8.127216696739196777e-01
2.783403694629669189e-01 8.127216696739196777e-01
2.783403694629669189e-01 8.127216696739196777e-01
2.783403694629669189e-01 8.127216696739196777e-01
2.783403694629669189e-01 8.127216696739196777e-01
2.783403694629669189e-01 8.127216696739196777e-01
2.783403694629669189e-01 8.127216696739196777e-01
2.783403694629669189e-01 8.127216696739196777e-01
2.783403694629669189e-01 8.127216696739196777e-01
2.783403694629669189e-01 8.127216696739196777e-01
2.783403694629669189e-01 8.127216696739196777e-01
2.783403694629669189e-01 8.127216696739196777e-01
2.783403694629669189e-01 8.127216696739196777e-01
2.783403694629669189e-01 8.127216696739196777e-01
2.783403694629669189e-01 8.127216696739196777e-01
2.783403694629669189e-01 8.127216696739196777e-01
2.783403694629669189e-01 8.127216696739196777e-01
2.783403694629669189e-01 8.127216696739196777e-01
2.783403694629669189e-01 8.127216696739196777e-01
2.783403694629669189e-01 8.127216696739196777e-01
2.783403694629669189e-01 8.127216696739196777e-01
2.783403694629669189e-01 8.127216696739196777e-01
2.783403694629669189e-01 8.127216696739196777e-01
2.783403694629669189e-01 8.127216696739196777e-01
2.783403694629669189e-01 8.127216696739196777e-01
2.783403694629669189e-01 8.127216696739196777e-01
2.783403694629669189e-01 8.127216696739196777e-01
2.783403694629669189e-01 8.127216696739196777e-01
2.783403694629669189e-01 8.127216696739196777e-01
2.783403694629669189e-01 8.127216696739196777e-01
2.783403694629669189e-01 8.127216696739196777e-01
2.783403694629669189e-01 8.127216696739196777e-01
2.783403694629669189e-01 8.127216696739196777e-01
2.783403694629669189e-01 8.127217292785644531e-01
2.783403694629669189e-01 8.127217292785644531e-01
2.783403396606445312e-01 8.127217292785644531e-01
2.783403098583221436e-01 8.127217292785644531e-01
2.783402800559997559e-01 8.127217292785644531e-01
2.783402502536773682e-01 8.127217292785644531e-01
2.783402502536773682e-01 8.127217292785644531e-01
2.783402502536773682e-01 8.127217292785644531e-01
2.783402502536773682e-01 8.127217292785644531e-01
2.783402502536773682e-01 8.127217292785644531e-01
2.783402502536773682e-01 8.127217292785644531e-01
2.783402502536773682e-01 8.127217292785644531e-01
2.783402502536773682e-01 8.127217292785644531e-01
2.783402502536773682e-01 8.127217292785644531e-01
2.783402502536773682e-01 8.127217292785644531e-01
2.783402502536773682e-01 8.127217292785644531e-01
2.783402502536773682e-01 8.127217292785644531e-01
2.783402502536773682e-01 8.127217292785644531e-01
2.783402502536773682e-01 8.127217292785644531e-01
2.783402502536773682e-01 8.127217888832092285e-01
2.783402502536773682e-01 8.127217888832092285e-01
2.783402502536773682e-01 8.127217888832092285e-01
2.783402502536773682e-01 8.127217888832092285e-01
2.783402502536773682e-01 8.127217888832092285e-01
2.783402502536773682e-01 8.127217888832092285e-01
2.783402204513549805e-01 8.127217888832092285e-01
2.783401906490325928e-01 8.127217888832092285e-01
2.783401608467102051e-01 8.127217888832092285e-01
2.783401608467102051e-01 8.127217888832092285e-01
2.783401608467102051e-01 8.127217888832092285e-01
2.783401608467102051e-01 8.127217888832092285e-01
2.783401608467102051e-01 8.127217888832092285e-01
2.783401608467102051e-01 8.127217888832092285e-01
2.783401608467102051e-01 8.127217888832092285e-01
2.783401608467102051e-01 8.127217888832092285e-01
2.783401608467102051e-01 8.127217888832092285e-01
2.783401608467102051e-01 8.127217888832092285e-01
2.783401608467102051e-01 8.127217888832092285e-01
2.783401608467102051e-01 8.127217888832092285e-01
2.783401608467102051e-01 8.127217888832092285e-01
2.783401608467102051e-01 8.127217888832092285e-01
2.783401608467102051e-01 8.127217888832092285e-01
2.783401608467102051e-01 8.127217888832092285e-01
2.783401608467102051e-01 8.127217888832092285e-01
2.783401608467102051e-01 8.127217888832092285e-01
2.783401608467102051e-01 8.127217888832092285e-01
2.783401608467102051e-01 8.127217888832092285e-01
2.783401608467102051e-01 8.127217888832092285e-01
2.783401608467102051e-01 8.127217888832092285e-01
2.783401608467102051e-01 8.127217888832092285e-01
2.783401608467102051e-01 8.127217888832092285e-01
2.783401608467102051e-01 8.127217888832092285e-01
2.783401608467102051e-01 8.127217888832092285e-01
2.783401608467102051e-01 8.127217888832092285e-01
2.783401608467102051e-01 8.127217888832092285e-01
2.783401608467102051e-01 8.127217888832092285e-01
2.783401608467102051e-01 8.127217888832092285e-01
2.783401608467102051e-01 8.127217888832092285e-01
2.783401608467102051e-01 8.127217888832092285e-01
2.783401608467102051e-01 8.127217888832092285e-01
2.783401608467102051e-01 8.127217888832092285e-01
2.783401608467102051e-01 8.127217888832092285e-01
2.783401608467102051e-01 8.127217888832092285e-01
2.783401608467102051e-01 8.127217888832092285e-01
2.783401608467102051e-01 8.127218484878540039e-01
2.783401608467102051e-01 8.127218484878540039e-01
2.783401608467102051e-01 8.127218484878540039e-01
2.783401608467102051e-01 8.127218484878540039e-01
2.783401608467102051e-01 8.127218484878540039e-01
2.783401608467102051e-01 8.127218484878540039e-01
2.783401310443878174e-01 8.127218484878540039e-01
2.783401012420654297e-01 8.127218484878540039e-01
2.783400714397430420e-01 8.127218484878540039e-01
2.783400714397430420e-01 8.127218484878540039e-01
2.783400714397430420e-01 8.127218484878540039e-01
2.783400714397430420e-01 8.127218484878540039e-01
2.783400714397430420e-01 8.127218484878540039e-01
2.783400714397430420e-01 8.127218484878540039e-01
2.783400714397430420e-01 8.127218484878540039e-01
2.783400714397430420e-01 8.127218484878540039e-01
2.783400714397430420e-01 8.127218484878540039e-01
2.783400714397430420e-01 8.127218484878540039e-01
2.783400714397430420e-01 8.127218484878540039e-01
2.783400714397430420e-01 8.127218484878540039e-01
2.783400714397430420e-01 8.127218484878540039e-01
2.783400714397430420e-01 8.127218484878540039e-01
2.783400714397430420e-01 8.127218484878540039e-01
2.783400714397430420e-01 8.127218484878540039e-01
2.783400714397430420e-01 8.127218484878540039e-01
2.783400714397430420e-01 8.127218484878540039e-01
2.783400714397430420e-01 8.127218484878540039e-01
2.783400714397430420e-01 8.127218484878540039e-01
2.783400714397430420e-01 8.127218484878540039e-01
2.783400714397430420e-01 8.127218484878540039e-01
2.783400714397430420e-01 8.127218484878540039e-01
2.783400714397430420e-01 8.127218484878540039e-01
2.783400714397430420e-01 8.127218484878540039e-01
2.783400714397430420e-01 8.127218484878540039e-01
2.783400714397430420e-01 8.127218484878540039e-01
2.783400714397430420e-01 8.127218484878540039e-01
2.783400714397430420e-01 8.127218484878540039e-01
2.783400714397430420e-01 8.127218484878540039e-01
2.783400714397430420e-01 8.127218484878540039e-01
2.783400714397430420e-01 8.127218484878540039e-01
2.783400714397430420e-01 8.127218484878540039e-01
2.783400714397430420e-01 8.127218484878540039e-01
2.783400714397430420e-01 8.127218484878540039e-01
2.783400714397430420e-01 8.127218484878540039e-01
2.783400714397430420e-01 8.127218484878540039e-01
2.783400714397430420e-01 8.127218484878540039e-01
2.783400714397430420e-01 8.127218484878540039e-01
2.783400714397430420e-01 8.127218484878540039e-01
2.783400714397430420e-01 8.127218484878540039e-01
2.783400714397430420e-01 8.127218484878540039e-01
2.783400714397430420e-01 8.127218484878540039e-01
2.783400714397430420e-01 8.127218484878540039e-01
2.783400714397430420e-01 8.127218484878540039e-01
2.783400714397430420e-01 8.127218484878540039e-01
2.783400714397430420e-01 8.127218484878540039e-01
2.783400714397430420e-01 8.127218484878540039e-01
2.783400714397430420e-01 8.127218484878540039e-01
2.783400714397430420e-01 8.127218484878540039e-01
2.783400714397430420e-01 8.127218484878540039e-01
2.783400714397430420e-01 8.127218484878540039e-01
2.783400714397430420e-01 8.127218484878540039e-01
2.783400714397430420e-01 8.127218484878540039e-01
2.783400714397430420e-01 8.127218484878540039e-01
2.783400714397430420e-01 8.127218484878540039e-01
2.783400714397430420e-01 8.127218484878540039e-01
2.783400714397430420e-01 8.127218484878540039e-01
2.783400714397430420e-01 8.127218484878540039e-01
2.783400714397430420e-01 8.127218484878540039e-01
2.783400714397430420e-01 8.127218484878540039e-01
2.783400714397430420e-01 8.127218484878540039e-01
2.783400714397430420e-01 8.127218484878540039e-01
2.783400714397430420e-01 8.127218484878540039e-01
2.783400714397430420e-01 8.127218484878540039e-01
2.783400714397430420e-01 8.127218484878540039e-01
2.783400714397430420e-01 8.127218484878540039e-01
2.783400714397430420e-01 8.127218484878540039e-01
2.783400714397430420e-01 8.127218484878540039e-01
2.783400714397430420e-01 8.127218484878540039e-01
2.783400714397430420e-01 8.127219080924987793e-01
2.783400714397430420e-01 8.127219080924987793e-01
2.783400714397430420e-01 8.127219080924987793e-01
2.783400714397430420e-01 8.127219080924987793e-01
2.783400416374206543e-01 8.127219080924987793e-01
2.783400118350982666e-01 8.127219080924987793e-01
2.783399820327758789e-01 8.127219080924987793e-01
2.783399522304534912e-01 8.127219080924987793e-01
2.783399522304534912e-01 8.127219080924987793e-01
2.783399522304534912e-01 8.127219080924987793e-01
2.783399522304534912e-01 8.127219080924987793e-01
2.783399522304534912e-01 8.127219080924987793e-01
2.783399522304534912e-01 8.127219080924987793e-01
2.783399522304534912e-01 8.127219080924987793e-01
2.783399522304534912e-01 8.127219080924987793e-01
2.783399522304534912e-01 8.127219080924987793e-01
2.783399522304534912e-01 8.127219080924987793e-01
2.783399522304534912e-01 8.127219080924987793e-01
2.783399522304534912e-01 8.127219080924987793e-01
2.783399522304534912e-01 8.127219080924987793e-01
2.783399522304534912e-01 8.127219080924987793e-01
2.783399522304534912e-01 8.127219080924987793e-01
2.783399522304534912e-01 8.127219080924987793e-01
2.783399522304534912e-01 8.127219676971435547e-01
2.783399522304534912e-01 8.127219676971435547e-01
2.783399522304534912e-01 8.127219676971435547e-01
2.783399522304534912e-01 8.127219676971435547e-01
2.783399522304534912e-01 8.127219676971435547e-01
2.783399522304534912e-01 8.127219676971435547e-01
2.783399522304534912e-01 8.127219676971435547e-01
2.783399522304534912e-01 8.127219676971435547e-01
2.783399522304534912e-01 8.127219676971435547e-01
2.783399224281311035e-01 8.127219676971435547e-01
2.783398926258087158e-01 8.127219676971435547e-01
2.783398926258087158e-01 8.127219676971435547e-01
2.783398926258087158e-01 8.127219676971435547e-01
2.783398926258087158e-01 8.127219676971435547e-01
2.783398926258087158e-01 8.127219676971435547e-01
2.783398926258087158e-01 8.127219676971435547e-01
2.783398926258087158e-01 8.127219676971435547e-01
2.783398926258087158e-01 8.127219676971435547e-01
2.783398926258087158e-01 8.127219676971435547e-01
2.783398926258087158e-01 8.127219676971435547e-01
2.783398926258087158e-01 8.127219676971435547e-01
2.783398926258087158e-01 8.127219676971435547e-01
2.783398926258087158e-01 8.127219676971435547e-01
2.783398926258087158e-01 8.127219676971435547e-01
2.783398926258087158e-01 8.127219676971435547e-01
2.783398926258087158e-01 8.127219676971435547e-01
2.783398926258087158e-01 8.127219676971435547e-01
2.783398926258087158e-01 8.127219676971435547e-01
2.783398926258087158e-01 8.127219676971435547e-01
2.783398926258087158e-01 8.127219676971435547e-01
2.783398926258087158e-01 8.127219676971435547e-01
2.783398926258087158e-01 8.127219676971435547e-01
2.783398926258087158e-01 8.127219676971435547e-01
2.783398926258087158e-01 8.127219676971435547e-01
2.783398926258087158e-01 8.127219676971435547e-01
2.783398926258087158e-01 8.127219676971435547e-01
2.783398926258087158e-01 8.127219676971435547e-01
2.783398926258087158e-01 8.127219676971435547e-01
2.783398926258087158e-01 8.127219676971435547e-01
2.783398926258087158e-01 8.127219676971435547e-01
2.783398926258087158e-01 8.127219676971435547e-01
2.783398926258087158e-01 8.127219676971435547e-01
2.783398926258087158e-01 8.127219676971435547e-01
2.783398926258087158e-01 8.127219676971435547e-01
2.783398926258087158e-01 8.127219676971435547e-01
2.783398926258087158e-01 8.127219676971435547e-01
2.783398926258087158e-01 8.127219676971435547e-01
2.783398926258087158e-01 8.127219676971435547e-01
2.783398926258087158e-01 8.127219676971435547e-01
2.783398926258087158e-01 8.127219676971435547e-01
2.783398926258087158e-01 8.127219676971435547e-01
2.783398926258087158e-01 8.127219676971435547e-01
2.783398926258087158e-01 8.127219676971435547e-01
2.783398926258087158e-01 8.127219676971435547e-01
2.783398926258087158e-01 8.127219676971435547e-01
2.783398926258087158e-01 8.127219676971435547e-01
2.783398926258087158e-01 8.127219676971435547e-01
2.783398926258087158e-01 8.127219676971435547e-01
2.783398926258087158e-01 8.127219676971435547e-01
2.783398926258087158e-01 8.127219676971435547e-01
2.783398926258087158e-01 8.127219676971435547e-01
2.783398926258087158e-01 8.127219676971435547e-01
2.783398926258087158e-01 8.127219676971435547e-01
2.783398926258087158e-01 8.127219676971435547e-01
2.783398926258087158e-01 8.127219676971435547e-01
2.783398926258087158e-01 8.127219676971435547e-01
2.783398926258087158e-01 8.127219676971435547e-01
2.783398926258087158e-01 8.127219676971435547e-01
2.783398926258087158e-01 8.127219676971435547e-01
2.783398926258087158e-01 8.127219676971435547e-01
2.783398926258087158e-01 8.127219676971435547e-01
2.783398926258087158e-01 8.127219676971435547e-01
2.783398926258087158e-01 8.127219676971435547e-01
2.783398926258087158e-01 8.127219676971435547e-01
2.783398926258087158e-01 8.127219676971435547e-01
2.783398926258087158e-01 8.127219676971435547e-01
2.783398926258087158e-01 8.127219676971435547e-01
2.783398926258087158e-01 8.127219676971435547e-01
2.783398926258087158e-01 8.127219676971435547e-01
2.783398926258087158e-01 8.127219676971435547e-01
2.783398926258087158e-01 8.127219676971435547e-01
2.783398926258087158e-01 8.127219676971435547e-01
2.783398926258087158e-01 8.127219676971435547e-01
2.783398926258087158e-01 8.127219676971435547e-01
2.783398926258087158e-01 8.127219676971435547e-01
2.783398926258087158e-01 8.127219676971435547e-01
2.783398926258087158e-01 8.127219676971435547e-01
2.783398926258087158e-01 8.127219676971435547e-01
2.783398926258087158e-01 8.127219676971435547e-01
2.783398926258087158e-01 8.127219676971435547e-01
2.783398926258087158e-01 8.127219676971435547e-01
2.783398926258087158e-01 8.127219676971435547e-01
2.783398926258087158e-01 8.127219676971435547e-01
2.783398926258087158e-01 8.127219676971435547e-01
2.783398926258087158e-01 8.127219676971435547e-01
2.783398926258087158e-01 8.127219676971435547e-01
2.783398926258087158e-01 8.127219676971435547e-01
2.783398926258087158e-01 8.127219676971435547e-01
2.783398926258087158e-01 8.127219676971435547e-01
2.783398926258087158e-01 8.127219676971435547e-01
2.783398926258087158e-01 8.127219676971435547e-01
2.783398926258087158e-01 8.127219676971435547e-01
2.783398926258087158e-01 8.127219676971435547e-01
2.783398926258087158e-01 8.127219676971435547e-01
2.783398926258087158e-01 8.127219676971435547e-01
2.783398926258087158e-01 8.127219676971435547e-01
2.783398926258087158e-01 8.127219676971435547e-01
2.783398926258087158e-01 8.127219676971435547e-01
2.783398926258087158e-01 8.127219676971435547e-01
2.783398926258087158e-01 8.127219676971435547e-01
2.783398926258087158e-01 8.127219676971435547e-01
2.783398926258087158e-01 8.127219676971435547e-01
2.783398926258087158e-01 8.127219676971435547e-01
2.783398926258087158e-01 8.127219676971435547e-01
2.783398926258087158e-01 8.127219676971435547e-01
2.783398926258087158e-01 8.127219676971435547e-01
2.783398926258087158e-01 8.127219676971435547e-01
2.783398926258087158e-01 8.127219676971435547e-01
2.783398926258087158e-01 8.127219676971435547e-01
2.783398926258087158e-01 8.127219676971435547e-01
2.783398926258087158e-01 8.127219676971435547e-01
2.783398926258087158e-01 8.127219676971435547e-01
2.783398926258087158e-01 8.127219676971435547e-01
2.783398926258087158e-01 8.127219676971435547e-01
2.783398926258087158e-01 8.127219676971435547e-01
2.783398926258087158e-01 8.127219676971435547e-01
2.783398926258087158e-01 8.127219676971435547e-01
2.783398926258087158e-01 8.127219676971435547e-01
2.783398926258087158e-01 8.127219676971435547e-01
2.783398926258087158e-01 8.127219676971435547e-01
2.783398926258087158e-01 8.127219676971435547e-01
2.783398926258087158e-01 8.127220273017883301e-01
2.783398926258087158e-01 8.127220273017883301e-01
2.783398628234863281e-01 8.127220273017883301e-01
2.783398330211639404e-01 8.127220273017883301e-01
2.783398032188415527e-01 8.127220273017883301e-01
2.783397734165191650e-01 8.127220273017883301e-01
2.783397436141967773e-01 8.127220273017883301e-01
2.783397436141967773e-01 8.127220273017883301e-01
2.783397436141967773e-01 8.127220273017883301e-01
2.783397436141967773e-01 8.127220273017883301e-01
2.783397436141967773e-01 8.127220273017883301e-01
2.783397436141967773e-01 8.127220869064331055e-01
2.783397436141967773e-01 8.127220869064331055e-01
2.783397436141967773e-01 8.127220869064331055e-01
2.783397436141967773e-01 8.127220869064331055e-01
2.783397436141967773e-01 8.127220869064331055e-01
2.783397436141967773e-01 8.127220869064331055e-01
2.783397436141967773e-01 8.127220869064331055e-01
2.783397436141967773e-01 8.127220869064331055e-01
2.783397138118743896e-01 8.127220869064331055e-01
2.783396840095520020e-01 8.127220869064331055e-01
2.783396840095520020e-01 8.127220869064331055e-01
2.783396840095520020e-01 8.127220869064331055e-01
2.783396840095520020e-01 8.127220869064331055e-01
2.783396840095520020e-01 8.127220869064331055e-01
2.783396840095520020e-01 8.127220869064331055e-01
2.783396840095520020e-01 8.127220869064331055e-01
2.783396840095520020e-01 8.127220869064331055e-01
2.783396840095520020e-01 8.127220869064331055e-01
2.783396840095520020e-01 8.127220869064331055e-01
2.783396840095520020e-01 8.127220869064331055e-01
2.783396840095520020e-01 8.127220869064331055e-01
2.783396840095520020e-01 8.127220869064331055e-01
2.783396840095520020e-01 8.127220869064331055e-01
2.783396840095520020e-01 8.127220869064331055e-01
2.783396840095520020e-01 8.127220869064331055e-01
2.783396840095520020e-01 8.127220869064331055e-01
2.783396840095520020e-01 8.127220869064331055e-01
2.783396840095520020e-01 8.127220869064331055e-01
2.783396840095520020e-01 8.127220869064331055e-01
2.783396840095520020e-01 8.127220869064331055e-01
2.783396840095520020e-01 8.127220869064331055e-01
2.783396840095520020e-01 8.127220869064331055e-01
2.783396840095520020e-01 8.127220869064331055e-01
2.783396840095520020e-01 8.127220869064331055e-01
2.783396840095520020e-01 8.127220869064331055e-01
2.783396840095520020e-01 8.127220869064331055e-01
2.783396840095520020e-01 8.127220869064331055e-01
2.783396840095520020e-01 8.127220869064331055e-01
2.783396840095520020e-01 8.127220869064331055e-01
2.783396840095520020e-01 8.127220869064331055e-01
2.783396840095520020e-01 8.127220869064331055e-01
2.783396840095520020e-01 8.127220869064331055e-01
2.783396840095520020e-01 8.127220869064331055e-01
2.783396840095520020e-01 8.127220869064331055e-01
2.783396840095520020e-01 8.127220869064331055e-01
2.783396840095520020e-01 8.127220869064331055e-01
2.783396840095520020e-01 8.127220869064331055e-01
2.783396840095520020e-01 8.127220869064331055e-01
2.783396840095520020e-01 8.127220869064331055e-01
2.783396840095520020e-01 8.127220869064331055e-01
2.783396840095520020e-01 8.127220869064331055e-01
2.783396840095520020e-01 8.127221465110778809e-01
2.783396840095520020e-01 8.127221465110778809e-01
2.783396840095520020e-01 8.127221465110778809e-01
2.783396840095520020e-01 8.127221465110778809e-01
2.783396840095520020e-01 8.127221465110778809e-01
2.783396542072296143e-01 8.127221465110778809e-01
2.783396244049072266e-01 8.127221465110778809e-01
2.783395946025848389e-01 8.127221465110778809e-01
2.783395946025848389e-01 8.127221465110778809e-01
2.783395946025848389e-01 8.127221465110778809e-01
2.783395946025848389e-01 8.127221465110778809e-01
2.783395946025848389e-01 8.127221465110778809e-01
2.783395946025848389e-01 8.127221465110778809e-01
2.783395946025848389e-01 8.127221465110778809e-01
2.783395946025848389e-01 8.127221465110778809e-01
2.783395946025848389e-01 8.127221465110778809e-01
2.783395946025848389e-01 8.127221465110778809e-01
2.783395946025848389e-01 8.127221465110778809e-01
2.783395946025848389e-01 8.127221465110778809e-01
2.783395946025848389e-01 8.127221465110778809e-01
2.783395946025848389e-01 8.127221465110778809e-01
2.783395946025848389e-01 8.127221465110778809e-01
2.783395946025848389e-01 8.127221465110778809e-01
2.783395946025848389e-01 8.127221465110778809e-01
2.783395946025848389e-01 8.127221465110778809e-01
2.783395946025848389e-01 8.127221465110778809e-01
2.783395946025848389e-01 8.127221465110778809e-01
2.783395946025848389e-01 8.127221465110778809e-01
2.783395946025848389e-01 8.127221465110778809e-01
2.783395946025848389e-01 8.127221465110778809e-01
2.783395946025848389e-01 8.127221465110778809e-01
2.783395946025848389e-01 8.127221465110778809e-01
2.783395946025848389e-01 8.127221465110778809e-01
2.783395946025848389e-01 8.127221465110778809e-01
2.783395946025848389e-01 8.127221465110778809e-01
2.783395946025848389e-01 8.127221465110778809e-01
2.783395946025848389e-01 8.127221465110778809e-01
2.783395946025848389e-01 8.127221465110778809e-01
2.783395946025848389e-01 8.127221465110778809e-01
2.783395946025848389e-01 8.127221465110778809e-01
2.783395946025848389e-01 8.127221465110778809e-01
2.783395946025848389e-01 8.127221465110778809e-01
2.783395946025848389e-01 8.127221465110778809e-01
2.783395946025848389e-01 8.127221465110778809e-01
2.783395946025848389e-01 8.127221465110778809e-01
2.783395946025848389e-01 8.127221465110778809e-01
2.783395946025848389e-01 8.127221465110778809e-01
2.783395946025848389e-01 8.127221465110778809e-01
2.783395946025848389e-01 8.127221465110778809e-01
2.783395946025848389e-01 8.127221465110778809e-01
2.783395946025848389e-01 8.127221465110778809e-01
2.783395946025848389e-01 8.127221465110778809e-01
2.783395946025848389e-01 8.127221465110778809e-01
2.783395946025848389e-01 8.127221465110778809e-01
2.783395946025848389e-01 8.127221465110778809e-01
2.783395946025848389e-01 8.127221465110778809e-01
2.783395946025848389e-01 8.127221465110778809e-01
2.783395946025848389e-01 8.127221465110778809e-01
2.783395946025848389e-01 8.127221465110778809e-01
2.783395946025848389e-01 8.127221465110778809e-01
2.783395946025848389e-01 8.127221465110778809e-01
2.783395946025848389e-01 8.127221465110778809e-01
2.783395946025848389e-01 8.127221465110778809e-01
2.783395946025848389e-01 8.127221465110778809e-01
2.783395946025848389e-01 8.127221465110778809e-01
2.783395946025848389e-01 8.127221465110778809e-01
2.783395946025848389e-01 8.127221465110778809e-01
2.783395946025848389e-01 8.127221465110778809e-01
2.783395946025848389e-01 8.127221465110778809e-01
2.783395946025848389e-01 8.127221465110778809e-01
2.783395946025848389e-01 8.127221465110778809e-01
2.783395946025848389e-01 8.127221465110778809e-01
2.783395946025848389e-01 8.127221465110778809e-01
2.783395946025848389e-01 8.127221465110778809e-01
2.783395946025848389e-01 8.127221465110778809e-01
2.783395946025848389e-01 8.127221465110778809e-01
2.783395946025848389e-01 8.127221465110778809e-01
2.783395946025848389e-01 8.127221465110778809e-01
2.783395946025848389e-01 8.127221465110778809e-01
2.783395946025848389e-01 8.127221465110778809e-01
2.783395946025848389e-01 8.127221465110778809e-01
2.783395946025848389e-01 8.127221465110778809e-01
2.783395946025848389e-01 8.127221465110778809e-01
2.783395946025848389e-01 8.127221465110778809e-01
2.783395946025848389e-01 8.127221465110778809e-01
2.783395946025848389e-01 8.127221465110778809e-01
2.783395946025848389e-01 8.127221465110778809e-01
2.783395946025848389e-01 8.127221465110778809e-01
2.783395946025848389e-01 8.127221465110778809e-01
2.783395946025848389e-01 8.127221465110778809e-01
2.783395946025848389e-01 8.127221465110778809e-01
2.783395946025848389e-01 8.127222061157226562e-01
2.783395946025848389e-01 8.127222061157226562e-01
2.783395946025848389e-01 8.127222061157226562e-01
2.783395946025848389e-01 8.127222061157226562e-01
2.783395648002624512e-01 8.127222061157226562e-01
2.783395349979400635e-01 8.127222061157226562e-01
2.783395051956176758e-01 8.127222061157226562e-01
2.783394753932952881e-01 8.127222061157226562e-01
2.783394753932952881e-01 8.127222061157226562e-01
2.783394753932952881e-01 8.127222061157226562e-01
2.783394753932952881e-01 8.127222061157226562e-01
2.783394753932952881e-01 8.127222061157226562e-01
2.783394753932952881e-01 8.127222061157226562e-01
2.783394753932952881e-01 8.127222061157226562e-01
2.783394753932952881e-01 8.127222061157226562e-01
2.783394753932952881e-01 8.127222061157226562e-01
2.783394753932952881e-01 8.127222061157226562e-01
2.783394753932952881e-01 8.127222061157226562e-01
2.783394753932952881e-01 8.127222061157226562e-01
2.783394753932952881e-01 8.127222061157226562e-01
2.783394753932952881e-01 8.127222061157226562e-01
2.783394753932952881e-01 8.127222061157226562e-01
2.783394753932952881e-01 8.127222061157226562e-01
2.783394753932952881e-01 8.127222061157226562e-01
2.783394753932952881e-01 8.127222061157226562e-01
2.783394753932952881e-01 8.127222061157226562e-01
2.783394753932952881e-01 8.127222061157226562e-01
2.783394753932952881e-01 8.127222061157226562e-01
2.783394753932952881e-01 8.127222657203674316e-01
2.783394753932952881e-01 8.127222657203674316e-01
2.783394753932952881e-01 8.127222657203674316e-01
2.783394753932952881e-01 8.127222657203674316e-01
2.783394753932952881e-01 8.127222657203674316e-01
2.783394753932952881e-01 8.127222657203674316e-01
2.783394753932952881e-01 8.127222657203674316e-01
2.783394753932952881e-01 8.127222657203674316e-01
2.783394455909729004e-01 8.127222657203674316e-01
2.783394157886505127e-01 8.127222657203674316e-01
2.783393859863281250e-01 8.127222657203674316e-01
2.783393859863281250e-01 8.127222657203674316e-01
2.783393859863281250e-01 8.127222657203674316e-01
2.783393859863281250e-01 8.127222657203674316e-01
2.783393859863281250e-01 8.127222657203674316e-01
2.783393859863281250e-01 8.127222657203674316e-01
2.783393859863281250e-01 8.127222657203674316e-01
2.783393859863281250e-01 8.127222657203674316e-01
2.783393859863281250e-01 8.127222657203674316e-01
2.783393859863281250e-01 8.127222657203674316e-01
2.783393859863281250e-01 8.127222657203674316e-01
2.783393859863281250e-01 8.127222657203674316e-01
2.783393859863281250e-01 8.127222657203674316e-01
2.783393859863281250e-01 8.127222657203674316e-01
2.783393859863281250e-01 8.127222657203674316e-01
2.783393859863281250e-01 8.127222657203674316e-01
2.783393859863281250e-01 8.127222657203674316e-01
2.783393859863281250e-01 8.127222657203674316e-01
2.783393859863281250e-01 8.127222657203674316e-01
2.783393859863281250e-01 8.127222657203674316e-01
2.783393859863281250e-01 8.127222657203674316e-01
2.783393859863281250e-01 8.127222657203674316e-01
2.783393859863281250e-01 8.127222657203674316e-01
2.783393859863281250e-01 8.127222657203674316e-01
2.783393859863281250e-01 8.127222657203674316e-01
2.783393859863281250e-01 8.127222657203674316e-01
2.783393859863281250e-01 8.127222657203674316e-01
2.783393859863281250e-01 8.127222657203674316e-01
2.783393859863281250e-01 8.127222657203674316e-01
2.783393859863281250e-01 8.127222657203674316e-01
2.783393859863281250e-01 8.127222657203674316e-01
2.783393859863281250e-01 8.127222657203674316e-01
2.783393859863281250e-01 8.127222657203674316e-01
2.783393859863281250e-01 8.127222657203674316e-01
2.783393859863281250e-01 8.127222657203674316e-01
2.783393859863281250e-01 8.127222657203674316e-01
2.783393859863281250e-01 8.127222657203674316e-01
2.783393859863281250e-01 8.127222657203674316e-01
2.783393859863281250e-01 8.127222657203674316e-01
2.783393859863281250e-01 8.127222657203674316e-01
2.783393859863281250e-01 8.127222657203674316e-01
2.783393859863281250e-01 8.127222657203674316e-01
2.783393859863281250e-01 8.127222657203674316e-01
2.783393859863281250e-01 8.127222657203674316e-01
2.783393859863281250e-01 8.127222657203674316e-01
2.783393859863281250e-01 8.127222657203674316e-01
2.783393859863281250e-01 8.127222657203674316e-01
2.783393859863281250e-01 8.127222657203674316e-01
2.783393859863281250e-01 8.127222657203674316e-01
2.783393859863281250e-01 8.127222657203674316e-01
2.783393859863281250e-01 8.127222657203674316e-01
2.783393859863281250e-01 8.127222657203674316e-01
2.783393859863281250e-01 8.127222657203674316e-01
2.783393859863281250e-01 8.127222657203674316e-01
2.783393859863281250e-01 8.127222657203674316e-01
2.783393859863281250e-01 8.127222657203674316e-01
2.783393859863281250e-01 8.127222657203674316e-01
2.783393859863281250e-01 8.127222657203674316e-01
2.783393859863281250e-01 8.127222657203674316e-01
2.783393859863281250e-01 8.127222657203674316e-01
2.783393859863281250e-01 8.127222657203674316e-01
2.783393859863281250e-01 8.127222657203674316e-01
2.783393859863281250e-01 8.127222657203674316e-01
2.783393859863281250e-01 8.127222657203674316e-01
2.783393859863281250e-01 8.127223253250122070e-01
2.783393859863281250e-01 8.127223253250122070e-01
2.783393859863281250e-01 8.127223253250122070e-01
2.783393859863281250e-01 8.127223253250122070e-01
2.783393859863281250e-01 8.127223253250122070e-01
2.783393859863281250e-01 8.127223253250122070e-01
2.783393561840057373e-01 8.127223253250122070e-01
2.783393263816833496e-01 8.127223253250122070e-01
2.783392965793609619e-01 8.127223253250122070e-01
2.783392965793609619e-01 8.127223253250122070e-01
2.783392965793609619e-01 8.127223253250122070e-01
2.783392965793609619e-01 8.127223253250122070e-01
2.783392965793609619e-01 8.127223253250122070e-01
2.783392965793609619e-01 8.127223253250122070e-01
2.783392965793609619e-01 8.127223253250122070e-01
2.783392965793609619e-01 8.127223253250122070e-01
2.783392965793609619e-01 8.127223253250122070e-01
2.783392965793609619e-01 8.127223253250122070e-01
2.783392965793609619e-01 8.127223253250122070e-01
2.783392965793609619e-01 8.127223253250122070e-01
2.783392965793609619e-01 8.127223253250122070e-01
2.783392965793609619e-01 8.127223253250122070e-01
2.783392965793609619e-01 8.127223253250122070e-01
2.783392965793609619e-01 8.127223253250122070e-01
2.783392965793609619e-01 8.127223253250122070e-01
2.783392965793609619e-01 8.127223253250122070e-01
2.783392965793609619e-01 8.127223253250122070e-01
2.783392965793609619e-01 8.127223253250122070e-01
2.783392965793609619e-01 8.127223253250122070e-01
2.783392965793609619e-01 8.127223253250122070e-01
2.783392965793609619e-01 8.127223253250122070e-01
2.783392965793609619e-01 8.127223253250122070e-01
2.783392965793609619e-01 8.127223253250122070e-01
2.783392965793609619e-01 8.127223253250122070e-01
2.783392965793609619e-01 8.127223253250122070e-01
2.783392965793609619e-01 8.127223253250122070e-01
2.783392965793609619e-01 8.127223253250122070e-01
2.783392965793609619e-01 8.127223253250122070e-01
2.783392965793609619e-01 8.127223253250122070e-01
2.783392965793609619e-01 8.127223253250122070e-01
2.783392965793609619e-01 8.127223253250122070e-01
2.783392965793609619e-01 8.127223253250122070e-01
2.783392965793609619e-01 8.127223253250122070e-01
2.783392965793609619e-01 8.127223253250122070e-01
2.783392965793609619e-01 8.127223253250122070e-01
2.783392965793609619e-01 8.127223253250122070e-01
2.783392965793609619e-01 8.127223253250122070e-01
2.783392965793609619e-01 8.127223253250122070e-01
2.783392965793609619e-01 8.127223253250122070e-01
2.783392965793609619e-01 8.127223253250122070e-01
2.783392965793609619e-01 8.127223253250122070e-01
2.783392965793609619e-01 8.127223253250122070e-01
2.783392965793609619e-01 8.127223253250122070e-01
2.783392965793609619e-01 8.127223253250122070e-01
2.783392965793609619e-01 8.127223253250122070e-01
2.783392965793609619e-01 8.127223253250122070e-01
2.783392965793609619e-01 8.127223253250122070e-01
2.783392965793609619e-01 8.127223253250122070e-01
2.783392965793609619e-01 8.127223253250122070e-01
2.783392965793609619e-01 8.127223253250122070e-01
2.783392965793609619e-01 8.127223253250122070e-01
2.783392965793609619e-01 8.127223253250122070e-01
2.783392965793609619e-01 8.127223253250122070e-01
2.783392965793609619e-01 8.127223253250122070e-01
2.783392965793609619e-01 8.127223253250122070e-01
2.783392965793609619e-01 8.127223253250122070e-01
2.783392965793609619e-01 8.127223253250122070e-01
2.783392965793609619e-01 8.127223253250122070e-01
2.783392965793609619e-01 8.127223253250122070e-01
2.783392965793609619e-01 8.127223253250122070e-01
2.783392965793609619e-01 8.127223253250122070e-01
2.783392965793609619e-01 8.127223253250122070e-01
2.783392965793609619e-01 8.127223253250122070e-01
2.783392965793609619e-01 8.127223253250122070e-01
2.783392965793609619e-01 8.127223253250122070e-01
2.783392965793609619e-01 8.127223253250122070e-01
2.783392965793609619e-01 8.127223253250122070e-01
2.783392965793609619e-01 8.127223849296569824e-01
2.783392965793609619e-01 8.127223849296569824e-01
2.783392965793609619e-01 8.127223849296569824e-01
2.783392965793609619e-01 8.127223849296569824e-01
2.783392965793609619e-01 8.127223849296569824e-01
2.783392667770385742e-01 8.127223849296569824e-01
2.783392369747161865e-01 8.127223849296569824e-01
2.783392071723937988e-01 8.127223849296569824e-01
2.783392071723937988e-01 8.127223849296569824e-01
2.783392071723937988e-01 8.127223849296569824e-01
2.783392071723937988e-01 8.127223849296569824e-01
2.783392071723937988e-01 8.127223849296569824e-01
2.783392071723937988e-01 8.127223849296569824e-01
2.783392071723937988e-01 8.127223849296569824e-01
2.783392071723937988e-01 8.127223849296569824e-01
2.783392071723937988e-01 8.127223849296569824e-01
2.783392071723937988e-01 8.127223849296569824e-01
2.783392071723937988e-01 8.127223849296569824e-01
2.783392071723937988e-01 8.127223849296569824e-01
2.783392071723937988e-01 8.127223849296569824e-01
2.783392071723937988e-01 8.127223849296569824e-01
2.783392071723937988e-01 8.127223849296569824e-01
2.783392071723937988e-01 8.127223849296569824e-01
2.783392071723937988e-01 8.127223849296569824e-01
2.783392071723937988e-01 8.127223849296569824e-01
2.783392071723937988e-01 8.127223849296569824e-01
2.783392071723937988e-01 8.127223849296569824e-01
2.783392071723937988e-01 8.127223849296569824e-01
2.783392071723937988e-01 8.127223849296569824e-01
2.783392071723937988e-01 8.127223849296569824e-01
2.783392071723937988e-01 8.127223849296569824e-01
2.783392071723937988e-01 8.127223849296569824e-01
2.783392071723937988e-01 8.127223849296569824e-01
2.783392071723937988e-01 8.127223849296569824e-01
2.783392071723937988e-01 8.127223849296569824e-01
2.783392071723937988e-01 8.127223849296569824e-01
2.783392071723937988e-01 8.127223849296569824e-01
2.783392071723937988e-01 8.127223849296569824e-01
2.783392071723937988e-01 8.127223849296569824e-01
2.783392071723937988e-01 8.127223849296569824e-01
2.783392071723937988e-01 8.127223849296569824e-01
2.783392071723937988e-01 8.127223849296569824e-01
2.783392071723937988e-01 8.127223849296569824e-01
2.783392071723937988e-01 8.127223849296569824e-01
2.783392071723937988e-01 8.127223849296569824e-01
2.783392071723937988e-01 8.127223849296569824e-01
2.783392071723937988e-01 8.127223849296569824e-01
2.783392071723937988e-01 8.127223849296569824e-01
2.783392071723937988e-01 8.127223849296569824e-01
2.783392071723937988e-01 8.127223849296569824e-01
2.783392071723937988e-01 8.127223849296569824e-01
2.783392071723937988e-01 8.127223849296569824e-01
2.783392071723937988e-01 8.127223849296569824e-01
2.783392071723937988e-01 8.127223849296569824e-01
2.783392071723937988e-01 8.127223849296569824e-01
2.783392071723937988e-01 8.127223849296569824e-01
2.783392071723937988e-01 8.127223849296569824e-01
2.783392071723937988e-01 8.127223849296569824e-01
2.783392071723937988e-01 8.127223849296569824e-01
2.783392071723937988e-01 8.127223849296569824e-01
2.783392071723937988e-01 8.127223849296569824e-01
2.783392071723937988e-01 8.127223849296569824e-01
2.783392071723937988e-01 8.127223849296569824e-01
2.783392071723937988e-01 8.127223849296569824e-01
2.783392071723937988e-01 8.127223849296569824e-01
2.783392071723937988e-01 8.127223849296569824e-01
2.783392071723937988e-01 8.127223849296569824e-01
2.783392071723937988e-01 8.127223849296569824e-01
2.783392071723937988e-01 8.127223849296569824e-01
2.783392071723937988e-01 8.127223849296569824e-01
2.783392071723937988e-01 8.127223849296569824e-01
2.783392071723937988e-01 8.127223849296569824e-01
2.783392071723937988e-01 8.127223849296569824e-01
2.783392071723937988e-01 8.127223849296569824e-01
2.783392071723937988e-01 8.127223849296569824e-01
2.783392071723937988e-01 8.127223849296569824e-01
2.783392071723937988e-01 8.127223849296569824e-01
2.783392071723937988e-01 8.127223849296569824e-01
2.783392071723937988e-01 8.127223849296569824e-01
2.783392071723937988e-01 8.127223849296569824e-01
2.783392071723937988e-01 8.127223849296569824e-01
2.783392071723937988e-01 8.127223849296569824e-01
2.783392071723937988e-01 8.127223849296569824e-01
2.783392071723937988e-01 8.127223849296569824e-01
2.783392071723937988e-01 8.127223849296569824e-01
2.783392071723937988e-01 8.127224445343017578e-01
2.783392071723937988e-01 8.127224445343017578e-01
2.783392071723937988e-01 8.127224445343017578e-01
2.783392071723937988e-01 8.127224445343017578e-01
2.783392071723937988e-01 8.127224445343017578e-01
2.783391773700714111e-01 8.127224445343017578e-01
2.783391475677490234e-01 8.127224445343017578e-01
2.783391177654266357e-01 8.127224445343017578e-01
2.783390879631042480e-01 8.127224445343017578e-01
2.783390879631042480e-01 8.127224445343017578e-01
2.783390879631042480e-01 8.127224445343017578e-01
2.783390879631042480e-01 8.127224445343017578e-01
2.783390879631042480e-01 8.127224445343017578e-01
2.783390879631042480e-01 8.127224445343017578e-01
2.783390879631042480e-01 8.127224445343017578e-01
2.783390879631042480e-01 8.127224445343017578e-01
2.783390879631042480e-01 8.127224445343017578e-01
2.783390879631042480e-01 8.127224445343017578e-01
2.783390879631042480e-01 8.127224445343017578e-01
2.783390879631042480e-01 8.127224445343017578e-01
2.783390879631042480e-01 8.127224445343017578e-01
2.783390879631042480e-01 8.127224445343017578e-01
2.783390879631042480e-01 8.127224445343017578e-01
2.783390879631042480e-01 8.127224445343017578e-01
2.783390879631042480e-01 8.127224445343017578e-01
2.783390879631042480e-01 8.127224445343017578e-01
2.783390879631042480e-01 8.127224445343017578e-01
2.783390879631042480e-01 8.127224445343017578e-01
2.783390879631042480e-01 8.127224445343017578e-01
2.783390879631042480e-01 8.127224445343017578e-01
2.783390879631042480e-01 8.127225041389465332e-01
2.783390879631042480e-01 8.127225041389465332e-01
2.783390879631042480e-01 8.127225041389465332e-01
2.783390879631042480e-01 8.127225041389465332e-01
2.783390879631042480e-01 8.127225041389465332e-01
2.783390879631042480e-01 8.127225041389465332e-01
2.783390879631042480e-01 8.127225041389465332e-01
2.783390879631042480e-01 8.127225041389465332e-01
2.783390879631042480e-01 8.127225041389465332e-01
2.783390581607818604e-01 8.127225041389465332e-01
2.783390283584594727e-01 8.127225041389465332e-01
2.783390283584594727e-01 8.127225041389465332e-01
2.783390283584594727e-01 8.127225041389465332e-01
2.783390283584594727e-01 8.127225041389465332e-01
2.783390283584594727e-01 8.127225041389465332e-01
2.783390283584594727e-01 8.127225041389465332e-01
2.783390283584594727e-01 8.127225041389465332e-01
2.783390283584594727e-01 8.127225041389465332e-01
2.783390283584594727e-01 8.127225041389465332e-01
2.783390283584594727e-01 8.127225041389465332e-01
2.783390283584594727e-01 8.127225041389465332e-01
2.783390283584594727e-01 8.127225041389465332e-01
2.783390283584594727e-01 8.127225041389465332e-01
2.783390283584594727e-01 8.127225041389465332e-01
2.783390283584594727e-01 8.127225041389465332e-01
2.783390283584594727e-01 8.127225041389465332e-01
2.783390283584594727e-01 8.127225041389465332e-01
2.783390283584594727e-01 8.127225041389465332e-01
2.783390283584594727e-01 8.127225041389465332e-01
2.783390283584594727e-01 8.127225041389465332e-01
2.783390283584594727e-01 8.127225041389465332e-01
2.783390283584594727e-01 8.127225041389465332e-01
2.783390283584594727e-01 8.127225041389465332e-01
2.783390283584594727e-01 8.127225041389465332e-01
2.783390283584594727e-01 8.127225041389465332e-01
2.783390283584594727e-01 8.127225041389465332e-01
2.783390283584594727e-01 8.127225041389465332e-01
2.783390283584594727e-01 8.127225041389465332e-01
2.783390283584594727e-01 8.127225041389465332e-01
2.783390283584594727e-01 8.127225041389465332e-01
2.783390283584594727e-01 8.127225041389465332e-01
2.783390283584594727e-01 8.127225041389465332e-01
2.783390283584594727e-01 8.127225041389465332e-01
2.783390283584594727e-01 8.127225041389465332e-01
2.783390283584594727e-01 8.127225041389465332e-01
2.783390283584594727e-01 8.127225041389465332e-01
2.783390283584594727e-01 8.127225041389465332e-01
2.783390283584594727e-01 8.127225041389465332e-01
2.783390283584594727e-01 8.127225041389465332e-01
2.783390283584594727e-01 8.127225041389465332e-01
2.783390283584594727e-01 8.127225041389465332e-01
2.783390283584594727e-01 8.127225041389465332e-01
2.783390283584594727e-01 8.127225041389465332e-01
2.783390283584594727e-01 8.127225041389465332e-01
2.783390283584594727e-01 8.127225041389465332e-01
2.783390283584594727e-01 8.127225041389465332e-01
2.783390283584594727e-01 8.127225041389465332e-01
2.783390283584594727e-01 8.127225041389465332e-01
2.783390283584594727e-01 8.127225041389465332e-01
2.783390283584594727e-01 8.127225041389465332e-01
2.783390283584594727e-01 8.127225041389465332e-01
2.783390283584594727e-01 8.127225041389465332e-01
2.783390283584594727e-01 8.127225041389465332e-01
2.783390283584594727e-01 8.127225041389465332e-01
2.783390283584594727e-01 8.127225041389465332e-01
2.783390283584594727e-01 8.127225041389465332e-01
2.783390283584594727e-01 8.127225041389465332e-01
2.783390283584594727e-01 8.127225041389465332e-01
2.783390283584594727e-01 8.127225041389465332e-01
2.783390283584594727e-01 8.127225041389465332e-01
2.783390283584594727e-01 8.127225041389465332e-01
2.783390283584594727e-01 8.127225041389465332e-01
2.783390283584594727e-01 8.127225041389465332e-01
2.783390283584594727e-01 8.127225041389465332e-01
2.783390283584594727e-01 8.127225041389465332e-01
2.783390283584594727e-01 8.127225041389465332e-01
2.783390283584594727e-01 8.127225041389465332e-01
2.783390283584594727e-01 8.127225041389465332e-01
2.783390283584594727e-01 8.127225041389465332e-01
2.783390283584594727e-01 8.127225041389465332e-01
2.783390283584594727e-01 8.127225041389465332e-01
2.783390283584594727e-01 8.127225041389465332e-01
2.783390283584594727e-01 8.127225041389465332e-01
2.783390283584594727e-01 8.127225041389465332e-01
2.783390283584594727e-01 8.127225041389465332e-01
2.783390283584594727e-01 8.127225041389465332e-01
2.783390283584594727e-01 8.127225041389465332e-01
2.783390283584594727e-01 8.127225041389465332e-01
2.783390283584594727e-01 8.127225041389465332e-01
2.783390283584594727e-01 8.127225041389465332e-01
2.783390283584594727e-01 8.127225041389465332e-01
2.783390283584594727e-01 8.127225041389465332e-01
2.783390283584594727e-01 8.127225041389465332e-01
2.783390283584594727e-01 8.127225041389465332e-01
2.783390283584594727e-01 8.127225041389465332e-01
2.783390283584594727e-01 8.127225041389465332e-01
2.783390283584594727e-01 8.127225041389465332e-01
2.783390283584594727e-01 8.127225041389465332e-01
2.783390283584594727e-01 8.127225041389465332e-01
2.783390283584594727e-01 8.127225041389465332e-01
2.783390283584594727e-01 8.127225041389465332e-01
2.783390283584594727e-01 8.127225041389465332e-01
2.783390283584594727e-01 8.127225041389465332e-01
2.783390283584594727e-01 8.127225041389465332e-01
2.783390283584594727e-01 8.127225041389465332e-01
2.783390283584594727e-01 8.127225041389465332e-01
2.783390283584594727e-01 8.127225041389465332e-01
2.783390283584594727e-01 8.127225041389465332e-01
2.783390283584594727e-01 8.127225041389465332e-01
2.783390283584594727e-01 8.127225041389465332e-01
2.783390283584594727e-01 8.127225041389465332e-01
2.783390283584594727e-01 8.127225041389465332e-01
2.783390283584594727e-01 8.127225041389465332e-01
2.783390283584594727e-01 8.127225041389465332e-01
2.783390283584594727e-01 8.127225041389465332e-01
2.783390283584594727e-01 8.127225041389465332e-01
2.783390283584594727e-01 8.127225041389465332e-01
2.783390283584594727e-01 8.127225041389465332e-01
2.783390283584594727e-01 8.127225041389465332e-01
2.783390283584594727e-01 8.127225041389465332e-01
2.783390283584594727e-01 8.127225041389465332e-01
2.783390283584594727e-01 8.127225041389465332e-01
2.783390283584594727e-01 8.127225041389465332e-01
2.783390283584594727e-01 8.127225041389465332e-01
2.783390283584594727e-01 8.127225041389465332e-01
2.783390283584594727e-01 8.127225041389465332e-01
2.783390283584594727e-01 8.127225041389465332e-01
2.783390283584594727e-01 8.127225041389465332e-01
2.783390283584594727e-01 8.127225041389465332e-01
2.783390283584594727e-01 8.127225041389465332e-01
2.783390283584594727e-01 8.127225041389465332e-01
2.783390283584594727e-01 8.127225041389465332e-01
2.783390283584594727e-01 8.127225041389465332e-01
2.783390283584594727e-01 8.127225041389465332e-01
2.783390283584594727e-01 8.127225041389465332e-01
2.783390283584594727e-01 8.127225041389465332e-01
2.783390283584594727e-01 8.127225041389465332e-01
2.783390283584594727e-01 8.127225041389465332e-01
2.783390283584594727e-01 8.127225041389465332e-01
2.783390283584594727e-01 8.127225041389465332e-01
2.783390283584594727e-01 8.127225041389465332e-01
2.783390283584594727e-01 8.127225041389465332e-01
2.783390283584594727e-01 8.127225041389465332e-01
2.783390283584594727e-01 8.127225041389465332e-01
2.783390283584594727e-01 8.127225041389465332e-01
2.783390283584594727e-01 8.127225041389465332e-01
2.783390283584594727e-01 8.127225041389465332e-01
2.783390283584594727e-01 8.127225041389465332e-01
2.783390283584594727e-01 8.127225041389465332e-01
2.783390283584594727e-01 8.127225041389465332e-01
2.783390283584594727e-01 8.127225041389465332e-01
2.783390283584594727e-01 8.127225041389465332e-01
2.783390283584594727e-01 8.127225041389465332e-01
2.783390283584594727e-01 8.127225041389465332e-01
2.783390283584594727e-01 8.127225041389465332e-01
2.783390283584594727e-01 8.127225041389465332e-01
2.783390283584594727e-01 8.127225041389465332e-01
2.783390283584594727e-01 8.127225041389465332e-01
2.783390283584594727e-01 8.127225041389465332e-01
2.783390283584594727e-01 8.127225041389465332e-01
2.783390283584594727e-01 8.127225041389465332e-01
2.783390283584594727e-01 8.127225041389465332e-01
2.783390283584594727e-01 8.127225041389465332e-01
2.783390283584594727e-01 8.127225041389465332e-01
2.783390283584594727e-01 8.127225041389465332e-01
2.783390283584594727e-01 8.127225041389465332e-01
2.783390283584594727e-01 8.127225041389465332e-01
2.783390283584594727e-01 8.127225041389465332e-01
2.783390283584594727e-01 8.127225041389465332e-01
2.783390283584594727e-01 8.127225041389465332e-01
2.783390283584594727e-01 8.127225041389465332e-01
2.783390283584594727e-01 8.127225041389465332e-01
2.783390283584594727e-01 8.127225041389465332e-01
2.783390283584594727e-01 8.127225041389465332e-01
2.783390283584594727e-01 8.127225041389465332e-01
2.783390283584594727e-01 8.127225041389465332e-01
2.783390283584594727e-01 8.127225041389465332e-01
2.783390283584594727e-01 8.127225041389465332e-01
2.783390283584594727e-01 8.127225041389465332e-01
2.783390283584594727e-01 8.127225041389465332e-01
2.783390283584594727e-01 8.127225041389465332e-01
2.783390283584594727e-01 8.127225041389465332e-01
2.783390283584594727e-01 8.127225041389465332e-01
2.783390283584594727e-01 8.127225041389465332e-01
2.783390283584594727e-01 8.127225041389465332e-01
2.783390283584594727e-01 8.127225041389465332e-01
2.783390283584594727e-01 8.127225041389465332e-01
2.783390283584594727e-01 8.127225041389465332e-01
2.783390283584594727e-01 8.127225041389465332e-01
2.783390283584594727e-01 8.127225041389465332e-01
2.783390283584594727e-01 8.127225041389465332e-01
2.783390283584594727e-01 8.127225041389465332e-01
2.783390283584594727e-01 8.127225041389465332e-01
2.783390283584594727e-01 8.127225041389465332e-01
2.783390283584594727e-01 8.127225041389465332e-01
2.783390283584594727e-01 8.127225041389465332e-01
2.783390283584594727e-01 8.127225041389465332e-01
2.783390283584594727e-01 8.127225041389465332e-01
2.783390283584594727e-01 8.127225041389465332e-01
2.783390283584594727e-01 8.127225041389465332e-01
2.783390283584594727e-01 8.127225041389465332e-01
2.783390283584594727e-01 8.127225041389465332e-01
2.783390283584594727e-01 8.127225041389465332e-01
2.783390283584594727e-01 8.127225041389465332e-01
2.783390283584594727e-01 8.127225041389465332e-01
2.783390283584594727e-01 8.127225041389465332e-01
2.783390283584594727e-01 8.127225041389465332e-01
2.783390283584594727e-01 8.127225041389465332e-01
2.783390283584594727e-01 8.127225041389465332e-01
2.783390283584594727e-01 8.127225041389465332e-01
2.783390283584594727e-01 8.127225041389465332e-01
2.783390283584594727e-01 8.127225041389465332e-01
2.783390283584594727e-01 8.127225041389465332e-01
2.783390283584594727e-01 8.127225637435913086e-01
2.783389985561370850e-01 8.127225637435913086e-01
2.783389687538146973e-01 8.127225637435913086e-01
2.783389389514923096e-01 8.127225637435913086e-01
2.783389091491699219e-01 8.127225637435913086e-01
2.783388793468475342e-01 8.127225637435913086e-01
2.783388793468475342e-01 8.127225637435913086e-01
2.783388793468475342e-01 8.127225637435913086e-01
2.783388793468475342e-01 8.127225637435913086e-01
2.783388793468475342e-01 8.127226233482360840e-01
2.783388793468475342e-01 8.127226233482360840e-01
2.783388793468475342e-01 8.127226233482360840e-01
2.783388793468475342e-01 8.127226233482360840e-01
2.783388793468475342e-01 8.127226233482360840e-01
2.783388793468475342e-01 8.127226233482360840e-01
2.783388793468475342e-01 8.127226233482360840e-01
2.783388495445251465e-01 8.127226233482360840e-01
2.783388197422027588e-01 8.127226233482360840e-01
2.783388197422027588e-01 8.127226233482360840e-01
2.783388197422027588e-01 8.127226233482360840e-01
2.783388197422027588e-01 8.127226233482360840e-01
2.783388197422027588e-01 8.127226233482360840e-01
2.783388197422027588e-01 8.127226233482360840e-01
2.783388197422027588e-01 8.127226233482360840e-01
2.783388197422027588e-01 8.127226233482360840e-01
2.783388197422027588e-01 8.127226233482360840e-01
2.783388197422027588e-01 8.127226233482360840e-01
2.783388197422027588e-01 8.127226233482360840e-01
2.783388197422027588e-01 8.127226233482360840e-01
2.783388197422027588e-01 8.127226233482360840e-01
2.783388197422027588e-01 8.127226233482360840e-01
2.783388197422027588e-01 8.127226233482360840e-01
2.783388197422027588e-01 8.127226233482360840e-01
2.783388197422027588e-01 8.127226233482360840e-01
2.783388197422027588e-01 8.127226233482360840e-01
2.783388197422027588e-01 8.127226233482360840e-01
2.783388197422027588e-01 8.127226233482360840e-01
2.783388197422027588e-01 8.127226233482360840e-01
2.783388197422027588e-01 8.127226233482360840e-01
2.783388197422027588e-01 8.127226233482360840e-01
2.783388197422027588e-01 8.127226233482360840e-01
2.783388197422027588e-01 8.127226233482360840e-01
2.783388197422027588e-01 8.127226233482360840e-01
2.783388197422027588e-01 8.127226233482360840e-01
2.783388197422027588e-01 8.127226233482360840e-01
2.783388197422027588e-01 8.127226233482360840e-01
2.783388197422027588e-01 8.127226233482360840e-01
2.783388197422027588e-01 8.127226233482360840e-01
2.783388197422027588e-01 8.127226233482360840e-01
2.783388197422027588e-01 8.127226233482360840e-01
2.783388197422027588e-01 8.127226233482360840e-01
2.783388197422027588e-01 8.127226233482360840e-01
2.783388197422027588e-01 8.127226233482360840e-01
2.783388197422027588e-01 8.127226233482360840e-01
2.783388197422027588e-01 8.127226233482360840e-01
2.783388197422027588e-01 8.127226233482360840e-01
2.783388197422027588e-01 8.127226233482360840e-01
2.783388197422027588e-01 8.127226233482360840e-01
2.783388197422027588e-01 8.127226233482360840e-01
2.783388197422027588e-01 8.127226233482360840e-01
2.783388197422027588e-01 8.127226233482360840e-01
2.783388197422027588e-01 8.127226233482360840e-01
2.783388197422027588e-01 8.127226233482360840e-01
2.783388197422027588e-01 8.127226233482360840e-01
2.783388197422027588e-01 8.127226233482360840e-01
2.783388197422027588e-01 8.127226233482360840e-01
2.783388197422027588e-01 8.127226233482360840e-01
2.783388197422027588e-01 8.127226233482360840e-01
2.783388197422027588e-01 8.127226233482360840e-01
2.783388197422027588e-01 8.127226233482360840e-01
2.783388197422027588e-01 8.127226233482360840e-01
2.783388197422027588e-01 8.127226233482360840e-01
2.783388197422027588e-01 8.127226233482360840e-01
2.783388197422027588e-01 8.127226233482360840e-01
2.783388197422027588e-01 8.127226233482360840e-01
2.783388197422027588e-01 8.127226233482360840e-01
2.783388197422027588e-01 8.127226233482360840e-01
2.783388197422027588e-01 8.127226233482360840e-01
2.783388197422027588e-01 8.127226233482360840e-01
2.783388197422027588e-01 8.127226233482360840e-01
2.783388197422027588e-01 8.127226233482360840e-01
2.783388197422027588e-01 8.127226233482360840e-01
2.783388197422027588e-01 8.127226233482360840e-01
2.783388197422027588e-01 8.127226233482360840e-01
2.783388197422027588e-01 8.127226233482360840e-01
2.783388197422027588e-01 8.127226233482360840e-01
2.783388197422027588e-01 8.127226233482360840e-01
2.783388197422027588e-01 8.127226233482360840e-01
2.783388197422027588e-01 8.127226233482360840e-01
2.783388197422027588e-01 8.127226233482360840e-01
2.783388197422027588e-01 8.127226233482360840e-01
2.783388197422027588e-01 8.127226233482360840e-01
2.783388197422027588e-01 8.127226233482360840e-01
2.783388197422027588e-01 8.127226233482360840e-01
2.783388197422027588e-01 8.127226233482360840e-01
2.783388197422027588e-01 8.127226233482360840e-01
2.783388197422027588e-01 8.127226233482360840e-01
2.783388197422027588e-01 8.127226233482360840e-01
2.783388197422027588e-01 8.127226233482360840e-01
2.783388197422027588e-01 8.127226233482360840e-01
2.783388197422027588e-01 8.127226233482360840e-01
2.783388197422027588e-01 8.127226233482360840e-01
2.783388197422027588e-01 8.127226829528808594e-01
2.783388197422027588e-01 8.127226829528808594e-01
2.783388197422027588e-01 8.127226829528808594e-01
2.783388197422027588e-01 8.127226829528808594e-01
2.783387899398803711e-01 8.127226829528808594e-01
2.783387601375579834e-01 8.127226829528808594e-01
2.783387303352355957e-01 8.127226829528808594e-01
2.783387005329132080e-01 8.127226829528808594e-01
2.783387005329132080e-01 8.127226829528808594e-01
2.783387005329132080e-01 8.127226829528808594e-01
2.783387005329132080e-01 8.127226829528808594e-01
2.783387005329132080e-01 8.127226829528808594e-01
2.783387005329132080e-01 8.127226829528808594e-01
2.783387005329132080e-01 8.127226829528808594e-01
2.783387005329132080e-01 8.127226829528808594e-01
2.783387005329132080e-01 8.127226829528808594e-01
2.783387005329132080e-01 8.127226829528808594e-01
2.783387005329132080e-01 8.127226829528808594e-01
2.783387005329132080e-01 8.127226829528808594e-01
2.783387005329132080e-01 8.127226829528808594e-01
2.783387005329132080e-01 8.127226829528808594e-01
2.783387005329132080e-01 8.127226829528808594e-01
2.783387005329132080e-01 8.127226829528808594e-01
2.783387005329132080e-01 8.127226829528808594e-01
2.783387005329132080e-01 8.127226829528808594e-01
2.783387005329132080e-01 8.127227425575256348e-01
2.783387005329132080e-01 8.127227425575256348e-01
2.783387005329132080e-01 8.127227425575256348e-01
2.783387005329132080e-01 8.127227425575256348e-01
2.783387005329132080e-01 8.127227425575256348e-01
2.783387005329132080e-01 8.127227425575256348e-01
2.783387005329132080e-01 8.127227425575256348e-01
2.783387005329132080e-01 8.127227425575256348e-01
2.783387005329132080e-01 8.127227425575256348e-01
2.783386707305908203e-01 8.127227425575256348e-01
2.783386409282684326e-01 8.127227425575256348e-01
2.783386409282684326e-01 8.127227425575256348e-01
2.783386409282684326e-01 8.127227425575256348e-01
2.783386409282684326e-01 8.127227425575256348e-01
2.783386409282684326e-01 8.127227425575256348e-01
2.783386409282684326e-01 8.127227425575256348e-01
2.783386409282684326e-01 8.127227425575256348e-01
2.783386409282684326e-01 8.127227425575256348e-01
2.783386409282684326e-01 8.127227425575256348e-01
2.783386409282684326e-01 8.127227425575256348e-01
2.783386409282684326e-01 8.127227425575256348e-01
2.783386409282684326e-01 8.127227425575256348e-01
2.783386409282684326e-01 8.127227425575256348e-01
2.783386409282684326e-01 8.127227425575256348e-01
2.783386409282684326e-01 8.127227425575256348e-01
2.783386409282684326e-01 8.127227425575256348e-01
2.783386409282684326e-01 8.127227425575256348e-01
2.783386409282684326e-01 8.127227425575256348e-01
2.783386409282684326e-01 8.127227425575256348e-01
2.783386409282684326e-01 8.127227425575256348e-01
2.783386409282684326e-01 8.127227425575256348e-01
2.783386409282684326e-01 8.127227425575256348e-01
2.783386409282684326e-01 8.127227425575256348e-01
2.783386409282684326e-01 8.127227425575256348e-01
2.783386409282684326e-01 8.127227425575256348e-01
2.783386409282684326e-01 8.127227425575256348e-01
2.783386409282684326e-01 8.127227425575256348e-01
2.783386409282684326e-01 8.127227425575256348e-01
2.783386409282684326e-01 8.127227425575256348e-01
2.783386409282684326e-01 8.127227425575256348e-01
2.783386409282684326e-01 8.127227425575256348e-01
2.783386409282684326e-01 8.127227425575256348e-01
2.783386409282684326e-01 8.127227425575256348e-01
2.783386409282684326e-01 8.127227425575256348e-01
2.783386409282684326e-01 8.127227425575256348e-01
2.783386409282684326e-01 8.127227425575256348e-01
2.783386409282684326e-01 8.127227425575256348e-01
2.783386409282684326e-01 8.127227425575256348e-01
2.783386409282684326e-01 8.127227425575256348e-01
2.783386409282684326e-01 8.127227425575256348e-01
2.783386409282684326e-01 8.127227425575256348e-01
2.783386409282684326e-01 8.127227425575256348e-01
2.783386409282684326e-01 8.127227425575256348e-01
2.783386409282684326e-01 8.127227425575256348e-01
2.783386409282684326e-01 8.127227425575256348e-01
2.783386409282684326e-01 8.127227425575256348e-01
2.783386409282684326e-01 8.127227425575256348e-01
2.783386409282684326e-01 8.127227425575256348e-01
2.783386409282684326e-01 8.127227425575256348e-01
2.783386409282684326e-01 8.127227425575256348e-01
2.783386409282684326e-01 8.127227425575256348e-01
2.783386409282684326e-01 8.127227425575256348e-01
2.783386409282684326e-01 8.127227425575256348e-01
2.783386409282684326e-01 8.127227425575256348e-01
2.783386409282684326e-01 8.127227425575256348e-01
2.783386409282684326e-01 8.127227425575256348e-01
2.783386409282684326e-01 8.127227425575256348e-01
2.783386409282684326e-01 8.127227425575256348e-01
2.783386409282684326e-01 8.127227425575256348e-01
2.783386409282684326e-01 8.127227425575256348e-01
2.783386409282684326e-01 8.127227425575256348e-01
2.783386409282684326e-01 8.127227425575256348e-01
2.783386409282684326e-01 8.127227425575256348e-01
2.783386409282684326e-01 8.127227425575256348e-01
2.783386409282684326e-01 8.127227425575256348e-01
2.783386409282684326e-01 8.127227425575256348e-01
2.783386409282684326e-01 8.127227425575256348e-01
2.783386409282684326e-01 8.127227425575256348e-01
2.783386409282684326e-01 8.127227425575256348e-01
2.783386409282684326e-01 8.127227425575256348e-01
2.783386409282684326e-01 8.127227425575256348e-01
2.783386409282684326e-01 8.127227425575256348e-01
2.783386409282684326e-01 8.127227425575256348e-01
2.783386409282684326e-01 8.127227425575256348e-01
2.783386409282684326e-01 8.127227425575256348e-01
2.783386409282684326e-01 8.127227425575256348e-01
2.783386409282684326e-01 8.127227425575256348e-01
2.783386409282684326e-01 8.127227425575256348e-01
2.783386409282684326e-01 8.127227425575256348e-01
2.783386409282684326e-01 8.127227425575256348e-01
2.783386409282684326e-01 8.127227425575256348e-01
2.783386409282684326e-01 8.127227425575256348e-01
2.783386409282684326e-01 8.127227425575256348e-01
2.783386409282684326e-01 8.127227425575256348e-01
2.783386409282684326e-01 8.127227425575256348e-01
2.783386409282684326e-01 8.127227425575256348e-01
2.783386409282684326e-01 8.127227425575256348e-01
2.783386409282684326e-01 8.127227425575256348e-01
2.783386409282684326e-01 8.127227425575256348e-01
2.783386409282684326e-01 8.127227425575256348e-01
2.783386409282684326e-01 8.127227425575256348e-01
2.783386409282684326e-01 8.127227425575256348e-01
2.783386409282684326e-01 8.127227425575256348e-01
2.783386409282684326e-01 8.127227425575256348e-01
2.783386409282684326e-01 8.127227425575256348e-01
2.783386409282684326e-01 8.127227425575256348e-01
2.783386409282684326e-01 8.127227425575256348e-01
2.783386409282684326e-01 8.127227425575256348e-01
2.783386409282684326e-01 8.127227425575256348e-01
2.783386409282684326e-01 8.127227425575256348e-01
2.783386409282684326e-01 8.127227425575256348e-01
2.783386409282684326e-01 8.127227425575256348e-01
2.783386409282684326e-01 8.127227425575256348e-01
2.783386409282684326e-01 8.127227425575256348e-01
2.783386409282684326e-01 8.127227425575256348e-01
2.783386409282684326e-01 8.127227425575256348e-01
2.783386409282684326e-01 8.127227425575256348e-01
2.783386409282684326e-01 8.127227425575256348e-01
2.783386409282684326e-01 8.127227425575256348e-01
2.783386409282684326e-01 8.127227425575256348e-01
2.783386409282684326e-01 8.127227425575256348e-01
2.783386409282684326e-01 8.127227425575256348e-01
2.783386409282684326e-01 8.127227425575256348e-01
2.783386409282684326e-01 8.127227425575256348e-01
2.783386409282684326e-01 8.127227425575256348e-01
2.783386409282684326e-01 8.127227425575256348e-01
2.783386409282684326e-01 8.127227425575256348e-01
2.783386409282684326e-01 8.127227425575256348e-01
2.783386409282684326e-01 8.127227425575256348e-01
2.783386409282684326e-01 8.127227425575256348e-01
2.783386409282684326e-01 8.127227425575256348e-01
2.783386409282684326e-01 8.127227425575256348e-01
2.783386409282684326e-01 8.127227425575256348e-01
2.783386409282684326e-01 8.127227425575256348e-01
2.783386409282684326e-01 8.127227425575256348e-01
2.783386409282684326e-01 8.127227425575256348e-01
2.783386409282684326e-01 8.127227425575256348e-01
2.783386409282684326e-01 8.127227425575256348e-01
2.783386409282684326e-01 8.127227425575256348e-01
2.783386409282684326e-01 8.127227425575256348e-01
2.783386409282684326e-01 8.127227425575256348e-01
2.783386409282684326e-01 8.127227425575256348e-01
2.783386409282684326e-01 8.127227425575256348e-01
2.783386409282684326e-01 8.127227425575256348e-01
2.783386409282684326e-01 8.127227425575256348e-01
2.783386409282684326e-01 8.127227425575256348e-01
2.783386409282684326e-01 8.127227425575256348e-01
2.783386409282684326e-01 8.127227425575256348e-01
2.783386409282684326e-01 8.127227425575256348e-01
2.783386409282684326e-01 8.127227425575256348e-01
2.783386409282684326e-01 8.127227425575256348e-01
2.783386409282684326e-01 8.127227425575256348e-01
2.783386409282684326e-01 8.127227425575256348e-01
2.783386409282684326e-01 8.127227425575256348e-01
2.783386409282684326e-01 8.127227425575256348e-01
2.783386409282684326e-01 8.127227425575256348e-01
2.783386409282684326e-01 8.127227425575256348e-01
2.783386409282684326e-01 8.127227425575256348e-01
2.783386409282684326e-01 8.127227425575256348e-01
2.783386409282684326e-01 8.127227425575256348e-01
2.783386409282684326e-01 8.127227425575256348e-01
2.783386409282684326e-01 8.127227425575256348e-01
2.783386409282684326e-01 8.127227425575256348e-01
2.783386409282684326e-01 8.127227425575256348e-01
2.783386409282684326e-01 8.127227425575256348e-01
2.783386409282684326e-01 8.127227425575256348e-01
2.783386409282684326e-01 8.127227425575256348e-01
2.783386409282684326e-01 8.127227425575256348e-01
2.783386409282684326e-01 8.127227425575256348e-01
2.783386409282684326e-01 8.127227425575256348e-01
2.783386409282684326e-01 8.127227425575256348e-01
2.783386409282684326e-01 8.127227425575256348e-01
2.783386409282684326e-01 8.127227425575256348e-01
2.783386409282684326e-01 8.127227425575256348e-01
2.783386409282684326e-01 8.127227425575256348e-01
2.783386409282684326e-01 8.127227425575256348e-01
2.783386409282684326e-01 8.127227425575256348e-01
2.783386409282684326e-01 8.127227425575256348e-01
2.783386409282684326e-01 8.127227425575256348e-01
2.783386409282684326e-01 8.127227425575256348e-01
2.783386409282684326e-01 8.127227425575256348e-01
2.783386409282684326e-01 8.127227425575256348e-01
2.783386409282684326e-01 8.127227425575256348e-01
2.783386409282684326e-01 8.127227425575256348e-01
2.783386409282684326e-01 8.127227425575256348e-01
2.783386409282684326e-01 8.127227425575256348e-01
2.783386409282684326e-01 8.127227425575256348e-01
2.783386409282684326e-01 8.127227425575256348e-01
2.783386409282684326e-01 8.127227425575256348e-01
2.783386409282684326e-01 8.127227425575256348e-01
2.783386409282684326e-01 8.127227425575256348e-01
2.783386409282684326e-01 8.127227425575256348e-01
2.783386409282684326e-01 8.127227425575256348e-01
2.783386409282684326e-01 8.127227425575256348e-01
2.783386409282684326e-01 8.127227425575256348e-01
2.783386409282684326e-01 8.127227425575256348e-01
2.783386409282684326e-01 8.127227425575256348e-01
2.783386409282684326e-01 8.127227425575256348e-01
2.783386409282684326e-01 8.127227425575256348e-01
2.783386409282684326e-01 8.127227425575256348e-01
2.783386409282684326e-01 8.127227425575256348e-01
2.783386409282684326e-01 8.127227425575256348e-01
2.783386409282684326e-01 8.127227425575256348e-01
2.783386409282684326e-01 8.127227425575256348e-01
2.783386409282684326e-01 8.127227425575256348e-01
2.783386409282684326e-01 8.127227425575256348e-01
2.783386409282684326e-01 8.127227425575256348e-01
2.783386409282684326e-01 8.127227425575256348e-01
2.783386409282684326e-01 8.127227425575256348e-01
2.783386409282684326e-01 8.127227425575256348e-01
2.783386409282684326e-01 8.127227425575256348e-01
2.783386409282684326e-01 8.127227425575256348e-01
2.783386409282684326e-01 8.127227425575256348e-01
2.783386409282684326e-01 8.127227425575256348e-01
2.783386409282684326e-01 8.127227425575256348e-01
2.783386409282684326e-01 8.127227425575256348e-01
2.783386409282684326e-01 8.127227425575256348e-01
2.783386409282684326e-01 8.127227425575256348e-01
2.783386409282684326e-01 8.127227425575256348e-01
2.783386409282684326e-01 8.127227425575256348e-01
2.783386409282684326e-01 8.127227425575256348e-01
2.783386409282684326e-01 8.127227425575256348e-01
2.783386409282684326e-01 8.127227425575256348e-01
2.783386409282684326e-01 8.127227425575256348e-01
2.783386409282684326e-01 8.127227425575256348e-01
2.783386409282684326e-01 8.127227425575256348e-01
2.783386409282684326e-01 8.127227425575256348e-01
2.783386409282684326e-01 8.127227425575256348e-01
2.783386409282684326e-01 8.127228021621704102e-01
2.783386111259460449e-01 8.127228021621704102e-01
2.783385813236236572e-01 8.127228021621704102e-01
2.783385515213012695e-01 8.127228021621704102e-01
2.783385217189788818e-01 8.127228021621704102e-01
2.783384919166564941e-01 8.127228021621704102e-01
2.783384919166564941e-01 8.127228021621704102e-01
2.783384919166564941e-01 8.127228021621704102e-01
2.783384919166564941e-01 8.127228021621704102e-01
2.783384919166564941e-01 8.127228617668151855e-01
2.783384919166564941e-01 8.127228617668151855e-01
2.783384919166564941e-01 8.127228617668151855e-01
2.783384919166564941e-01 8.127228617668151855e-01
2.783384919166564941e-01 8.127228617668151855e-01
2.783384919166564941e-01 8.127228617668151855e-01
2.783384919166564941e-01 8.127228617668151855e-01
2.783384919166564941e-01 8.127228617668151855e-01
2.783384621143341064e-01 8.127228617668151855e-01
2.783384621143341064e-01 8.127228617668151855e-01
2.783384621143341064e-01 8.127228617668151855e-01
2.783384621143341064e-01 8.127228617668151855e-01
2.783384621143341064e-01 8.127228617668151855e-01
2.783384621143341064e-01 8.127228617668151855e-01
2.783384621143341064e-01 8.127228617668151855e-01
2.783384621143341064e-01 8.127228617668151855e-01
2.783384621143341064e-01 8.127228617668151855e-01
2.783384621143341064e-01 8.127228617668151855e-01
2.783384621143341064e-01 8.127228617668151855e-01
2.783384621143341064e-01 8.127228617668151855e-01
2.783384621143341064e-01 8.127228617668151855e-01
2.783384621143341064e-01 8.127228617668151855e-01
2.783384621143341064e-01 8.127228617668151855e-01
2.783384621143341064e-01 8.127228617668151855e-01
2.783384621143341064e-01 8.127228617668151855e-01
2.783384621143341064e-01 8.127228617668151855e-01
2.783384621143341064e-01 8.127228617668151855e-01
2.783384621143341064e-01 8.127228617668151855e-01
2.783384621143341064e-01 8.127228617668151855e-01
2.783384621143341064e-01 8.127228617668151855e-01
2.783384621143341064e-01 8.127228617668151855e-01
2.783384621143341064e-01 8.127228617668151855e-01
2.783384621143341064e-01 8.127228617668151855e-01
2.783384621143341064e-01 8.127228617668151855e-01
2.783384621143341064e-01 8.127228617668151855e-01
2.783384621143341064e-01 8.127228617668151855e-01
2.783384621143341064e-01 8.127228617668151855e-01
2.783384621143341064e-01 8.127228617668151855e-01
2.783384621143341064e-01 8.127228617668151855e-01
2.783384621143341064e-01 8.127228617668151855e-01
2.783384621143341064e-01 8.127228617668151855e-01
2.783384621143341064e-01 8.127228617668151855e-01
2.783384621143341064e-01 8.127228617668151855e-01
2.783384621143341064e-01 8.127228617668151855e-01
2.783384621143341064e-01 8.127228617668151855e-01
2.783384621143341064e-01 8.127228617668151855e-01
2.783384621143341064e-01 8.127228617668151855e-01
2.783384621143341064e-01 8.127228617668151855e-01
2.783384621143341064e-01 8.127228617668151855e-01
2.783384621143341064e-01 8.127228617668151855e-01
2.783384621143341064e-01 8.127228617668151855e-01
2.783384621143341064e-01 8.127228617668151855e-01
2.783384621143341064e-01 8.127228617668151855e-01
2.783384621143341064e-01 8.127228617668151855e-01
2.783384621143341064e-01 8.127228617668151855e-01
2.783384621143341064e-01 8.127228617668151855e-01
2.783384621143341064e-01 8.127228617668151855e-01
2.783384621143341064e-01 8.127228617668151855e-01
2.783384621143341064e-01 8.127228617668151855e-01
2.783384621143341064e-01 8.127228617668151855e-01
2.783384621143341064e-01 8.127228617668151855e-01
2.783384621143341064e-01 8.127228617668151855e-01
2.783384621143341064e-01 8.127228617668151855e-01
2.783384621143341064e-01 8.127228617668151855e-01
2.783384621143341064e-01 8.127228617668151855e-01
2.783384621143341064e-01 8.127228617668151855e-01
2.783384621143341064e-01 8.127228617668151855e-01
2.783384621143341064e-01 8.127228617668151855e-01
2.783384621143341064e-01 8.127228617668151855e-01
2.783384621143341064e-01 8.127228617668151855e-01
2.783384621143341064e-01 8.127228617668151855e-01
2.783384621143341064e-01 8.127228617668151855e-01
2.783384621143341064e-01 8.127228617668151855e-01
2.783384621143341064e-01 8.127228617668151855e-01
2.783384621143341064e-01 8.127228617668151855e-01
2.783384621143341064e-01 8.127228617668151855e-01
2.783384621143341064e-01 8.127228617668151855e-01
2.783384621143341064e-01 8.127228617668151855e-01
2.783384621143341064e-01 8.127228617668151855e-01
2.783384621143341064e-01 8.127228617668151855e-01
2.783384621143341064e-01 8.127228617668151855e-01
2.783384621143341064e-01 8.127228617668151855e-01
2.783384621143341064e-01 8.127228617668151855e-01
2.783384621143341064e-01 8.127228617668151855e-01
2.783384621143341064e-01 8.127228617668151855e-01
2.783384621143341064e-01 8.127228617668151855e-01
2.783384621143341064e-01 8.127228617668151855e-01
2.783384621143341064e-01 8.127228617668151855e-01
2.783384621143341064e-01 8.127228617668151855e-01
2.783384621143341064e-01 8.127228617668151855e-01
2.783384621143341064e-01 8.127228617668151855e-01
2.783384621143341064e-01 8.127228617668151855e-01
2.783384621143341064e-01 8.127228617668151855e-01
2.783384621143341064e-01 8.127228617668151855e-01
2.783384621143341064e-01 8.127228617668151855e-01
2.783384621143341064e-01 8.127228617668151855e-01
2.783384621143341064e-01 8.127228617668151855e-01
2.783384621143341064e-01 8.127228617668151855e-01
2.783384621143341064e-01 8.127228617668151855e-01
2.783384621143341064e-01 8.127228617668151855e-01
2.783384621143341064e-01 8.127228617668151855e-01
2.783384621143341064e-01 8.127228617668151855e-01
2.783384621143341064e-01 8.127228617668151855e-01
2.783384621143341064e-01 8.127228617668151855e-01
2.783384621143341064e-01 8.127228617668151855e-01
2.783384621143341064e-01 8.127228617668151855e-01
2.783384621143341064e-01 8.127228617668151855e-01
2.783384621143341064e-01 8.127228617668151855e-01
2.783384621143341064e-01 8.127228617668151855e-01
2.783384621143341064e-01 8.127228617668151855e-01
2.783384621143341064e-01 8.127228617668151855e-01
2.783384621143341064e-01 8.127228617668151855e-01
2.783384621143341064e-01 8.127228617668151855e-01
2.783384621143341064e-01 8.127228617668151855e-01
2.783384621143341064e-01 8.127228617668151855e-01
2.783384621143341064e-01 8.127228617668151855e-01
2.783384621143341064e-01 8.127228617668151855e-01
2.783384621143341064e-01 8.127228617668151855e-01
2.783384621143341064e-01 8.127228617668151855e-01
2.783384621143341064e-01 8.127228617668151855e-01
2.783384621143341064e-01 8.127228617668151855e-01
2.783384621143341064e-01 8.127228617668151855e-01
2.783384621143341064e-01 8.127228617668151855e-01
2.783384621143341064e-01 8.127228617668151855e-01
2.783384621143341064e-01 8.127228617668151855e-01
2.783384621143341064e-01 8.127228617668151855e-01
2.783384621143341064e-01 8.127228617668151855e-01
2.783384621143341064e-01 8.127228617668151855e-01
2.783384621143341064e-01 8.127228617668151855e-01
2.783384621143341064e-01 8.127228617668151855e-01
2.783384621143341064e-01 8.127228617668151855e-01
2.783384621143341064e-01 8.127228617668151855e-01
2.783384621143341064e-01 8.127228617668151855e-01
2.783384621143341064e-01 8.127228617668151855e-01
2.783384621143341064e-01 8.127228617668151855e-01
2.783384621143341064e-01 8.127228617668151855e-01
2.783384621143341064e-01 8.127228617668151855e-01
2.783384621143341064e-01 8.127228617668151855e-01
2.783384621143341064e-01 8.127228617668151855e-01
2.783384621143341064e-01 8.127228617668151855e-01
2.783384621143341064e-01 8.127228617668151855e-01
2.783384621143341064e-01 8.127228617668151855e-01
2.783384621143341064e-01 8.127228617668151855e-01
2.783384621143341064e-01 8.127228617668151855e-01
2.783384621143341064e-01 8.127228617668151855e-01
2.783384621143341064e-01 8.127228617668151855e-01
2.783384621143341064e-01 8.127228617668151855e-01
2.783384621143341064e-01 8.127228617668151855e-01
2.783384621143341064e-01 8.127228617668151855e-01
2.783384621143341064e-01 8.127228617668151855e-01
2.783384621143341064e-01 8.127228617668151855e-01
2.783384621143341064e-01 8.127228617668151855e-01
2.783384621143341064e-01 8.127228617668151855e-01
2.783384621143341064e-01 8.127228617668151855e-01
2.783384621143341064e-01 8.127228617668151855e-01
2.783384621143341064e-01 8.127228617668151855e-01
2.783384621143341064e-01 8.127228617668151855e-01
2.783384621143341064e-01 8.127228617668151855e-01
2.783384621143341064e-01 8.127228617668151855e-01
2.783384621143341064e-01 8.127228617668151855e-01
2.783384621143341064e-01 8.127228617668151855e-01
2.783384621143341064e-01 8.127228617668151855e-01
2.783384621143341064e-01 8.127228617668151855e-01
2.783384621143341064e-01 8.127228617668151855e-01
2.783384621143341064e-01 8.127228617668151855e-01
2.783384621143341064e-01 8.127228617668151855e-01
2.783384621143341064e-01 8.127228617668151855e-01
2.783384621143341064e-01 8.127228617668151855e-01
2.783384621143341064e-01 8.127228617668151855e-01
2.783384621143341064e-01 8.127228617668151855e-01
2.783384621143341064e-01 8.127228617668151855e-01
2.783384621143341064e-01 8.127228617668151855e-01
2.783384621143341064e-01 8.127228617668151855e-01
2.783384621143341064e-01 8.127228617668151855e-01
2.783384621143341064e-01 8.127228617668151855e-01
2.783384621143341064e-01 8.127228617668151855e-01
2.783384621143341064e-01 8.127228617668151855e-01
2.783384621143341064e-01 8.127228617668151855e-01
2.783384621143341064e-01 8.127228617668151855e-01
2.783384621143341064e-01 8.127228617668151855e-01
2.783384621143341064e-01 8.127228617668151855e-01
2.783384621143341064e-01 8.127228617668151855e-01
2.783384621143341064e-01 8.127228617668151855e-01
2.783384621143341064e-01 8.127228617668151855e-01
2.783384621143341064e-01 8.127228617668151855e-01
2.783384621143341064e-01 8.127228617668151855e-01
2.783384621143341064e-01 8.127228617668151855e-01
2.783384621143341064e-01 8.127228617668151855e-01
2.783384621143341064e-01 8.127228617668151855e-01
2.783384621143341064e-01 8.127228617668151855e-01
2.783384621143341064e-01 8.127228617668151855e-01
2.783384621143341064e-01 8.127228617668151855e-01
2.783384621143341064e-01 8.127228617668151855e-01
2.783384621143341064e-01 8.127228617668151855e-01
2.783384621143341064e-01 8.127228617668151855e-01
2.783384621143341064e-01 8.127228617668151855e-01
2.783384621143341064e-01 8.127228617668151855e-01
2.783384621143341064e-01 8.127228617668151855e-01
2.783384621143341064e-01 8.127228617668151855e-01
2.783384621143341064e-01 8.127228617668151855e-01
2.783384621143341064e-01 8.127228617668151855e-01
2.783384621143341064e-01 8.127228617668151855e-01
2.783384621143341064e-01 8.127228617668151855e-01
2.783384621143341064e-01 8.127228617668151855e-01
2.783384621143341064e-01 8.127228617668151855e-01
2.783384621143341064e-01 8.127228617668151855e-01
2.783384323120117188e-01 8.127228617668151855e-01
2.783384323120117188e-01 8.127228617668151855e-01
2.783384323120117188e-01 8.127228617668151855e-01
2.783384323120117188e-01 8.127228617668151855e-01
2.783384323120117188e-01 8.127229213714599609e-01
2.783384323120117188e-01 8.127229213714599609e-01
2.783384025096893311e-01 8.127229213714599609e-01
2.783383727073669434e-01 8.127229213714599609e-01
2.783383429050445557e-01 8.127229213714599609e-01
2.783383131027221680e-01 8.127229213714599609e-01
2.783383131027221680e-01 8.127229213714599609e-01
2.783383131027221680e-01 8.127229213714599609e-01
2.783383131027221680e-01 8.127229213714599609e-01
2.783383131027221680e-01 8.127229213714599609e-01
2.783383131027221680e-01 8.127229213714599609e-01
2.783383131027221680e-01 8.127229213714599609e-01
2.783383131027221680e-01 8.127229809761047363e-01
2.783383131027221680e-01 8.127229809761047363e-01
2.783383131027221680e-01 8.127229809761047363e-01
2.783383131027221680e-01 8.127229809761047363e-01
2.783383131027221680e-01 8.127229809761047363e-01
2.783383131027221680e-01 8.127229809761047363e-01
2.783382833003997803e-01 8.127229809761047363e-01
2.783382534980773926e-01 8.127229809761047363e-01
2.783382534980773926e-01 8.127229809761047363e-01
2.783382534980773926e-01 8.127229809761047363e-01
2.783382534980773926e-01 8.127229809761047363e-01
2.783382534980773926e-01 8.127229809761047363e-01
2.783382534980773926e-01 8.127229809761047363e-01
2.783382534980773926e-01 8.127229809761047363e-01
2.783382534980773926e-01 8.127229809761047363e-01
2.783382534980773926e-01 8.127229809761047363e-01
2.783382534980773926e-01 8.127229809761047363e-01
2.783382534980773926e-01 8.127229809761047363e-01
2.783382534980773926e-01 8.127229809761047363e-01
2.783382534980773926e-01 8.127229809761047363e-01
2.783382534980773926e-01 8.127229809761047363e-01
2.783382534980773926e-01 8.127229809761047363e-01
2.783382534980773926e-01 8.127229809761047363e-01
2.783382534980773926e-01 8.127229809761047363e-01
2.783382534980773926e-01 8.127229809761047363e-01
2.783382534980773926e-01 8.127229809761047363e-01
2.783382534980773926e-01 8.127229809761047363e-01
2.783382534980773926e-01 8.127229809761047363e-01
2.783382534980773926e-01 8.127229809761047363e-01
2.783382534980773926e-01 8.127229809761047363e-01
2.783382534980773926e-01 8.127229809761047363e-01
2.783382534980773926e-01 8.127229809761047363e-01
2.783382534980773926e-01 8.127229809761047363e-01
2.783382534980773926e-01 8.127229809761047363e-01
2.783382534980773926e-01 8.127229809761047363e-01
2.783382534980773926e-01 8.127229809761047363e-01
2.783382534980773926e-01 8.127229809761047363e-01
2.783382534980773926e-01 8.127229809761047363e-01
2.783382534980773926e-01 8.127229809761047363e-01
2.783382534980773926e-01 8.127229809761047363e-01
2.783382534980773926e-01 8.127229809761047363e-01
2.783382534980773926e-01 8.127229809761047363e-01
2.783382534980773926e-01 8.127229809761047363e-01
2.783382534980773926e-01 8.127229809761047363e-01
2.783382534980773926e-01 8.127229809761047363e-01
2.783382534980773926e-01 8.127229809761047363e-01
2.783382534980773926e-01 8.127229809761047363e-01
2.783382534980773926e-01 8.127229809761047363e-01
2.783382534980773926e-01 8.127229809761047363e-01
2.783382534980773926e-01 8.127229809761047363e-01
2.783382534980773926e-01 8.127229809761047363e-01
2.783382534980773926e-01 8.127229809761047363e-01
2.783382534980773926e-01 8.127229809761047363e-01
2.783382534980773926e-01 8.127229809761047363e-01
2.783382534980773926e-01 8.127229809761047363e-01
2.783382534980773926e-01 8.127229809761047363e-01
2.783382534980773926e-01 8.127229809761047363e-01
2.783382534980773926e-01 8.127229809761047363e-01
2.783382534980773926e-01 8.127229809761047363e-01
2.783382534980773926e-01 8.127229809761047363e-01
2.783382534980773926e-01 8.127229809761047363e-01
2.783382534980773926e-01 8.127229809761047363e-01
2.783382534980773926e-01 8.127229809761047363e-01
2.783382534980773926e-01 8.127229809761047363e-01
2.783382534980773926e-01 8.127229809761047363e-01
2.783382534980773926e-01 8.127229809761047363e-01
2.783382534980773926e-01 8.127229809761047363e-01
2.783382534980773926e-01 8.127229809761047363e-01
2.783382534980773926e-01 8.127229809761047363e-01
2.783382534980773926e-01 8.127229809761047363e-01
2.783382534980773926e-01 8.127229809761047363e-01
2.783382534980773926e-01 8.127229809761047363e-01
2.783382534980773926e-01 8.127229809761047363e-01
2.783382534980773926e-01 8.127229809761047363e-01
2.783382534980773926e-01 8.127229809761047363e-01
2.783382534980773926e-01 8.127229809761047363e-01
2.783382534980773926e-01 8.127229809761047363e-01
2.783382534980773926e-01 8.127229809761047363e-01
2.783382534980773926e-01 8.127229809761047363e-01
2.783382534980773926e-01 8.127229809761047363e-01
2.783382534980773926e-01 8.127229809761047363e-01
2.783382534980773926e-01 8.127229809761047363e-01
2.783382534980773926e-01 8.127229809761047363e-01
2.783382534980773926e-01 8.127229809761047363e-01
2.783382534980773926e-01 8.127229809761047363e-01
2.783382534980773926e-01 8.127229809761047363e-01
2.783382534980773926e-01 8.127229809761047363e-01
2.783382534980773926e-01 8.127229809761047363e-01
2.783382534980773926e-01 8.127229809761047363e-01
2.783382534980773926e-01 8.127229809761047363e-01
2.783382534980773926e-01 8.127229809761047363e-01
2.783382534980773926e-01 8.127229809761047363e-01
2.783382534980773926e-01 8.127229809761047363e-01
2.783382534980773926e-01 8.127229809761047363e-01
2.783382534980773926e-01 8.127229809761047363e-01
2.783382534980773926e-01 8.127229809761047363e-01
2.783382534980773926e-01 8.127229809761047363e-01
2.783382534980773926e-01 8.127229809761047363e-01
2.783382534980773926e-01 8.127229809761047363e-01
2.783382534980773926e-01 8.127229809761047363e-01
2.783382534980773926e-01 8.127229809761047363e-01
2.783382534980773926e-01 8.127229809761047363e-01
2.783382534980773926e-01 8.127229809761047363e-01
2.783382534980773926e-01 8.127229809761047363e-01
2.783382534980773926e-01 8.127229809761047363e-01
2.783382534980773926e-01 8.127229809761047363e-01
2.783382534980773926e-01 8.127229809761047363e-01
2.783382534980773926e-01 8.127229809761047363e-01
2.783382534980773926e-01 8.127229809761047363e-01
2.783382534980773926e-01 8.127229809761047363e-01
2.783382534980773926e-01 8.127229809761047363e-01
2.783382534980773926e-01 8.127229809761047363e-01
2.783382534980773926e-01 8.127229809761047363e-01
2.783382534980773926e-01 8.127229809761047363e-01
2.783382534980773926e-01 8.127229809761047363e-01
2.783382534980773926e-01 8.127229809761047363e-01
2.783382534980773926e-01 8.127229809761047363e-01
2.783382534980773926e-01 8.127229809761047363e-01
2.783382534980773926e-01 8.127229809761047363e-01
2.783382534980773926e-01 8.127229809761047363e-01
2.783382534980773926e-01 8.127229809761047363e-01
2.783382534980773926e-01 8.127229809761047363e-01
2.783382534980773926e-01 8.127229809761047363e-01
2.783382534980773926e-01 8.127229809761047363e-01
2.783382534980773926e-01 8.127229809761047363e-01
2.783382534980773926e-01 8.127229809761047363e-01
2.783382534980773926e-01 8.127229809761047363e-01
2.783382534980773926e-01 8.127229809761047363e-01
2.783382534980773926e-01 8.127229809761047363e-01
2.783382534980773926e-01 8.127229809761047363e-01
2.783382534980773926e-01 8.127229809761047363e-01
2.783382534980773926e-01 8.127229809761047363e-01
2.783382534980773926e-01 8.127229809761047363e-01
2.783382534980773926e-01 8.127229809761047363e-01
2.783382534980773926e-01 8.127229809761047363e-01
2.783382534980773926e-01 8.127229809761047363e-01
2.783382534980773926e-01 8.127229809761047363e-01
2.783382534980773926e-01 8.127229809761047363e-01
2.783382534980773926e-01 8.127229809761047363e-01
2.783382534980773926e-01 8.127229809761047363e-01
2.783382534980773926e-01 8.127229809761047363e-01
2.783382534980773926e-01 8.127229809761047363e-01
2.783382534980773926e-01 8.127229809761047363e-01
2.783382534980773926e-01 8.127229809761047363e-01
2.783382534980773926e-01 8.127229809761047363e-01
2.783382534980773926e-01 8.127229809761047363e-01
2.783382534980773926e-01 8.127229809761047363e-01
2.783382534980773926e-01 8.127229809761047363e-01
2.783382534980773926e-01 8.127229809761047363e-01
2.783382534980773926e-01 8.127229809761047363e-01
2.783382534980773926e-01 8.127229809761047363e-01
2.783382534980773926e-01 8.127229809761047363e-01
2.783382534980773926e-01 8.127229809761047363e-01
2.783382534980773926e-01 8.127229809761047363e-01
2.783382534980773926e-01 8.127229809761047363e-01
2.783382534980773926e-01 8.127229809761047363e-01
2.783382534980773926e-01 8.127229809761047363e-01
2.783382534980773926e-01 8.127229809761047363e-01
2.783382534980773926e-01 8.127229809761047363e-01
2.783382534980773926e-01 8.127229809761047363e-01
2.783382534980773926e-01 8.127229809761047363e-01
2.783382534980773926e-01 8.127229809761047363e-01
2.783382534980773926e-01 8.127229809761047363e-01
2.783382534980773926e-01 8.127229809761047363e-01
2.783382534980773926e-01 8.127229809761047363e-01
2.783382534980773926e-01 8.127229809761047363e-01
2.783382534980773926e-01 8.127229809761047363e-01
2.783382534980773926e-01 8.127229809761047363e-01
2.783382534980773926e-01 8.127229809761047363e-01
2.783382534980773926e-01 8.127229809761047363e-01
2.783382534980773926e-01 8.127229809761047363e-01
2.783382534980773926e-01 8.127229809761047363e-01
2.783382534980773926e-01 8.127229809761047363e-01
2.783382534980773926e-01 8.127229809761047363e-01
2.783382534980773926e-01 8.127229809761047363e-01
2.783382534980773926e-01 8.127229809761047363e-01
2.783382534980773926e-01 8.127229809761047363e-01
2.783382534980773926e-01 8.127229809761047363e-01
2.783382534980773926e-01 8.127229809761047363e-01
2.783382534980773926e-01 8.127229809761047363e-01
2.783382534980773926e-01 8.127229809761047363e-01
2.783382534980773926e-01 8.127229809761047363e-01
2.783382534980773926e-01 8.127229809761047363e-01
2.783382534980773926e-01 8.127229809761047363e-01
2.783382534980773926e-01 8.127229809761047363e-01
2.783382534980773926e-01 8.127229809761047363e-01
2.783382534980773926e-01 8.127229809761047363e-01
2.783382534980773926e-01 8.127229809761047363e-01
2.783382534980773926e-01 8.127229809761047363e-01
2.783382534980773926e-01 8.127229809761047363e-01
2.783382534980773926e-01 8.127229809761047363e-01
2.783382534980773926e-01 8.127229809761047363e-01
2.783382534980773926e-01 8.127229809761047363e-01
2.783382534980773926e-01 8.127229809761047363e-01
2.783382534980773926e-01 8.127229809761047363e-01
2.783382534980773926e-01 8.127229809761047363e-01
2.783382534980773926e-01 8.127229809761047363e-01
2.783382534980773926e-01 8.127229809761047363e-01
2.783382534980773926e-01 8.127229809761047363e-01
2.783382534980773926e-01 8.127229809761047363e-01
2.783382534980773926e-01 8.127229809761047363e-01
2.783382534980773926e-01 8.127229809761047363e-01
2.783382534980773926e-01 8.127229809761047363e-01
2.783382534980773926e-01 8.127230405807495117e-01
2.783382534980773926e-01 8.127230405807495117e-01
2.783382236957550049e-01 8.127230405807495117e-01
2.783381938934326172e-01 8.127230405807495117e-01
2.783381640911102295e-01 8.127230405807495117e-01
2.783381342887878418e-01 8.127230405807495117e-01
2.783381044864654541e-01 8.127230405807495117e-01
2.783381044864654541e-01 8.127230405807495117e-01
2.783381044864654541e-01 8.127230405807495117e-01
2.783381044864654541e-01 8.127230405807495117e-01
2.783381044864654541e-01 8.127230405807495117e-01
2.783381044864654541e-01 8.127230405807495117e-01
2.783381044864654541e-01 8.127231001853942871e-01
2.783381044864654541e-01 8.127231001853942871e-01
2.783381044864654541e-01 8.127231001853942871e-01
2.783381044864654541e-01 8.127231001853942871e-01
2.783381044864654541e-01 8.127231001853942871e-01
2.783381044864654541e-01 8.127231001853942871e-01
2.783381044864654541e-01 8.127231001853942871e-01
2.783381044864654541e-01 8.127231001853942871e-01
2.783381044864654541e-01 8.127231001853942871e-01
2.783381044864654541e-01 8.127231001853942871e-01
2.783381044864654541e-01 8.127231001853942871e-01
2.783380746841430664e-01 8.127231001853942871e-01
2.783380746841430664e-01 8.127231001853942871e-01
2.783380746841430664e-01 8.127231001853942871e-01
2.783380746841430664e-01 8.127231001853942871e-01
2.783380746841430664e-01 8.127231001853942871e-01
2.783380746841430664e-01 8.127231001853942871e-01
2.783380746841430664e-01 8.127231001853942871e-01
2.783380746841430664e-01 8.127231001853942871e-01
2.783380746841430664e-01 8.127231001853942871e-01
2.783380746841430664e-01 8.127231001853942871e-01
2.783380746841430664e-01 8.127231001853942871e-01
2.783380746841430664e-01 8.127231001853942871e-01
2.783380746841430664e-01 8.127231001853942871e-01
2.783380746841430664e-01 8.127231001853942871e-01
2.783380746841430664e-01 8.127231001853942871e-01
2.783380746841430664e-01 8.127231001853942871e-01
2.783380746841430664e-01 8.127231001853942871e-01
2.783380746841430664e-01 8.127231001853942871e-01
2.783380746841430664e-01 8.127231001853942871e-01
2.783380746841430664e-01 8.127231001853942871e-01
2.783380746841430664e-01 8.127231001853942871e-01
2.783380746841430664e-01 8.127231001853942871e-01
2.783380746841430664e-01 8.127231001853942871e-01
2.783380746841430664e-01 8.127231001853942871e-01
2.783380746841430664e-01 8.127231001853942871e-01
2.783380746841430664e-01 8.127231001853942871e-01
2.783380746841430664e-01 8.127231001853942871e-01
2.783380746841430664e-01 8.127231001853942871e-01
2.783380746841430664e-01 8.127231001853942871e-01
2.783380746841430664e-01 8.127231001853942871e-01
2.783380746841430664e-01 8.127231001853942871e-01
2.783380746841430664e-01 8.127231001853942871e-01
2.783380746841430664e-01 8.127231001853942871e-01
2.783380746841430664e-01 8.127231001853942871e-01
2.783380746841430664e-01 8.127231001853942871e-01
2.783380746841430664e-01 8.127231001853942871e-01
2.783380746841430664e-01 8.127231001853942871e-01
2.783380746841430664e-01 8.127231001853942871e-01
2.783380746841430664e-01 8.127231001853942871e-01
2.783380746841430664e-01 8.127231001853942871e-01
2.783380746841430664e-01 8.127231001853942871e-01
2.783380746841430664e-01 8.127231001853942871e-01
2.783380746841430664e-01 8.127231001853942871e-01
2.783380746841430664e-01 8.127231001853942871e-01
2.783380746841430664e-01 8.127231001853942871e-01
2.783380746841430664e-01 8.127231001853942871e-01
2.783380746841430664e-01 8.127231001853942871e-01
2.783380746841430664e-01 8.127231001853942871e-01
2.783380746841430664e-01 8.127231001853942871e-01
2.783380746841430664e-01 8.127231001853942871e-01
2.783380746841430664e-01 8.127231001853942871e-01
2.783380746841430664e-01 8.127231001853942871e-01
2.783380746841430664e-01 8.127231001853942871e-01
2.783380746841430664e-01 8.127231001853942871e-01
2.783380746841430664e-01 8.127231001853942871e-01
2.783380746841430664e-01 8.127231001853942871e-01
2.783380746841430664e-01 8.127231001853942871e-01
2.783380746841430664e-01 8.127231001853942871e-01
2.783380746841430664e-01 8.127231001853942871e-01
2.783380746841430664e-01 8.127231001853942871e-01
2.783380746841430664e-01 8.127231001853942871e-01
2.783380746841430664e-01 8.127231001853942871e-01
2.783380746841430664e-01 8.127231001853942871e-01
2.783380746841430664e-01 8.127231001853942871e-01
2.783380746841430664e-01 8.127231001853942871e-01
2.783380746841430664e-01 8.127231001853942871e-01
2.783380746841430664e-01 8.127231001853942871e-01
2.783380746841430664e-01 8.127231001853942871e-01
2.783380746841430664e-01 8.127231001853942871e-01
2.783380746841430664e-01 8.127231001853942871e-01
2.783380746841430664e-01 8.127231001853942871e-01
2.783380746841430664e-01 8.127231001853942871e-01
2.783380746841430664e-01 8.127231001853942871e-01
2.783380746841430664e-01 8.127231001853942871e-01
2.783380746841430664e-01 8.127231001853942871e-01
2.783380746841430664e-01 8.127231001853942871e-01
2.783380746841430664e-01 8.127231001853942871e-01
2.783380746841430664e-01 8.127231001853942871e-01
2.783380746841430664e-01 8.127231001853942871e-01
2.783380746841430664e-01 8.127231001853942871e-01
2.783380746841430664e-01 8.127231001853942871e-01
2.783380746841430664e-01 8.127231001853942871e-01
2.783380746841430664e-01 8.127231001853942871e-01
2.783380746841430664e-01 8.127231001853942871e-01
2.783380746841430664e-01 8.127231001853942871e-01
2.783380746841430664e-01 8.127231001853942871e-01
2.783380746841430664e-01 8.127231001853942871e-01
2.783380746841430664e-01 8.127231001853942871e-01
2.783380746841430664e-01 8.127231001853942871e-01
2.783380746841430664e-01 8.127231001853942871e-01
2.783380746841430664e-01 8.127231001853942871e-01
2.783380746841430664e-01 8.127231001853942871e-01
2.783380746841430664e-01 8.127231001853942871e-01
2.783380746841430664e-01 8.127231001853942871e-01
2.783380746841430664e-01 8.127231001853942871e-01
2.783380746841430664e-01 8.127231001853942871e-01
2.783380746841430664e-01 8.127231001853942871e-01
2.783380746841430664e-01 8.127231001853942871e-01
2.783380746841430664e-01 8.127231001853942871e-01
2.783380746841430664e-01 8.127231001853942871e-01
2.783380746841430664e-01 8.127231001853942871e-01
2.783380746841430664e-01 8.127231001853942871e-01
2.783380746841430664e-01 8.127231001853942871e-01
2.783380746841430664e-01 8.127231001853942871e-01
2.783380746841430664e-01 8.127231001853942871e-01
2.783380746841430664e-01 8.127231001853942871e-01
2.783380746841430664e-01 8.127231001853942871e-01
2.783380746841430664e-01 8.127231001853942871e-01
2.783380746841430664e-01 8.127231001853942871e-01
2.783380746841430664e-01 8.127231001853942871e-01
2.783380746841430664e-01 8.127231001853942871e-01
2.783380746841430664e-01 8.127231001853942871e-01
2.783380746841430664e-01 8.127231001853942871e-01
2.783380746841430664e-01 8.127231001853942871e-01
2.783380746841430664e-01 8.127231001853942871e-01
2.783380746841430664e-01 8.127231001853942871e-01
2.783380746841430664e-01 8.127231001853942871e-01
2.783380746841430664e-01 8.127231001853942871e-01
2.783380746841430664e-01 8.127231001853942871e-01
2.783380746841430664e-01 8.127231001853942871e-01
2.783380746841430664e-01 8.127231001853942871e-01
2.783380746841430664e-01 8.127231001853942871e-01
2.783380746841430664e-01 8.127231001853942871e-01
2.783380746841430664e-01 8.127231001853942871e-01
2.783380746841430664e-01 8.127231001853942871e-01
2.783380746841430664e-01 8.127231001853942871e-01
2.783380746841430664e-01 8.127231001853942871e-01
2.783380746841430664e-01 8.127231001853942871e-01
2.783380746841430664e-01 8.127231001853942871e-01
2.783380746841430664e-01 8.127231001853942871e-01
2.783380746841430664e-01 8.127231001853942871e-01
2.783380746841430664e-01 8.127231001853942871e-01
2.783380746841430664e-01 8.127231001853942871e-01
2.783380746841430664e-01 8.127231001853942871e-01
2.783380746841430664e-01 8.127231001853942871e-01
2.783380746841430664e-01 8.127231001853942871e-01
2.783380746841430664e-01 8.127231001853942871e-01
2.783380746841430664e-01 8.127231001853942871e-01
2.783380746841430664e-01 8.127231001853942871e-01
2.783380746841430664e-01 8.127231001853942871e-01
2.783380746841430664e-01 8.127231001853942871e-01
2.783380746841430664e-01 8.127231001853942871e-01
2.783380746841430664e-01 8.127231001853942871e-01
2.783380746841430664e-01 8.127231001853942871e-01
2.783380746841430664e-01 8.127231001853942871e-01
2.783380746841430664e-01 8.127231001853942871e-01
2.783380746841430664e-01 8.127231001853942871e-01
2.783380746841430664e-01 8.127231001853942871e-01
2.783380746841430664e-01 8.127231001853942871e-01
2.783380746841430664e-01 8.127231001853942871e-01
2.783380746841430664e-01 8.127231001853942871e-01
2.783380746841430664e-01 8.127231001853942871e-01
2.783380746841430664e-01 8.127231001853942871e-01
2.783380746841430664e-01 8.127231001853942871e-01
2.783380746841430664e-01 8.127231001853942871e-01
2.783380746841430664e-01 8.127231001853942871e-01
2.783380746841430664e-01 8.127231001853942871e-01
2.783380746841430664e-01 8.127231001853942871e-01
2.783380746841430664e-01 8.127231001853942871e-01
2.783380746841430664e-01 8.127231001853942871e-01
2.783380746841430664e-01 8.127231001853942871e-01
2.783380746841430664e-01 8.127231001853942871e-01
2.783380746841430664e-01 8.127231001853942871e-01
2.783380746841430664e-01 8.127231001853942871e-01
2.783380746841430664e-01 8.127231001853942871e-01
2.783380746841430664e-01 8.127231001853942871e-01
2.783380746841430664e-01 8.127231001853942871e-01
2.783380746841430664e-01 8.127231001853942871e-01
2.783380746841430664e-01 8.127231001853942871e-01
2.783380746841430664e-01 8.127231001853942871e-01
2.783380746841430664e-01 8.127231001853942871e-01
2.783380746841430664e-01 8.127231001853942871e-01
2.783380746841430664e-01 8.127231001853942871e-01
2.783380746841430664e-01 8.127231001853942871e-01
2.783380746841430664e-01 8.127231001853942871e-01
2.783380746841430664e-01 8.127231001853942871e-01
2.783380746841430664e-01 8.127231001853942871e-01
2.783380746841430664e-01 8.127231001853942871e-01
2.783380746841430664e-01 8.127231001853942871e-01
2.783380746841430664e-01 8.127231001853942871e-01
2.783380746841430664e-01 8.127231001853942871e-01
2.783380746841430664e-01 8.127231001853942871e-01
2.783380746841430664e-01 8.127231001853942871e-01
2.783380746841430664e-01 8.127231001853942871e-01
2.783380746841430664e-01 8.127231001853942871e-01
2.783380746841430664e-01 8.127231001853942871e-01
2.783380746841430664e-01 8.127231001853942871e-01
2.783380746841430664e-01 8.127231001853942871e-01
2.783380746841430664e-01 8.127231001853942871e-01
2.783380746841430664e-01 8.127231001853942871e-01
2.783380746841430664e-01 8.127231001853942871e-01
2.783380746841430664e-01 8.127231001853942871e-01
2.783380746841430664e-01 8.127231001853942871e-01
2.783380746841430664e-01 8.127231001853942871e-01
2.783380746841430664e-01 8.127231001853942871e-01
2.783380746841430664e-01 8.127231001853942871e-01
2.783380746841430664e-01 8.127231001853942871e-01
2.783380746841430664e-01 8.127231001853942871e-01
2.783380746841430664e-01 8.127231001853942871e-01
2.783380746841430664e-01 8.127231001853942871e-01
2.783380746841430664e-01 8.127231001853942871e-01
2.783380746841430664e-01 8.127231001853942871e-01
2.783380746841430664e-01 8.127231001853942871e-01
2.783380746841430664e-01 8.127231001853942871e-01
2.783380746841430664e-01 8.127231001853942871e-01
2.783380746841430664e-01 8.127231001853942871e-01
2.783380746841430664e-01 8.127231001853942871e-01
2.783380746841430664e-01 8.127231001853942871e-01
2.783380746841430664e-01 8.127231001853942871e-01
2.783380746841430664e-01 8.127231001853942871e-01
2.783380746841430664e-01 8.127231001853942871e-01
2.783380746841430664e-01 8.127231001853942871e-01
2.783380746841430664e-01 8.127231001853942871e-01
2.783380746841430664e-01 8.127231001853942871e-01
2.783380746841430664e-01 8.127231001853942871e-01
2.783380746841430664e-01 8.127231001853942871e-01
2.783380746841430664e-01 8.127231001853942871e-01
2.783380746841430664e-01 8.127231001853942871e-01
2.783380746841430664e-01 8.127231001853942871e-01
2.783380746841430664e-01 8.127231001853942871e-01
2.783380746841430664e-01 8.127231001853942871e-01
2.783380746841430664e-01 8.127231001853942871e-01
2.783380746841430664e-01 8.127231001853942871e-01
2.783380746841430664e-01 8.127231001853942871e-01
2.783380746841430664e-01 8.127231001853942871e-01
2.783380746841430664e-01 8.127231001853942871e-01
2.783380746841430664e-01 8.127231001853942871e-01
2.783380746841430664e-01 8.127231001853942871e-01
2.783380746841430664e-01 8.127231001853942871e-01
2.783380746841430664e-01 8.127231001853942871e-01
2.783380746841430664e-01 8.127231001853942871e-01
2.783380746841430664e-01 8.127231001853942871e-01
2.783380746841430664e-01 8.127231001853942871e-01
2.783380746841430664e-01 8.127231001853942871e-01
2.783380746841430664e-01 8.127231001853942871e-01
2.783380746841430664e-01 8.127231001853942871e-01
2.783380746841430664e-01 8.127231001853942871e-01
2.783380746841430664e-01 8.127231001853942871e-01
2.783380746841430664e-01 8.127231001853942871e-01
2.783380746841430664e-01 8.127231001853942871e-01
2.783380746841430664e-01 8.127231001853942871e-01
2.783380746841430664e-01 8.127231001853942871e-01
2.783380746841430664e-01 8.127231001853942871e-01
2.783380746841430664e-01 8.127231001853942871e-01
2.783380746841430664e-01 8.127231001853942871e-01
2.783380746841430664e-01 8.127231001853942871e-01
2.783380746841430664e-01 8.127231001853942871e-01
2.783380746841430664e-01 8.127231001853942871e-01
2.783380746841430664e-01 8.127231001853942871e-01
2.783380746841430664e-01 8.127231001853942871e-01
2.783380746841430664e-01 8.127231001853942871e-01
2.783380448818206787e-01 8.127231001853942871e-01
2.783380448818206787e-01 8.127231001853942871e-01
2.783380448818206787e-01 8.127231001853942871e-01
2.783380448818206787e-01 8.127231001853942871e-01
2.783380448818206787e-01 8.127231001853942871e-01
2.783380448818206787e-01 8.127231597900390625e-01
2.783380448818206787e-01 8.127231597900390625e-01
2.783380150794982910e-01 8.127231597900390625e-01
2.783379852771759033e-01 8.127231597900390625e-01
2.783379554748535156e-01 8.127231597900390625e-01
2.783379256725311279e-01 8.127231597900390625e-01
2.783379256725311279e-01 8.127231597900390625e-01
2.783379256725311279e-01 8.127231597900390625e-01
2.783379256725311279e-01 8.127231597900390625e-01
2.783379256725311279e-01 8.127231597900390625e-01
2.783379256725311279e-01 8.127231597900390625e-01
2.783379256725311279e-01 8.127232193946838379e-01
2.783379256725311279e-01 8.127232193946838379e-01
2.783379256725311279e-01 8.127232193946838379e-01
2.783379256725311279e-01 8.127232193946838379e-01
2.783379256725311279e-01 8.127232193946838379e-01
2.783379256725311279e-01 8.127232193946838379e-01
2.783379256725311279e-01 8.127232193946838379e-01
2.783378958702087402e-01 8.127232193946838379e-01
2.783378660678863525e-01 8.127232193946838379e-01
2.783378660678863525e-01 8.127232193946838379e-01
2.783378660678863525e-01 8.127232193946838379e-01
2.783378660678863525e-01 8.127232193946838379e-01
2.783378660678863525e-01 8.127232193946838379e-01
2.783378660678863525e-01 8.127232193946838379e-01
2.783378660678863525e-01 8.127232193946838379e-01
2.783378660678863525e-01 8.127232193946838379e-01
2.783378660678863525e-01 8.127232193946838379e-01
2.783378660678863525e-01 8.127232193946838379e-01
2.783378660678863525e-01 8.127232193946838379e-01
2.783378660678863525e-01 8.127232193946838379e-01
2.783378660678863525e-01 8.127232193946838379e-01
2.783378660678863525e-01 8.127232193946838379e-01
2.783378660678863525e-01 8.127232193946838379e-01
2.783378660678863525e-01 8.127232193946838379e-01
2.783378660678863525e-01 8.127232193946838379e-01
2.783378660678863525e-01 8.127232193946838379e-01
2.783378660678863525e-01 8.127232193946838379e-01
2.783378660678863525e-01 8.127232193946838379e-01
2.783378660678863525e-01 8.127232193946838379e-01
2.783378660678863525e-01 8.127232193946838379e-01
2.783378660678863525e-01 8.127232193946838379e-01
2.783378660678863525e-01 8.127232193946838379e-01
2.783378660678863525e-01 8.127232193946838379e-01
2.783378660678863525e-01 8.127232193946838379e-01
2.783378660678863525e-01 8.127232193946838379e-01
2.783378660678863525e-01 8.127232193946838379e-01
2.783378660678863525e-01 8.127232193946838379e-01
2.783378660678863525e-01 8.127232193946838379e-01
2.783378660678863525e-01 8.127232193946838379e-01
2.783378660678863525e-01 8.127232193946838379e-01
2.783378660678863525e-01 8.127232193946838379e-01
2.783378660678863525e-01 8.127232193946838379e-01
2.783378660678863525e-01 8.127232193946838379e-01
2.783378660678863525e-01 8.127232193946838379e-01
2.783378660678863525e-01 8.127232193946838379e-01
2.783378660678863525e-01 8.127232193946838379e-01
2.783378660678863525e-01 8.127232193946838379e-01
2.783378660678863525e-01 8.127232193946838379e-01
2.783378660678863525e-01 8.127232193946838379e-01
2.783378660678863525e-01 8.127232193946838379e-01
2.783378660678863525e-01 8.127232193946838379e-01
2.783378660678863525e-01 8.127232193946838379e-01
2.783378660678863525e-01 8.127232193946838379e-01
2.783378660678863525e-01 8.127232193946838379e-01
2.783378660678863525e-01 8.127232193946838379e-01
2.783378660678863525e-01 8.127232193946838379e-01
2.783378660678863525e-01 8.127232193946838379e-01
2.783378660678863525e-01 8.127232193946838379e-01
2.783378660678863525e-01 8.127232193946838379e-01
2.783378660678863525e-01 8.127232193946838379e-01
2.783378660678863525e-01 8.127232193946838379e-01
2.783378660678863525e-01 8.127232193946838379e-01
2.783378660678863525e-01 8.127232193946838379e-01
2.783378660678863525e-01 8.127232193946838379e-01
2.783378660678863525e-01 8.127232193946838379e-01
2.783378660678863525e-01 8.127232193946838379e-01
2.783378660678863525e-01 8.127232193946838379e-01
2.783378660678863525e-01 8.127232193946838379e-01
2.783378660678863525e-01 8.127232193946838379e-01
2.783378660678863525e-01 8.127232193946838379e-01
2.783378660678863525e-01 8.127232193946838379e-01
2.783378660678863525e-01 8.127232193946838379e-01
2.783378660678863525e-01 8.127232193946838379e-01
2.783378660678863525e-01 8.127232193946838379e-01
2.783378660678863525e-01 8.127232193946838379e-01
2.783378660678863525e-01 8.127232193946838379e-01
2.783378660678863525e-01 8.127232193946838379e-01
2.783378660678863525e-01 8.127232193946838379e-01
2.783378660678863525e-01 8.127232193946838379e-01
2.783378660678863525e-01 8.127232193946838379e-01
2.783378660678863525e-01 8.127232193946838379e-01
2.783378660678863525e-01 8.127232193946838379e-01
2.783378660678863525e-01 8.127232193946838379e-01
2.783378660678863525e-01 8.127232193946838379e-01
2.783378660678863525e-01 8.127232193946838379e-01
2.783378660678863525e-01 8.127232193946838379e-01
2.783378660678863525e-01 8.127232193946838379e-01
2.783378660678863525e-01 8.127232193946838379e-01
2.783378660678863525e-01 8.127232193946838379e-01
2.783378660678863525e-01 8.127232193946838379e-01
2.783378660678863525e-01 8.127232193946838379e-01
2.783378660678863525e-01 8.127232193946838379e-01
2.783378660678863525e-01 8.127232193946838379e-01
2.783378660678863525e-01 8.127232193946838379e-01
2.783378660678863525e-01 8.127232193946838379e-01
2.783378660678863525e-01 8.127232193946838379e-01
2.783378660678863525e-01 8.127232193946838379e-01
2.783378660678863525e-01 8.127232193946838379e-01
2.783378660678863525e-01 8.127232193946838379e-01
2.783378660678863525e-01 8.127232193946838379e-01
2.783378660678863525e-01 8.127232193946838379e-01
2.783378660678863525e-01 8.127232193946838379e-01
2.783378660678863525e-01 8.127232193946838379e-01
2.783378660678863525e-01 8.127232193946838379e-01
2.783378660678863525e-01 8.127232193946838379e-01
2.783378660678863525e-01 8.127232193946838379e-01
2.783378660678863525e-01 8.127232193946838379e-01
2.783378660678863525e-01 8.127232193946838379e-01
2.783378660678863525e-01 8.127232193946838379e-01
2.783378660678863525e-01 8.127232193946838379e-01
2.783378660678863525e-01 8.127232193946838379e-01
2.783378660678863525e-01 8.127232193946838379e-01
2.783378660678863525e-01 8.127232193946838379e-01
2.783378660678863525e-01 8.127232193946838379e-01
2.783378660678863525e-01 8.127232193946838379e-01
2.783378660678863525e-01 8.127232193946838379e-01
2.783378660678863525e-01 8.127232193946838379e-01
2.783378660678863525e-01 8.127232193946838379e-01
2.783378660678863525e-01 8.127232193946838379e-01
2.783378660678863525e-01 8.127232193946838379e-01
2.783378660678863525e-01 8.127232193946838379e-01
2.783378660678863525e-01 8.127232193946838379e-01
2.783378660678863525e-01 8.127232193946838379e-01
2.783378660678863525e-01 8.127232193946838379e-01
2.783378660678863525e-01 8.127232193946838379e-01
2.783378660678863525e-01 8.127232193946838379e-01
2.783378660678863525e-01 8.127232193946838379e-01
2.783378660678863525e-01 8.127232193946838379e-01
2.783378660678863525e-01 8.127232193946838379e-01
2.783378660678863525e-01 8.127232193946838379e-01
2.783378660678863525e-01 8.127232193946838379e-01
2.783378660678863525e-01 8.127232193946838379e-01
2.783378660678863525e-01 8.127232193946838379e-01
2.783378660678863525e-01 8.127232193946838379e-01
2.783378660678863525e-01 8.127232193946838379e-01
2.783378660678863525e-01 8.127232193946838379e-01
2.783378660678863525e-01 8.127232193946838379e-01
2.783378660678863525e-01 8.127232193946838379e-01
2.783378660678863525e-01 8.127232193946838379e-01
2.783378660678863525e-01 8.127232193946838379e-01
2.783378660678863525e-01 8.127232193946838379e-01
2.783378660678863525e-01 8.127232193946838379e-01
2.783378660678863525e-01 8.127232193946838379e-01
2.783378660678863525e-01 8.127232193946838379e-01
2.783378660678863525e-01 8.127232193946838379e-01
2.783378660678863525e-01 8.127232193946838379e-01
2.783378660678863525e-01 8.127232193946838379e-01
2.783378660678863525e-01 8.127232193946838379e-01
2.783378660678863525e-01 8.127232193946838379e-01
2.783378660678863525e-01 8.127232193946838379e-01
2.783378660678863525e-01 8.127232193946838379e-01
2.783378660678863525e-01 8.127232193946838379e-01
2.783378660678863525e-01 8.127232193946838379e-01
2.783378660678863525e-01 8.127232193946838379e-01
2.783378660678863525e-01 8.127232193946838379e-01
2.783378660678863525e-01 8.127232193946838379e-01
2.783378660678863525e-01 8.127232193946838379e-01
2.783378660678863525e-01 8.127232193946838379e-01
2.783378660678863525e-01 8.127232193946838379e-01
2.783378660678863525e-01 8.127232193946838379e-01
2.783378660678863525e-01 8.127232193946838379e-01
2.783378660678863525e-01 8.127232193946838379e-01
2.783378660678863525e-01 8.127232193946838379e-01
2.783378660678863525e-01 8.127232193946838379e-01
2.783378660678863525e-01 8.127232193946838379e-01
2.783378660678863525e-01 8.127232193946838379e-01
2.783378660678863525e-01 8.127232193946838379e-01
2.783378660678863525e-01 8.127232193946838379e-01
2.783378660678863525e-01 8.127232193946838379e-01
2.783378660678863525e-01 8.127232193946838379e-01
2.783378660678863525e-01 8.127232193946838379e-01
2.783378660678863525e-01 8.127232193946838379e-01
2.783378660678863525e-01 8.127232193946838379e-01
2.783378660678863525e-01 8.127232193946838379e-01
2.783378660678863525e-01 8.127232193946838379e-01
2.783378660678863525e-01 8.127232193946838379e-01
2.783378660678863525e-01 8.127232193946838379e-01
2.783378660678863525e-01 8.127232193946838379e-01
2.783378660678863525e-01 8.127232193946838379e-01
2.783378660678863525e-01 8.127232193946838379e-01
2.783378660678863525e-01 8.127232193946838379e-01
2.783378660678863525e-01 8.127232193946838379e-01
2.783378660678863525e-01 8.127232193946838379e-01
2.783378660678863525e-01 8.127232193946838379e-01
2.783378660678863525e-01 8.127232193946838379e-01
2.783378660678863525e-01 8.127232193946838379e-01
2.783378660678863525e-01 8.127232193946838379e-01
2.783378660678863525e-01 8.127232193946838379e-01
2.783378660678863525e-01 8.127232193946838379e-01
2.783378660678863525e-01 8.127232193946838379e-01
2.783378660678863525e-01 8.127232193946838379e-01
2.783378660678863525e-01 8.127232193946838379e-01
2.783378660678863525e-01 8.127232193946838379e-01
2.783378660678863525e-01 8.127232193946838379e-01
2.783378660678863525e-01 8.127232193946838379e-01
2.783378660678863525e-01 8.127232193946838379e-01
2.783378660678863525e-01 8.127232193946838379e-01
2.783378660678863525e-01 8.127232193946838379e-01
2.783378660678863525e-01 8.127232193946838379e-01
2.783378660678863525e-01 8.127232193946838379e-01
2.783378660678863525e-01 8.127232193946838379e-01
2.783378660678863525e-01 8.127232193946838379e-01
2.783378660678863525e-01 8.127232193946838379e-01
2.783378660678863525e-01 8.127232193946838379e-01
2.783378660678863525e-01 8.127232193946838379e-01
2.783378660678863525e-01 8.127232193946838379e-01
2.783378660678863525e-01 8.127232193946838379e-01
2.783378660678863525e-01 8.127232193946838379e-01
2.783378660678863525e-01 8.127232193946838379e-01
2.783378660678863525e-01 8.127232193946838379e-01
2.783378660678863525e-01 8.127232193946838379e-01
2.783378660678863525e-01 8.127232193946838379e-01
2.783378660678863525e-01 8.127232193946838379e-01
2.783378660678863525e-01 8.127232193946838379e-01
2.783378660678863525e-01 8.127232193946838379e-01
2.783378660678863525e-01 8.127232193946838379e-01
2.783378660678863525e-01 8.127232193946838379e-01
2.783378660678863525e-01 8.127232193946838379e-01
2.783378660678863525e-01 8.127232193946838379e-01
2.783378660678863525e-01 8.127232193946838379e-01
2.783378660678863525e-01 8.127232193946838379e-01
2.783378660678863525e-01 8.127232193946838379e-01
2.783378660678863525e-01 8.127232193946838379e-01
2.783378660678863525e-01 8.127232193946838379e-01
2.783378660678863525e-01 8.127232193946838379e-01
2.783378660678863525e-01 8.127232193946838379e-01
2.783378660678863525e-01 8.127232193946838379e-01
2.783378660678863525e-01 8.127232193946838379e-01
2.783378660678863525e-01 8.127232193946838379e-01
2.783378660678863525e-01 8.127232193946838379e-01
2.783378660678863525e-01 8.127232193946838379e-01
2.783378660678863525e-01 8.127232193946838379e-01
2.783378660678863525e-01 8.127232193946838379e-01
2.783378660678863525e-01 8.127232193946838379e-01
2.783378660678863525e-01 8.127232193946838379e-01
2.783378660678863525e-01 8.127232193946838379e-01
2.783378660678863525e-01 8.127232193946838379e-01
2.783378660678863525e-01 8.127232193946838379e-01
2.783378660678863525e-01 8.127232193946838379e-01
2.783378660678863525e-01 8.127232193946838379e-01
2.783378660678863525e-01 8.127232193946838379e-01
2.783378660678863525e-01 8.127232193946838379e-01
2.783378660678863525e-01 8.127232193946838379e-01
2.783378660678863525e-01 8.127232193946838379e-01
2.783378660678863525e-01 8.127232193946838379e-01
2.783378660678863525e-01 8.127232193946838379e-01
2.783378660678863525e-01 8.127232193946838379e-01
2.783378660678863525e-01 8.127232193946838379e-01
2.783378660678863525e-01 8.127232193946838379e-01
2.783378660678863525e-01 8.127232193946838379e-01
2.783378660678863525e-01 8.127232193946838379e-01
2.783378660678863525e-01 8.127232193946838379e-01
2.783378660678863525e-01 8.127232193946838379e-01
2.783378660678863525e-01 8.127232193946838379e-01
2.783378660678863525e-01 8.127232193946838379e-01
2.783378660678863525e-01 8.127232193946838379e-01
2.783378660678863525e-01 8.127232789993286133e-01
2.783378660678863525e-01 8.127232789993286133e-01
2.783378660678863525e-01 8.127232789993286133e-01
2.783378362655639648e-01 8.127232789993286133e-01
2.783378064632415771e-01 8.127232789993286133e-01
2.783377766609191895e-01 8.127232789993286133e-01
2.783377468585968018e-01 8.127232789993286133e-01
2.783377170562744141e-01 8.127232789993286133e-01
2.783377170562744141e-01 8.127232789993286133e-01
2.783377170562744141e-01 8.127232789993286133e-01
2.783377170562744141e-01 8.127232789993286133e-01
2.783377170562744141e-01 8.127232789993286133e-01
2.783377170562744141e-01 8.127232789993286133e-01
2.783377170562744141e-01 8.127232789993286133e-01
2.783377170562744141e-01 8.127233386039733887e-01
2.783377170562744141e-01 8.127233386039733887e-01
2.783377170562744141e-01 8.127233386039733887e-01
2.783377170562744141e-01 8.127233386039733887e-01
2.783377170562744141e-01 8.127233386039733887e-01
2.783377170562744141e-01 8.127233386039733887e-01
2.783377170562744141e-01 8.127233386039733887e-01
2.783377170562744141e-01 8.127233386039733887e-01
2.783377170562744141e-01 8.127233386039733887e-01
2.783377170562744141e-01 8.127233386039733887e-01
2.783377170562744141e-01 8.127233386039733887e-01
2.783377170562744141e-01 8.127233386039733887e-01
2.783377170562744141e-01 8.127233386039733887e-01
2.783376872539520264e-01 8.127233386039733887e-01
2.783376872539520264e-01 8.127233386039733887e-01
2.783376872539520264e-01 8.127233386039733887e-01
2.783376872539520264e-01 8.127233386039733887e-01
2.783376872539520264e-01 8.127233386039733887e-01
2.783376872539520264e-01 8.127233386039733887e-01
2.783376872539520264e-01 8.127233386039733887e-01
2.783376872539520264e-01 8.127233386039733887e-01
2.783376872539520264e-01 8.127233386039733887e-01
2.783376872539520264e-01 8.127233386039733887e-01
2.783376872539520264e-01 8.127233386039733887e-01
2.783376872539520264e-01 8.127233386039733887e-01
2.783376872539520264e-01 8.127233386039733887e-01
2.783376872539520264e-01 8.127233386039733887e-01
2.783376872539520264e-01 8.127233386039733887e-01
2.783376872539520264e-01 8.127233386039733887e-01
2.783376872539520264e-01 8.127233386039733887e-01
2.783376872539520264e-01 8.127233386039733887e-01
2.783376872539520264e-01 8.127233386039733887e-01
2.783376872539520264e-01 8.127233386039733887e-01
2.783376872539520264e-01 8.127233386039733887e-01
2.783376872539520264e-01 8.127233386039733887e-01
2.783376872539520264e-01 8.127233386039733887e-01
2.783376872539520264e-01 8.127233386039733887e-01
2.783376872539520264e-01 8.127233386039733887e-01
2.783376872539520264e-01 8.127233386039733887e-01
2.783376872539520264e-01 8.127233386039733887e-01
2.783376872539520264e-01 8.127233386039733887e-01
2.783376872539520264e-01 8.127233386039733887e-01
2.783376872539520264e-01 8.127233386039733887e-01
2.783376872539520264e-01 8.127233386039733887e-01
2.783376872539520264e-01 8.127233386039733887e-01
2.783376872539520264e-01 8.127233386039733887e-01
2.783376872539520264e-01 8.127233386039733887e-01
2.783376872539520264e-01 8.127233386039733887e-01
2.783376872539520264e-01 8.127233386039733887e-01
2.783376872539520264e-01 8.127233386039733887e-01
2.783376872539520264e-01 8.127233386039733887e-01
2.783376872539520264e-01 8.127233386039733887e-01
2.783376872539520264e-01 8.127233386039733887e-01
2.783376872539520264e-01 8.127233386039733887e-01
2.783376872539520264e-01 8.127233386039733887e-01
2.783376872539520264e-01 8.127233386039733887e-01
2.783376872539520264e-01 8.127233386039733887e-01
2.783376872539520264e-01 8.127233386039733887e-01
2.783376872539520264e-01 8.127233386039733887e-01
2.783376872539520264e-01 8.127233386039733887e-01
2.783376872539520264e-01 8.127233386039733887e-01
2.783376872539520264e-01 8.127233386039733887e-01
2.783376872539520264e-01 8.127233386039733887e-01
2.783376872539520264e-01 8.127233386039733887e-01
2.783376872539520264e-01 8.127233386039733887e-01
2.783376872539520264e-01 8.127233386039733887e-01
2.783376872539520264e-01 8.127233386039733887e-01
2.783376872539520264e-01 8.127233386039733887e-01
2.783376872539520264e-01 8.127233386039733887e-01
2.783376872539520264e-01 8.127233386039733887e-01
2.783376872539520264e-01 8.127233386039733887e-01
2.783376872539520264e-01 8.127233386039733887e-01
2.783376872539520264e-01 8.127233386039733887e-01
2.783376872539520264e-01 8.127233386039733887e-01
2.783376872539520264e-01 8.127233386039733887e-01
2.783376872539520264e-01 8.127233386039733887e-01
2.783376872539520264e-01 8.127233386039733887e-01
2.783376872539520264e-01 8.127233386039733887e-01
2.783376872539520264e-01 8.127233386039733887e-01
2.783376872539520264e-01 8.127233386039733887e-01
2.783376872539520264e-01 8.127233386039733887e-01
2.783376872539520264e-01 8.127233386039733887e-01
2.783376872539520264e-01 8.127233386039733887e-01
2.783376872539520264e-01 8.127233386039733887e-01
2.783376872539520264e-01 8.127233386039733887e-01
2.783376872539520264e-01 8.127233386039733887e-01
2.783376872539520264e-01 8.127233386039733887e-01
2.783376872539520264e-01 8.127233386039733887e-01
2.783376872539520264e-01 8.127233386039733887e-01
2.783376872539520264e-01 8.127233386039733887e-01
2.783376872539520264e-01 8.127233386039733887e-01
2.783376872539520264e-01 8.127233386039733887e-01
2.783376872539520264e-01 8.127233386039733887e-01
2.783376872539520264e-01 8.127233386039733887e-01
2.783376872539520264e-01 8.127233386039733887e-01
2.783376872539520264e-01 8.127233386039733887e-01
2.783376872539520264e-01 8.127233386039733887e-01
2.783376872539520264e-01 8.127233386039733887e-01
2.783376872539520264e-01 8.127233386039733887e-01
2.783376872539520264e-01 8.127233386039733887e-01
2.783376872539520264e-01 8.127233386039733887e-01
2.783376872539520264e-01 8.127233386039733887e-01
2.783376872539520264e-01 8.127233386039733887e-01
2.783376872539520264e-01 8.127233386039733887e-01
2.783376872539520264e-01 8.127233386039733887e-01
2.783376872539520264e-01 8.127233386039733887e-01
2.783376872539520264e-01 8.127233386039733887e-01
2.783376872539520264e-01 8.127233386039733887e-01
2.783376872539520264e-01 8.127233386039733887e-01
2.783376872539520264e-01 8.127233386039733887e-01
2.783376872539520264e-01 8.127233386039733887e-01
2.783376872539520264e-01 8.127233386039733887e-01
2.783376872539520264e-01 8.127233386039733887e-01
2.783376872539520264e-01 8.127233386039733887e-01
2.783376872539520264e-01 8.127233386039733887e-01
2.783376872539520264e-01 8.127233386039733887e-01
2.783376872539520264e-01 8.127233386039733887e-01
2.783376872539520264e-01 8.127233386039733887e-01
2.783376872539520264e-01 8.127233386039733887e-01
2.783376872539520264e-01 8.127233386039733887e-01
2.783376872539520264e-01 8.127233386039733887e-01
2.783376872539520264e-01 8.127233386039733887e-01
2.783376872539520264e-01 8.127233386039733887e-01
2.783376872539520264e-01 8.127233386039733887e-01
2.783376872539520264e-01 8.127233386039733887e-01
2.783376872539520264e-01 8.127233386039733887e-01
2.783376872539520264e-01 8.127233386039733887e-01
2.783376872539520264e-01 8.127233386039733887e-01
2.783376872539520264e-01 8.127233386039733887e-01
2.783376872539520264e-01 8.127233386039733887e-01
2.783376872539520264e-01 8.127233386039733887e-01
2.783376872539520264e-01 8.127233386039733887e-01
2.783376872539520264e-01 8.127233386039733887e-01
2.783376872539520264e-01 8.127233386039733887e-01
2.783376872539520264e-01 8.127233386039733887e-01
2.783376872539520264e-01 8.127233386039733887e-01
2.783376872539520264e-01 8.127233386039733887e-01
2.783376872539520264e-01 8.127233386039733887e-01
2.783376872539520264e-01 8.127233386039733887e-01
2.783376872539520264e-01 8.127233386039733887e-01
2.783376872539520264e-01 8.127233386039733887e-01
2.783376872539520264e-01 8.127233386039733887e-01
2.783376872539520264e-01 8.127233386039733887e-01
2.783376872539520264e-01 8.127233386039733887e-01
2.783376872539520264e-01 8.127233386039733887e-01
2.783376872539520264e-01 8.127233386039733887e-01
2.783376872539520264e-01 8.127233386039733887e-01
2.783376872539520264e-01 8.127233386039733887e-01
2.783376872539520264e-01 8.127233386039733887e-01
2.783376872539520264e-01 8.127233386039733887e-01
2.783376872539520264e-01 8.127233386039733887e-01
2.783376872539520264e-01 8.127233386039733887e-01
2.783376872539520264e-01 8.127233386039733887e-01
2.783376872539520264e-01 8.127233386039733887e-01
2.783376872539520264e-01 8.127233386039733887e-01
2.783376872539520264e-01 8.127233386039733887e-01
2.783376872539520264e-01 8.127233386039733887e-01
2.783376872539520264e-01 8.127233386039733887e-01
2.783376872539520264e-01 8.127233386039733887e-01
2.783376872539520264e-01 8.127233386039733887e-01
2.783376872539520264e-01 8.127233386039733887e-01
2.783376872539520264e-01 8.127233386039733887e-01
2.783376872539520264e-01 8.127233386039733887e-01
2.783376872539520264e-01 8.127233386039733887e-01
2.783376872539520264e-01 8.127233386039733887e-01
2.783376872539520264e-01 8.127233386039733887e-01
2.783376872539520264e-01 8.127233386039733887e-01
2.783376872539520264e-01 8.127233386039733887e-01
2.783376872539520264e-01 8.127233386039733887e-01
2.783376872539520264e-01 8.127233386039733887e-01
2.783376872539520264e-01 8.127233386039733887e-01
2.783376872539520264e-01 8.127233386039733887e-01
2.783376872539520264e-01 8.127233386039733887e-01
2.783376872539520264e-01 8.127233386039733887e-01
2.783376872539520264e-01 8.127233386039733887e-01
2.783376872539520264e-01 8.127233386039733887e-01
2.783376872539520264e-01 8.127233386039733887e-01
2.783376872539520264e-01 8.127233386039733887e-01
2.783376872539520264e-01 8.127233386039733887e-01
2.783376872539520264e-01 8.127233386039733887e-01
2.783376872539520264e-01 8.127233386039733887e-01
2.783376872539520264e-01 8.127233386039733887e-01
2.783376872539520264e-01 8.127233386039733887e-01
2.783376872539520264e-01 8.127233386039733887e-01
2.783376872539520264e-01 8.127233386039733887e-01
2.783376872539520264e-01 8.127233386039733887e-01
2.783376872539520264e-01 8.127233386039733887e-01
2.783376872539520264e-01 8.127233386039733887e-01
2.783376872539520264e-01 8.127233386039733887e-01
2.783376872539520264e-01 8.127233386039733887e-01
2.783376872539520264e-01 8.127233386039733887e-01
2.783376872539520264e-01 8.127233386039733887e-01
2.783376872539520264e-01 8.127233386039733887e-01
2.783376872539520264e-01 8.127233386039733887e-01
2.783376872539520264e-01 8.127233386039733887e-01
2.783376872539520264e-01 8.127233386039733887e-01
2.783376872539520264e-01 8.127233386039733887e-01
2.783376872539520264e-01 8.127233386039733887e-01
2.783376872539520264e-01 8.127233386039733887e-01
2.783376872539520264e-01 8.127233386039733887e-01
2.783376872539520264e-01 8.127233386039733887e-01
2.783376872539520264e-01 8.127233386039733887e-01
2.783376872539520264e-01 8.127233386039733887e-01
2.783376872539520264e-01 8.127233386039733887e-01
2.783376872539520264e-01 8.127233386039733887e-01
2.783376872539520264e-01 8.127233386039733887e-01
2.783376872539520264e-01 8.127233386039733887e-01
2.783376872539520264e-01 8.127233386039733887e-01
2.783376872539520264e-01 8.127233386039733887e-01
2.783376872539520264e-01 8.127233386039733887e-01
2.783376872539520264e-01 8.127233386039733887e-01
2.783376872539520264e-01 8.127233386039733887e-01
2.783376872539520264e-01 8.127233386039733887e-01
2.783376872539520264e-01 8.127233386039733887e-01
2.783376872539520264e-01 8.127233386039733887e-01
2.783376872539520264e-01 8.127233386039733887e-01
2.783376872539520264e-01 8.127233386039733887e-01
2.783376872539520264e-01 8.127233386039733887e-01
2.783376872539520264e-01 8.127233386039733887e-01
2.783376872539520264e-01 8.127233386039733887e-01
2.783376872539520264e-01 8.127233386039733887e-01
2.783376872539520264e-01 8.127233386039733887e-01
2.783376872539520264e-01 8.127233386039733887e-01
2.783376872539520264e-01 8.127233386039733887e-01
2.783376872539520264e-01 8.127233386039733887e-01
2.783376872539520264e-01 8.127233386039733887e-01
2.783376872539520264e-01 8.127233386039733887e-01
2.783376872539520264e-01 8.127233386039733887e-01
2.783376872539520264e-01 8.127233386039733887e-01
2.783376872539520264e-01 8.127233386039733887e-01
2.783376872539520264e-01 8.127233386039733887e-01
2.783376872539520264e-01 8.127233386039733887e-01
2.783376872539520264e-01 8.127233386039733887e-01
2.783376872539520264e-01 8.127233386039733887e-01
2.783376872539520264e-01 8.127233386039733887e-01
2.783376872539520264e-01 8.127233386039733887e-01
2.783376872539520264e-01 8.127233386039733887e-01
2.783376872539520264e-01 8.127233386039733887e-01
2.783376872539520264e-01 8.127233386039733887e-01
2.783376872539520264e-01 8.127233386039733887e-01
2.783376872539520264e-01 8.127233386039733887e-01
2.783376872539520264e-01 8.127233386039733887e-01
2.783376872539520264e-01 8.127233386039733887e-01
2.783376872539520264e-01 8.127233386039733887e-01
2.783376872539520264e-01 8.127233386039733887e-01
2.783376872539520264e-01 8.127233386039733887e-01
2.783376872539520264e-01 8.127233386039733887e-01
